226650
226651
226652
226653
226654
226655
226656
226657
228723
228724
228725
228726
228727
228728
228729
228730
228731
228732
229250
229251
229252
229253
229254
229255
229256
229258
229259
229260
229261
229262
229263
229264
229265
229266
229267
229268
229269
229270
229271
229272
229273
229274
229275
229276
229277
229278
229279
229280
229281
229283
229284
229285
229286
229287
229288
229289
229290
229291
229292
229293
229294
229295
229296
229297
229298
229299
229300
229301
229302
229303
229304
229305
229306
229307
229308
229309
229310
229311
229312
229313
229314
229315
229316
229317
229318
229319
229320
229321
229322
229323
229324
229325
229326
229327
229328
229329
229330
229331
229332
229333
229334
229335
229336
229337
229338
229339
229340
229341
229342
229343
229344
229345
229346
229347
229348
229349
229350
229351
229352
229353
229354
229357
229358
229359
229360
229361
229362
229363
229364
229365
229366
229539
229540
229542
229598
229599
229604
229605
229606
229607
229608
229609
229612
229613
229614
229615
229616
229617
229618
229619
229620
229621
229622
229623
229624
229625
229626
229627
229628
229629
229630
229631
229632
229633
229634
229635
229636
229637
229638
229639
229640
229641
229642
229643
229644
229645
229646
229647
229648
229649
229650
229651
229652
229653
229667
229670
229672
229673
229674
229675
229676
229680
229681
229682
229683
229684
229685
229686
229687
229688
229689
229691
229692
229693
229694
229695
229696
229697
229698
229699
229700
229701
229702
229703
229716
229717
229718
229719
229720
229721
229722
229723
229724
229725
229726
229727
229728
229729
229730
229731
229732
229733
229734
229735
229994
229995
229996
229998
230002
230003
230004
230005
230006
230007
230008
230009
230010
230011
230012
230013
230014
230015
230016
230017
230018
230019
230020
230021
230022
230023
230024
230025
230026
230027
230028
230029
230030
230031
230032
230033
230034
230035
230036
230037
230038
230039
230040
230041
230042
230043
230044
230045
230046
230047
230048
230049
230050
230051
230052
230053
230054
230055
230056
230057
230058
230059
230060
230061
230062
230063
230064
230065
230066
230067
230068
230069
230070
230071
230072
230073
230074
230075
230076
230077
230078
230079
230080
230081
230082
230083
230096
230097
230098
230099
230100
230101
230102
230103
230104
230105
230106
230107
230108
230109
230110
230111
230112
230113
230114
230115
230116
230117
230118
230119
230120
230121
230122
230123
230124
230125
230126
230127
230128
230129
230130
230131
230132
230133
230134
230135
230136
230137
230138
230139
230140
230141
230142
230143
230144
230145
230146
230147
230148
230149
230321
230322
230335
230339
230340
230341
230342
230343
230344
230345
230346
230348
230349
230350
230351
230352
230353
230354
230359
230360
230361
230362
230363
230364
230365
230366
230367
230368
230369
230370
230371
230372
230373
230374
230375
230376
230377
230378
230379
230380
230381
230382
230383
230384
230385
230386
230387
230388
230389
230390
230391
230392
230393
230394
230395
230396
230397
230398
230399
230400
230401
230402
230403
230404
230405
230406
230407
230409
230410
230415
230416
230417
230419
230425
230426
230427
230488
230489
230490
230491
230492
230498
230499
230500
230501
230502
230503
230504
230505
230506
230507
230508
230509
230510
230511
230512
230513
230515
230523
230524
230526
230527
230528
230529
230534
230535
230807
230808
230809
230810
230811
230812
230813
230814
230815
230816
230817
230818
230819
230820
230821
230822
230823
230824
230825
230826
230827
230829
230830
230831
230832
230833
230834
230835
230836
230837
230838
230839
230840
230841
230842
230843
230844
230845
230846
230847
230848
230849
230850
230851
230852
230853
230854
230855
230856
230867
230868
230869
230870
230874
230875
230876
230894
231024
231025
231026
231027
231028
231029
231030
231031
231032
231033
231034
231035
231036
231037
231038
231039
231040
231041
231045
231046
231047
231048
231049
231050
231051
231052
231053
231054
231055
231057
231066
231067
231068
231069
231070
231071
231072
231073
231074
231075
231076
231077
231078
231079
231081
231082
231083
231084
231085
231086
231087
231088
231089
231090
231091
231092
231093
231094
231095
231096
231097
231099
231100
231101
231102
231103
231104
231105
231106
231107
231119
231120
231121
231122
231402
231403
231405
231406
231408
231409
231410
231415
231416
231417
231418
231420
231422
231423
231426
231428
231431
231433
231435
231436
231437
231438
231439
231440
231441
231442
231443
231444
231445
231446
231447
231448
231449
231450
231451
231453
231454
231455
231456
231457
231458
231459
231460
231461
231462
231463
231464
231465
231466
231467
231468
231469
231470
231471
231472
231473
231488
231489
231490
231491
231493
231494
231495
231496
231497
231498
231499
231500
231501
231502
231504
231505
231506
231507
231508
231509
231510
231511
231512
231513
231514
231515
231516
231518
231519
231520
231521
231522
231523
231524
231525
231526
231527
231528
231529
231530
231531
231532
231533
231534
231535
231536
231537
231538
231539
231540
231541
231542
231543
231544
231565
231566
231567
231568
231569
231570
231571
231572
231573
231574
231575
231576
231577
231578
231579
231836
231846
231847
231861
231862
231863
231864
231865
231866
231867
231868
231870
231873
231874
231875
231878
231879
231880
231885
231887
231889
231890
231891
231892
231893
231895
231896
231897
231898
231899
231900
231901
231902
231903
231904
231905
231906
231907
231908
231909
231910
231913
231914
231915
231916
231917
231918
231919
231920
231921
231922
231923
231926
231929
231930
231931
231932
231933
231934
231935
231936
231937
231938
231939
231940
231941
231942
231943
231944
231945
231946
231947
231948
231949
231951
231952
231953
231954
231955
231956
231957
231958
231959
231960
231961
231962
231963
231964
231978
231979
231982
231983
231989
232004
232008
232009
232010
232011
232021
232022
232023
232024
232031
232032
232189
232191
232192
232195
232196
232197
232198
232215
232239
232241
232244
232247
232248
232250
232252
232254
232256
232258
232261
232265
232267
232269
232271
232273
232274
232275
232290
232291
232292
232294
232295
232296
232297
232298
232299
232300
232301
232302
232303
232304
232305
232306
232307
232308
232309
232310
232311
232312
232315
232317
232318
232319
232320
232321
232322
232323
232324
232325
232326
232327
232328
232329
232330
232331
232332
232333
232334
232335
232336
232337
232338
232339
232340
232341
232342
232343
232344
232345
232346
232347
232349
232352
232367
232368
232369
232370
232371
232372
232373
232374
232375
232376
232377
232378
232379
232380
232381
232382
232383
232384
232385
232386
232387
232388
232389
232390
232391
232392
232393
232394
232395
232396
232397
232398
232399
232400
232401
232402
232403
232404
232405
232406
232407
232408
232409
232410
232411
232413
232414
232415
232416
232417
232418
232419
232420
232421
232422
232423
232424
232425
232426
232427
232428
232429
232430
232431
232432
232433
232434
232435
232436
232437
232438
232439
232440
232441
232442
232443
232444
232445
232446
232447
232448
232449
232450
232451
232677
232678
232679
232680
232681
232682
232683
232684
232685
232707
232708
232709
232710
232711
232712
232713
232714
232715
232716
232717
232718
232719
232720
232722
232723
232731
232735
232737
232740
232741
232742
232743
232744
232745
232746
232747
232748
232749
232750
232751
232752
232753
232754
232755
232756
232757
232758
232759
232760
232761
232762
232763
232765
232766
232767
232768
232769
232770
232771
232772
232773
232774
232775
232776
232777
232778
232779
232780
232781
232782
232783
232784
232785
232786
232787
232788
232789
232790
232791
232792
232793
232794
232795
232796
232797
232798
232800
232801
232802
232803
232804
232805
232806
232807
232808
232809
232810
232811
232812
232813
232814
232815
232816
232817
232818
232819
232820
232821
232822
232823
232824
232825
232826
232827
232828
232829
232830
232831
232832
232833
232834
232835
232836
232837
232838
232839
232840
232841
232842
232843
232844
232845
232846
232847
232848
232849
233133
233141
233142
233199
233200
233201
233202
233203
233204
233205
233206
233207
233208
233215
233216
233217
233218
233219
233220
233221
233222
233223
233224
233389
233390
233391
233392
233393
233394
233395
233396
233397
233398
233399
233400
233401
233402
233403
233404
233405
233406
233407
233408
233409
233410
233411
233412
233413
233414
233415
233416
233417
233418
233419
233420
233421
233422
233423
233424
233425
233426
233427
233428
233429
233430
233431
233432
233433
233434
233435
233436
233437
233438
233439
233440
233441
233442
233443
233444
233445
233446
233447
233448
233449
233450
233451
233452
233453
233454
233455
233456
233457
233458
233459
233460
233461
233462
233463
233464
233465
233466
233467
233468
233469
233470
233471
233472
233473
233474
233475
233476
233477
233478
233479
233480
233481
233482
233483
233484
233485
233486
233487
233488
233489
233490
233491
233492
233493
233494
233495
233496
233497
233498
233499
233500
233501
233502
233503
233504
233505
233506
233507
233508
233509
233510
233511
233512
233513
233514
233515
233516
233517
233518
233519
233520
233521
233522
233523
233524
233525
233526
233528
233529
233530
233531
233532
233533
233534
233535
233536
233537
233538
233539
233540
233541
233542
233543
233544
233545
233546
233547
233548
233549
233550
233551
233552
233553
233554
233555
233556
233557
233558
233559
233560
233561
233562
233563
233564
233565
233566
233567
233568
233569
233570
233571
233584
233585
233586
233587
233588
233589
233590
233591
233592
233593
233594
233595
233596
233597
233598
233599
233600
233601
233602
233603
233604
233605
233606
233607
233608
233609
233610
233611
233612
233613
233614
233615
233616
233617
233618
233619
233620
233621
233622
233623
233624
233625
233626
233627
233628
233629
233630
233631
233632
233633
233634
233635
233636
233637
233638
233639
233640
233641
233642
234457
237625
237626
237627
237628
237629
237630
237631
237632
237633
237634
237635
237636
237637
237638
237639
237640
237641
237642
237643
237644
237645
237646
237648
237649
237650
237651
237652
237653
237654
237655
237656
237657
237658
237659
237660
237661
237662
237663
237665
237672
237673
237674
237675
237676
237677
237678
237679
237680
237681
237682
237683
237684
237685
237686
237687
237688
237689
237690
237691
237692
237693
237694
237695
237696
237697
237698
237699
237700
237701
237702
237703
237704
237705
237706
237707
237708
237709
237710
237711
237712
237713
237714
237715
237716
237717
237718
237719
237720
237721
237722
237723
237724
237725
237726
237727
237728
237729
237730
237731
237732
237733
237734
237735
237736
237737
237738
237739
237740
237741
237742
237743
237744
237745
237746
237747
237748
237749
237795
237796
237797
237798
237799
237800
237801
237802
237803
237936
237937
237938
237939
237940
237941
237942
237943
237944
237945
237946
237947
237948
237949
237950
237951
237952
237953
237954
237955
237956
237957
237958
237959
237960
237961
237962
237963
237964
237965
237966
237967
237968
237969
237970
237971
237972
237973
237974
237975
237976
237977
237978
237979
237980
237981
237982
237983
237984
237985
237986
237990
237991
237992
237993
237994
237995
237996
237997
237999
238000
238001
238002
238003
238004
238005
238006
238007
238008
238009
238010
238011
238012
238013
238014
238015
238016
238017
238018
238019
238020
238021
238022
238023
238024
238026
238113
238114
238115
238116
238117
238122
238135
238136
238137
238138
238139
238140
238141
238142
238143
238145
238163
238878
238879
238884
238887
238889
238891
238892
238893
238894
238895
238896
238897
238898
238899
238912
238914
238915
238916
238917
238918
238919
238920
238921
238922
238923
238924
238925
238926
238927
238928
238931
238932
238933
238934
238935
238936
238937
238938
238939
238940
238941
238942
238943
238944
238945
238946
238947
238948
238949
238950
238951
238952
238953
238954
238955
238956
238957
238958
238959
238960
238961
238962
238963
238964
238965
238982
238995
238996
238997
238998
238999
239000
239001
239002
239015
239016
239190
239192
239193
239194
239195
239196
239197
239198
239199
239200
239201
239202
239203
239204
239205
239206
239207
239208
239209
239210
239211
239212
239213
239214
239215
239216
239217
239218
239219
239220
239221
239222
239223
239224
239225
239226
239227
239228
239229
239230
239231
239232
239233
239234
239235
239236
239237
239238
239239
239240
239241
239242
239243
239244
239245
239246
239247
239248
239249
239250
239251
239252
239253
239254
239255
239256
239257
239258
239259
239260
239261
239262
239263
239264
239265
239266
239267
239268
239269
239270
239271
239272
239273
239274
239275
239276
239277
239278
239279
239280
239281
239282
239283
239284
239285
239286
239287
239288
239289
239290
239291
239292
239293
239294
239295
239296
239297
239298
239299
239300
239301
239302
239303
239304
239305
239306
239307
239308
239309
239310
239311
239312
239313
239314
239315
239316
239317
239318
239319
239320
239321
239322
239323
239324
239325
239326
239327
239328
239329
239332
239333
239334
239335
239337
239338
239339
239340
239341
239342
239343
239344
239345
239346
239347
239348
239349
239350
239351
239352
239353
239354
239355
239356
239363
239364
239379
239380
239381
239382
239383
239384
239385
239386
239387
239388
239389
239390
239391
239392
239393
239394
239395
239396
239397
239398
239399
239400
239401
239402
239403
239415
239416
239417
239419
239420
239421
239424
239426
239427
239551
239552
239553
239554
239555
239556
239557
239558
239559
239560
239561
239562
239563
239564
239565
239566
239567
239568
239569
239570
239571
239572
239573
239574
239575
239576
239577
239578
239579
239580
239581
239582
239583
239584
239585
239586
239587
239588
239589
239590
239591
239592
239593
239594
239595
239596
239597
239598
239599
239600
239601
239602
239603
239604
239605
239606
239607
239608
239609
239610
239611
239612
239613
239614
239615
239616
239617
239618
239619
239620
239621
239622
239623
239624
239625
239626
239627
239628
239629
239630
239631
239632
239633
239634
239635
239636
239637
239638
239639
239640
239641
239642
239643
239644
239645
239646
239647
239648
239649
239650
239651
239652
239653
239654
239655
239656
239657
239658
239659
239660
239661
239662
239663
239664
239665
239666
239667
239668
239669
239670
239671
239672
239675
239676
239677
239678
239679
239680
239681
239682
239683
239684
239685
239686
239687
239688
239689
239690
239691
239692
239693
239694
239695
239696
239697
239698
239699
239700
239701
239702
239703
239704
239705
239706
239707
239708
239709
239710
239711
239712
239713
239714
239715
239720
239722
239723
239724
240485
240490
240491
240494
240497
240499
240501
240543
240544
240545
240550
240551
240552
240553
240554
240555
240556
240557
240558
240559
240560
240561
240562
240563
240564
240565
240566
240567
240568
240569
240570
240571
240572
240573
240574
240575
240588
240589
240590
240591
240592
240593
240594
240595
240596
240597
240598
240599
240600
240601
240602
240604
240605
240606
240607
240608
240648
240650
240651
240652
240653
240654
240655
240656
240657
240658
240659
240660
240661
240662
240663
240664
240665
240666
240667
240668
240669
240670
240671
240672
240673
240674
240675
240676
240677
240678
240679
240680
240681
240682
240683
240684
240685
240686
240687
240689
240690
240691
240692
240693
240694
240695
240696
240697
240698
240699
240700
240701
240702
240703
240704
240705
240706
240707
240708
240709
240710
240711
240712
240713
240714
240715
240716
240717
240718
240719
240720
240721
240722
240723
240724
240725
240726
240727
240728
240753
240754
240755
240756
240757
240758
240759
240760
240769
240770
240771
240772
240773
240774
240775
240776
240777
240778
240779
240780
240781
240782
240783
240784
240785
240786
240787
240788
240789
240790
240791
240792
240793
240794
240796
240797
240798
240799
240800
240801
240802
240803
240804
240805
240806
240807
240808
240809
240810
240811
240812
240813
240814
240815
240816
240817
240818
240819
240820
240821
240822
240823
240824
240825
240827
240828
240829
240830
240831
240832
240833
240834
240991
240992
240993
240994
240995
240996
240997
240998
240999
241000
241001
241002
241003
241004
241005
241006
241007
241008
241009
241010
241011
241012
241013
241014
241015
241016
241017
241018
241019
241020
241021
241022
241023
241024
241025
241026
241028
241029
241030
241033
241034
241035
241036
241037
241038
241039
241040
241041
241042
241043
241044
241045
241046
241047
241048
241049
241050
241051
241052
241053
241054
241055
241056
241057
241058
241059
241060
241061
241062
241063
241064
241065
241066
241067
241068
241069
241070
241071
241072
241073
241074
241075
241076
241077
241078
241079
241080
241081
241082
241083
241084
241085
241086
241087
241088
241089
241090
241091
241092
241093
241094
241095
241096
241097
241098
241099
241101
241102
241105
241106
241107
241108
241109
241110
241111
241112
241113
241114
241115
241116
241117
241118
241119
241120
241121
241122
241123
241124
241125
241126
241127
241128
241129
241130
241131
241132
241133
241134
241135
241136
241137
241138
241139
241140
241141
241142
241143
241144
241146
241147
241150
241151
241152
241153
241154
241155
241156
241157
241158
241159
241160
241161
241162
241163
241164
241165
241166
241167
241168
241169
241170
241171
241172
241173
241174
241175
241176
241177
241178
241179
241180
241181
241182
241183
241184
241185
241186
241187
241188
241189
241190
241191
241192
241193
241194
241195
241196
241197
241198
241199
241200
241201
241202
241203
241204
241205
241206
241207
241208
241209
241210
241211
241212
241213
241214
241215
241216
241217
241218
241219
241220
241221
241222
241223
241224
241225
241226
241227
241228
241229
241230
241231
241232
241233
241234
241235
241236
241237
241238
241239
241240
241241
241242
241243
241244
241245
242394
242395
242396
242397
242398
242399
242400
242401
242402
242403
242404
242405
242406
242407
242408
242409
242410
242411
242412
242413
242414
242415
242416
242417
242418
242419
242420
242421
242422
242423
242424
242425
242426
242427
242428
242429
242430
242431
242432
242433
242434
242435
242436
242437
242438
242439
242440
242441
242442
242443
242444
242445
242659
242660
242661
242662
242663
242664
242665
242666
242667
242668
242669
242670
242671
242672
242673
242674
242675
242676
242677
242678
242679
242680
242681
242682
242683
242684
242685
242686
242687
242688
242689
242690
242691
242692
242693
242694
242695
242696
242697
242698
242699
242700
242701
242702
242703
242704
242705
242706
242707
242708
242709
242710
242711
242712
242713
242714
242715
242716
242717
242718
242719
242720
242721
242722
242723
242724
242725
242726
242727
242728
242729
242730
242731
242732
242733
242734
242735
242736
242737
242738
242739
242740
242741
242742
242743
242744
242745
242766
242767
242768
242769
242770
242771
242772
242773
242774
242775
242776
242777
242778
242779
242780
242781
242782
242783
242784
242785
242786
242787
242788
242789
242790
242791
242792
242793
242794
242795
242796
242797
242798
242799
242800
242801
242802
242803
242804
242805
242806
242807
242808
242809
242810
242811
242812
242813
242814
242815
242816
242817
242818
242819
242820
242821
242822
242823
242824
242825
242826
242827
242828
242829
242830
242831
242832
242833
242834
242835
242836
242837
242838
242839
242840
242841
242842
242843
242844
242845
242846
242847
242848
242849
242850
242851
242852
242853
242854
242855
242856
242857
242858
242859
242860
242861
242862
242863
242864
242865
242866
242867
242868
242869
242870
242871
242872
242873
242874
242875
242876
242877
242878
242879
242880
242881
243028
243029
243030
243031
243032
243033
243034
243035
243036
243037
243038
243039
243040
243041
243042
243043
243044
243045
243046
243047
243048
243049
243050
243051
243052
243053
243054
243055
243056
243057
243058
243061
243062
243063
243064
243065
243066
243067
243068
243069
243070
243071
243072
243073
243074
243075
243076
243077
243078
243079
243080
243081
243082
243083
243084
243085
243086
243087
243088
243089
243090
243091
243092
243093
243094
243095
243096
243097
243098
243099
243100
243101
243102
243104
243105
243106
243107
243108
243109
243110
243111
243112
243113
243114
243115
243116
243117
243118
243119
243120
243121
243122
243123
243124
243125
243126
243127
243128
243129
243130
243131
243132
243133
243134
243135
243136
243137
243138
243139
243140
243141
243142
243143
243144
243145
243146
243147
243148
243149
243150
243151
243154
243155
243156
243157
243158
243159
243160
243161
243162
243163
243164
243165
243166
243167
243168
243169
243170
243171
243172
243173
243174
243175
243176
243177
243178
243179
243180
243181
243182
243183
243184
243185
243186
243187
243188
243189
243190
243191
243192
243193
243194
243195
243196
243197
243198
243199
243200
243201
243202
243203
243205
243206
243207
243208
243209
243210
243211
243212
243213
243214
243215
243216
243217
243218
243219
243220
243221
243222
243223
243224
243225
243226
243227
243228
243229
243230
243231
243232
243233
243234
243235
243236
243237
243238
243239
243240
243241
243242
243243
243244
243245
243246
243248
243250
243257
243258
243259
243260
243261
243262
243263
243264
243265
243266
243267
243268
243269
243270
243271
243272
243273
243274
243275
243276
243277
243278
243279
243282
243283
243284
243285
243450
243451
243452
243453
243454
243455
243456
243457
243458
243459
243460
243461
243462
243463
243464
243465
243466
243467
243468
243469
243470
243471
243472
243473
243474
243475
243476
243477
243478
243479
243480
243481
243482
243483
243484
243485
243486
243487
243488
243489
243490
243491
243492
243493
243494
243495
243496
243497
243498
243499
243500
243501
243502
243503
243504
243505
243506
243508
243509
243510
243511
243512
243513
243514
243515
243516
243517
243518
243519
243520
243521
243522
243523
243524
243525
243526
243527
243528
243529
243530
243531
243532
243533
243534
243535
243536
243537
243538
243539
243540
243541
243542
243543
243544
243545
243546
243547
243548
243549
243550
243551
243552
243553
243554
243555
243556
243557
243558
243559
243560
243561
243562
243563
243564
243568
243569
243570
243571
243572
243573
243574
243575
243576
243577
243578
243579
243580
243581
243582
243583
243584
243585
243586
243587
243588
243589
243590
243591
243592
243593
243594
243595
243596
243601
243602
243603
243604
243605
243606
243607
243608
243609
243610
243611
243612
243613
243614
243615
243616
243617
243618
243619
243620
243621
243622
243623
243624
243625
243626
243627
243628
243629
243630
243631
243632
243633
243634
243635
243636
243637
243638
243639
243640
243641
243642
243643
243644
243645
243646
243649
243650
243651
243652
243654
243655
243656
243657
243658
243659
243660
243661
243662
243663
243664
243665
243666
243667
243668
243669
243670
243673
243674
243675
243676
243677
243679
243680
243681
243682
243683
243684
243685
243686
243687
243688
243689
243690
243691
243863
243864
243865
243866
243867
243868
243869
243870
243871
243872
243873
243875
243876
243877
243878
243879
243880
243881
243882
243883
243884
243885
243886
243887
243888
243889
243890
243891
243892
243893
243894
243895
243896
243897
243898
243899
243900
243901
243902
243903
243983
243984
243985
243986
243987
243988
243989
243990
243991
243992
243993
243994
243995
243996
243997
243998
243999
244000
244243
244244
244256
244257
244266
244268
244270
244271
244272
244273
244274
244275
244276
244277
244278
244279
244280
244282
244283
244286
244287
244288
244289
244290
244291
244292
244293
244294
244295
244296
244297
244298
244299
244300
244301
244302
244303
244304
244318
244319
244320
244321
244322
244323
244324
244326
244327
244328
244333
244334
244336
244337
244338
244347
244348
244349
244350
244354
244357
244358
244359
244360
244361
244363
244364
244366
244367
244369
244370
244371
244372
244373
244374
244375
244376
244377
244378
244379
244380
244385
244388
244389
244390
244391
244392
244393
246806
246807
246808
246814
246817
246829
246862
246875
246880
246881
246883
246884
246885
246886
246887
246888
246889
246891
246893
246894
246904
246905
246906
246907
246908
246909
246910
246960
247130
247134
247135
247136
247137
247138
247139
247140
247141
247142
247143
247144
247145
247146
247147
247148
247149
247150
247151
247152
247153
247154
247155
247156
247157
247158
247160
247161
247162
247163
247164
247165
247172
247173
247178
247179
247180
247181
247182
247183
247184
247185
247187
247188
247189
247190
247191
247193
247195
247199
247201
247208
247218
247219
247220
247221
247222
247223
247224
247225
247226
247227
247228
247229
247230
247231
247232
247233
247234
247235
247236
247237
247238
247239
247240
247241
247242
247243
247245
247246
247247
247248
247249
247250
247251
247252
247281
247282
247283
247284
247285
247286
247287
247288
247290
247292
247293
247294
247307
247463
247464
247465
247466
247467
247468
247469
247470
247471
247472
247473
247474
247475
247476
247477
247478
247479
247480
247481
247482
247483
247484
247485
247486
247487
247488
247489
247490
247491
247492
247493
247494
247495
247496
247497
247498
247499
247500
247501
247502
247503
247504
247505
247506
247507
247508
247509
247510
247511
247512
247513
247514
247515
247516
247517
247518
247519
247520
247522
247523
247524
247525
247526
247527
247528
247530
247531
247532
247533
247534
247537
247538
247539
247540
247541
247542
247543
247544
247545
247546
247547
247548
247549
247550
247551
247552
247553
247554
247555
247556
247558
247559
247560
247561
247562
247563
247564
247565
247566
247567
247568
247569
247570
247571
247572
247573
247574
247575
247576
247577
247578
247579
247580
247581
247582
247583
247584
247585
247586
247587
247588
247589
247591
247592
247593
247594
247595
247596
247597
247598
247599
247600
247601
247602
247603
247604
247605
247606
247607
247608
247609
247610
247611
247612
247613
247614
247615
247616
247617
247618
247619
247620
247621
247622
247623
247624
247625
247626
247627
247628
247629
247630
247631
247632
247633
247634
247635
247636
247637
247638
247639
247640
247641
247642
247643
247644
247645
247647
247648
247649
247650
247902
247903
247904
247905
247906
247907
247908
247909
247910
247911
247914
247915
247916
247918
247921
247922
247923
247924
247925
247926
247927
247928
247929
247930
247931
247932
247958
247959
247960
247961
247962
247964
247965
247966
247967
247968
247969
247970
247971
247972
247973
247974
247975
247976
247978
247991
247998
248007
248008
248009
248010
248011
248014
248020
248021
248022
248023
248024
248025
248026
248045
248047
248049
248073
248076
248079
248256
248257
248258
248259
248260
248261
248262
248263
248264
248265
248266
248267
248268
248269
248270
248271
248272
248273
248274
248275
248276
248277
248278
248279
248280
248281
248282
248283
248284
248285
248286
248287
248686
248712
248715
248716
248717
248721
248725
251077
251078
251079
251080
251081
251138
251167
251168
251169
251170
251171
251172
251173
251174
251175
251176
251177
251178
251179
251180
251181
251182
251183
251184
251185
251186
251187
251188
251189
251190
251191
251193
251194
251339
251340
251341
251342
251343
251344
251345
251346
251347
251348
251349
251350
251351
251352
251353
251354
251355
251360
251361
251362
251363
251364
251365
251366
251367
251373
251374
251375
251376
251377
251378
251379
251380
251381
251382
251383
251384
251385
251386
251387
251388
251389
251390
251391
251392
251393
251394
251395
251396
251397
251398
251399
251400
251401
251402
251403
251404
251405
251406
251407
251408
251409
251410
251411
251412
251413
251414
251415
251416
251417
251418
251419
251420
251421
251422
251424
251425
251426
251427
251428
251429
251430
251431
251432
251433
251434
251435
251436
251437
251438
251439
251440
251441
251442
251443
251444
251445
251446
251447
251448
251449
251450
251451
251452
251453
251454
251455
251456
251457
251458
251459
251460
251461
251462
251463
251464
251465
251466
251467
251468
251469
251470
251471
251472
251473
251474
251475
251476
251477
251478
251479
251480
251481
251482
251483
251484
251485
251486
251487
251488
251489
251490
251491
251492
251493
251494
251495
251496
251497
251498
251499
251500
251501
251502
251503
251504
251505
251506
251507
251508
251509
251510
251511
251512
251513
251514
251515
251516
251517
251518
251519
251520
251521
251522
251523
251524
251525
251526
251527
251528
251529
251530
251531
251532
251533
251534
251535
251536
251537
251538
251539
251540
251541
251542
251543
251544
251545
251546
251547
251548
251549
251552
251698
251699
251700
251701
251703
251704
251705
251706
251707
251708
251709
251710
251711
251712
251713
251715
251723
251724
251725
251726
251727
251728
251729
251730
251731
251732
251733
251734
251735
251736
251737
251738
251739
251740
251741
251742
251743
251744
251745
251746
251747
251748
251749
251750
251751
251752
251753
251754
251755
251756
251757
251758
251759
251760
251761
251762
251763
251764
251765
251766
251767
251768
251769
251770
251771
251772
251773
251774
251775
251776
251777
251778
251779
251780
251781
251782
251783
251784
251785
251786
251787
251788
251789
251790
251791
251792
251793
251794
251795
251796
251797
251798
251799
251800
251801
251802
251803
251804
251805
251806
251807
251808
251809
251810
251811
251812
251813
251814
251815
251816
251817
251818
251819
251820
251821
251822
251823
251824
251825
251826
251827
251828
251829
251830
251831
251832
251833
251834
251835
251836
251837
251838
251839
251840
251841
251842
251843
251844
251845
251846
251847
251848
251849
251850
251851
251852
251853
251854
251855
251856
251858
251859
251860
251862
251863
251864
251865
251866
251867
251868
251869
251870
251871
251872
251873
251874
251875
251876
251877
251878
251879
251880
251882
251883
251884
251885
251886
251887
251888
251889
251890
251891
251892
251893
251894
251895
251896
251897
251898
251899
251900
251901
251902
251903
251904
251905
251906
251907
251908
251909
251910
251911
251912
251913
251914
251915
251916
251917
251918
251919
251920
251921
251922
251923
251924
251925
251926
251927
251928
251929
251930
251931
251932
252165
252187
252189
252203
252204
252205
252206
252207
252209
252210
252212
252213
252214
252216
252221
252222
252224
252225
252226
252227
252228
252229
252230
252231
252232
252249
252251
252252
252253
252254
252255
252256
252257
252258
252259
252260
252261
252262
252263
252264
252265
252266
252267
252268
252269
252270
252271
252272
252273
252274
252275
252279
252280
252281
252282
252283
252284
252285
252286
252287
252289
252295
252296
252297
252298
252299
252300
252301
252302
252303
252304
252305
252306
252307
252308
252309
252310
252311
252312
252313
252314
252315
252316
252317
252318
252319
252320
252321
252322
252323
252324
252325
252326
252327
252328
252329
252330
252331
252332
252333
252334
252335
252336
252337
252338
252339
252340
252341
252342
252343
252344
252345
252346
252347
252348
252349
252351
252352
252353
252354
252355
252356
252359
252360
252361
252363
252364
252905
252915
252920
252921
252923
252924
252925
252926
252927
252928
252929
252930
252931
252932
252933
252934
252935
252936
252937
252938
252939
252940
252941
252943
252944
253086
253087
253088
253089
253090
253091
253092
253093
253094
253095
253096
253097
253098
253099
253100
253101
253102
253103
253104
253105
253106
253107
253108
253109
253110
253111
253112
253113
253114
253115
253116
253117
253118
253119
253120
253121
253122
253123
253124
253125
253126
253127
253128
253129
253130
253131
253132
253133
253134
253135
253136
253137
253138
253139
253140
253141
253142
253143
253144
253145
253146
253147
253148
253149
253150
253151
253152
253153
253154
253155
253156
253157
253158
253159
253172
253173
253174
253175
253176
253177
253178
253179
253180
253181
253182
253183
253184
253185
253186
253187
253194
253195
253196
253197
253198
253199
253200
253204
253205
253206
253207
253208
253209
253210
253212
253214
253385
253386
253394
253395
253399
253400
253401
253408
253409
253410
253412
253419
253420
253421
253422
253423
253424
253425
253426
253427
253430
253431
253432
253433
253434
253435
253436
253437
253438
253440
253441
253443
253444
253445
253446
253449
253452
253453
253454
253455
253456
253457
253458
253459
253460
253461
253462
253463
253464
253465
253466
253467
253468
253469
253470
253471
253476
253477
253479
253482
253484
253485
253487
253488
253489
253490
253491
253492
253493
253494
253495
253497
253498
253499
253500
253501
253502
253503
253504
253505
253507
253508
253510
253511
253512
253514
253515
253516
253517
253518
253519
253520
253521
253522
253523
253524
253525
253526
253527
253528
253529
253530
253531
253532
253533
253534
253535
253536
253537
253538
253539
253540
253541
253542
253543
253544
253545
253546
253547
253548
253549
253550
253551
253552
253553
253554
253555
253556
253557
253558
253559
253560
253561
253700
253701
253702
253709
253710
253711
253712
253713
253714
253715
253720
253721
253722
253723
253724
253725
253726
253727
253729
253730
253732
253733
253734
253735
253736
253737
253738
253740
253741
253742
253743
253744
253745
253746
253747
253748
253750
253751
253752
253753
253756
253759
253760
253761
253762
253763
253764
253765
253767
253768
253769
253770
253772
253773
253776
253777
253778
253779
253780
253781
253782
253783
253784
253785
253786
253787
253788
253789
253790
253791
253792
253793
253794
253795
253796
253797
253798
253799
253800
253801
253802
253803
253804
253805
253806
253807
253808
253809
253810
253811
253812
253813
253814
253815
253816
253817
253818
253819
253820
253821
253822
253824
253825
253828
253830
253831
253833
253834
253835
253836
253837
253838
253840
253842
253843
253844
253846
253847
253849
253851
253853
253855
253856
253858
253860
253865
253867
253870
253871
253875
253879
253880
253882
253883
253884
253885
253887
253888
253890
253891
253892
253893
253894
253895
253896
253897
253898
253899
253901
253902
253903
253904
253906
253907
253908
253909
253910
253911
253912
253913
253914
253915
253916
253917
253918
253919
253920
253921
253922
254139
254140
254141
254142
254143
254144
254145
254146
254147
254148
254149
254150
254151
254152
254153
254154
254155
254156
254157
254158
254159
254160
254161
254162
254163
254164
254165
254166
254167
254168
254169
254170
254171
254172
254173
254174
254175
254176
254177
254178
254179
254180
254181
254182
254183
254184
254185
254187
254189
254191
254193
254195
254197
254199
254201
254205
254206
254208
254210
254212
254214
254216
254218
254220
254222
254224
254231
254232
254233
254235
254242
254243
254245
254246
254264
254265
254267
254269
254270
254272
254286
254287
254288
254294
254296
254297
254299
254300
254301
254302
254303
254304
255454
255457
255458
256212
256213
256214
256215
256216
256217
256218
256219
256220
256221
256222
256226
256227
256233
256234
256237
256238
256239
256240
256241
256242
256243
256244
256250
256251
256252
256253
256256
256267
256278
256280
256281
256283
256285
256286
256287
256288
256289
256290
256291
256292
256295
256296
256297
256298
256300
256301
256302
256303
256304
256316
256320
256321
256322
256323
256324
256325
256326
256327
256330
256338
256339
256342
256566
256567
256568
256569
256570
256571
256572
256573
256574
256575
256576
256577
256578
256579
256580
256581
256582
256583
256584
256585
256586
256587
256588
256589
256590
256591
256592
256593
256594
256595
256596
256597
256605
256606
256609
256610
256612
256614
256616
256618
256621
256622
256623
256624
256626
256628
256629
256630
256631
256635
256636
256637
256639
256641
256646
256655
256657
256663
256665
256667
256669
256671
256672
256674
256675
256677
256679
256680
256681
256687
256689
256692
256693
256695
256696
256697
256698
256700
256702
256703
256704
256705
256706
256707
256709
256710
256711
256712
256713
256715
256717
256719
256720
256721
256722
256723
256724
256725
256726
256727
256728
256729
256730
256731
256732
256733
256734
256735
256736
256737
256738
256739
256740
256741
256742
256743
256744
256745
256746
256747
256748
256749
256750
256751
256752
256753
256754
256755
256756
256757
256758
256759
256760
256761
256762
256763
256764
256765
256766
256767
256768
256769
256770
256771
256772
256773
256774
256775
256776
256777
256778
256779
256780
256781
256782
256783
256784
256785
256786
256788
257210
257211
257212
257213
257214
257215
257216
257217
257218
257219
257220
257221
257222
257223
257224
257225
257226
257227
257228
257229
257230
257231
257232
257233
257234
257235
257236
257237
257238
257239
257240
257241
257242
257243
257244
257245
257246
257247
257248
257249
257250
257251
257252
257253
257254
257255
257256
257257
257258
257259
257261
257263
257265
257266
257268
257269
257272
257273
257275
257276
257277
257278
257279
257281
257282
257283
257285
257286
257288
257289
257290
257293
257294
257295
257296
257298
257438
257439
257440
257441
257442
257443
257444
257445
257446
257447
257448
257449
257450
257451
257452
257453
257454
257455
257458
257459
257460
257461
257462
257463
257464
257465
257466
257467
257468
257469
257470
257471
257472
257473
257474
257475
257476
257477
257478
257479
257480
257481
257482
257483
257484
257485
257486
257487
257488
257489
257490
257491
257492
257493
257494
257495
257496
257497
257498
257499
257500
257501
257502
257503
257504
257505
257506
257508
257509
257511
257512
257513
257514
257515
257516
257517
257518
257519
257521
257524
257526
257527
257528
257530
257531
257533
257534
257535
257536
257537
257538
257540
257541
257542
257544
257545
257546
257547
257548
257549
257550
257551
257553
257554
257555
257557
257558
257559
257561
257562
257563
257565
257567
257568
257570
257571
257573
257574
257576
257577
257579
257580
257581
257583
257584
257585
257587
257588
257590
257591
257592
257593
257594
257595
257598
257599
257600
257602
257603
257604
257605
257606
257608
257609
257610
257611
257612
257613
257614
257615
257616
257617
257618
257619
257620
257621
257622
257623
257624
257625
257626
257627
257628
257629
257630
257631
257632
257633
257634
257635
257636
257637
257638
257639
257640
257641
257642
257643
257644
257645
257646
257647
257649
257650
257651
257652
257653
257654
257655
257656
258524
258525
258526
258527
258530
258533
258534
258535
258537
258538
258540
258544
258547
258548
258549
258550
258551
258552
258553
258554
258555
258557
258864
258865
258866
258867
258868
258869
258870
258871
258872
258873
258874
258875
258876
258877
258878
258879
258880
258881
258882
258883
258884
258885
258886
258887
258888
258889
258890
258891
258892
258893
258894
258895
258896
258897
258898
258899
258900
258901
258902
258903
258904
258905
258906
258907
258908
258909
258910
258911
258912
258913
258914
258915
258916
258917
258918
258919
258920
258921
258922
258923
258924
258925
258926
258927
258928
258929
258930
258931
258932
258933
258934
258935
258936
258937
258938
258939
258940
258941
258942
258943
258944
258945
258946
258947
258948
258949
258950
258951
258952
258953
258954
258955
258956
258957
258958
258959
258960
258961
258962
258963
258964
258965
258966
258967
258968
258969
258970
258971
258972
258973
258974
258975
258976
258977
258978
258979
258980
258981
258982
258983
258984
258985
259329
259330
259331
259332
259333
259334
259335
259336
259337
259339
259340
259341
259342
259343
259344
259345
259346
259347
259348
259349
259350
259351
259352
259353
259354
259355
259356
259357
259358
259359
259360
259361
259362
259363
259364
259365
259366
259367
259368
259369
259370
259371
259372
259373
259374
259375
259376
259377
259378
259379
259380
259381
259382
259383
259384
259385
259386
259387
259388
259389
259390
259391
259392
259393
259394
259395
259396
259397
259398
259399
259400
259401
259402
259403
259404
259405
259406
259407
259408
259409
259410
259411
259412
259413
259414
259415
259416
259417
259418
259419
259420
259421
259422
259423
259424
259425
259426
259427
259428
259429
259430
259431
259432
259433
259434
259435
259436
259437
259438
259439
259440
259441
259442
259443
259444
259445
259446
259447
259448
259449
259450
259451
259452
259453
259454
259455
259456
259457
259458
259459
259460
259461
259462
259463
259464
259466
259467
259468
259469
259470
259471
259472
259473
259474
259475
259476
259477
259478
259479
259480
259481
259482
259483
259484
259832
259833
259834
259835
259836
259837
259838
259857
259858
259859
259860
259861
259862
259863
259864
259869
259870
259871
259872
259876
259877
259878
259879
259880
259881
259882
259883
259885
259894
259895
259896
259897
259898
259900
259902
259903
259907
259908
259909
259910
259914
259915
259916
259917
259918
259919
259920
259921
259922
259923
259924
259925
259926
259927
259928
259929
259930
259931
259932
259933
259934
259935
259936
259937
259938
259939
259940
259941
259942
259943
259944
259945
259946
259947
259948
259949
259950
259951
259952
259953
259954
259955
259956
259957
259958
259959
259960
259961
259962
259963
259964
259965
259966
259967
259968
259969
259970
259971
259972
259973
259974
259977
259978
259979
259980
259981
259982
259983
259985
259986
260126
260127
260128
260129
260132
260134
260135
260136
260137
260138
260139
260140
260141
260144
260145
260146
260149
260150
260151
260152
260153
260154
260155
260158
260159
260160
260161
260164
260165
260167
260168
260169
260170
260171
260173
260175
260176
260177
260178
260179
260180
260181
260182
260183
260248
260277
260278
260279
260280
260281
260282
260443
260444
260445
260447
260448
260449
260450
260451
260452
260453
260461
260462
260463
260464
260465
260466
260467
260468
260469
260470
260471
260472
260473
260474
260475
260476
260477
260478
260479
260480
260481
260482
260483
260484
260485
260486
260487
260488
260489
260490
260491
260492
260493
260494
260495
260498
260499
260500
260501
260502
260503
260504
260505
260506
260507
260508
260509
260510
260511
260512
260514
260520
260521
260547
260548
260549
260552
260553
260559
260622
260624
260627
260629
260778
260779
260780
260781
260782
260783
260784
260785
260786
260787
260788
260789
260790
260791
260792
260793
260794
260795
260796
260797
260798
260799
260800
260801
260802
260803
260804
260805
260806
260807
260808
260809
260810
260811
260812
260813
260814
260815
260816
260817
260818
260819
260820
260821
260822
260823
260824
260825
260826
260827
260828
260829
260830
260831
260832
260833
260834
260835
260836
260837
260841
260842
260843
260844
260845
260846
260847
260848
260849
260850
260851
260852
260853
260854
260855
260856
260857
260858
260859
260860
260861
260862
260863
260864
260865
260866
260867
260868
260869
260870
260871
260872
260873
260874
260875
260876
260877
260878
260879
260880
260881
260882
260884
260885
260887
260888
260889
260890
260891
260892
260894
260895
260897
260898
260899
260900
260901
260902
260903
260904
260905
260906
260907
260908
260909
260910
260911
260912
260913
260914
260915
260916
260917
260918
260919
260920
260921
260922
260923
260924
260925
260926
260927
260928
260929
260930
260931
260932
260933
260934
260935
260936
260937
260938
260939
260940
260942
260943
260944
260945
260946
260947
260948
260949
260950
260951
260952
260953
260954
260955
260956
260957
260958
260959
260960
260961
260962
260963
260964
260965
260966
260967
260968
260969
260970
260971
260972
260973
260974
260975
260976
260977
260978
260979
260980
260981
260982
260983
260984
260985
260986
260987
261137
261138
261139
261140
261141
261142
261143
261144
261145
261146
261147
261148
261149
261150
261151
261152
261153
261154
261155
261156
261162
261166
261170
261171
261172
261173
261175
261177
261178
261179
261181
261182
261183
261185
261186
261187
261188
261189
261190
261191
261192
261193
261194
261195
261196
261197
261198
261199
261200
261201
261202
261203
261204
261205
261206
261207
261208
261209
261210
261211
261212
261213
261214
261215
261216
261217
261218
261219
261220
261221
261222
261223
261224
261225
261226
261227
261228
261229
261230
261231
261232
261233
261234
261235
261237
261238
261239
261240
261241
261242
261243
261244
261246
261247
261248
261249
261250
261251
261254
261255
261256
261257
261258
261259
261260
261261
261262
261263
261264
261265
261266
261267
261268
261269
261270
261271
261272
261273
261274
261275
261276
261277
261278
261279
261280
261281
261282
261283
261284
261285
261286
261287
261288
261289
261290
261291
261292
261293
261294
261295
261296
261297
261298
261299
261300
261302
261303
261304
261305
261306
261307
261308
261309
261310
261311
261312
261313
261314
261315
261316
261317
261318
261319
261320
261321
261322
261323
261324
261325
261326
261327
261328
261329
261330
261331
261332
261333
261334
261335
261336
261337
261338
261339
261340
261341
261342
261343
261344
261345
261346
261347
261348
261349
261350
261351
261352
261353
261354
261355
261356
261986
261987
261988
261989
261990
261991
261992
261993
261994
261995
261996
261997
261998
261999
262000
262001
262002
262003
262004
262005
262006
262007
262008
262009
262010
262011
262012
262013
262014
262015
262020
262021
262022
262023
262024
262025
262026
262027
262028
262029
262030
262031
262032
262033
262034
262035
262036
262037
262038
262039
262040
262041
262042
262043
262044
262045
262046
262047
262048
262049
262050
262051
262052
262053
262054
262055
262056
262057
262058
262059
262060
262061
262062
262063
262064
262065
262066
262067
262068
262070
262073
262074
262078
262252
262253
262254
262255
262256
262257
262258
262259
262260
262261
262262
262263
262264
262265
262266
262267
262268
262269
262270
262271
262272
262273
262274
262275
262276
262277
262278
262279
262280
262281
262282
262283
262284
262285
262286
262287
262288
262289
262290
262291
262292
262293
262294
262295
262296
262297
262298
262299
262300
262301
262302
262303
262304
262305
262306
262307
262308
262309
262310
262311
262312
262313
262314
262315
262316
262317
262318
262319
262320
262321
262322
262323
262324
262325
262326
262327
262328
262329
262330
262331
262332
262333
262334
262335
262336
262337
262338
262339
262340
262341
262342
262343
262344
262345
262346
262347
262348
262349
262350
262351
262352
262353
262354
262355
262356
262357
262358
262359
262360
262361
262362
262363
262364
262365
262366
262367
262368
262369
262370
262371
262372
262373
262374
262375
262376
262377
262378
262379
262517
262518
262519
262520
262521
262522
262523
262524
262525
262526
262527
262528
262529
262530
262531
262532
262533
262534
262535
262536
262537
262538
262539
262540
262541
262542
262543
262544
262545
262546
262547
262548
262549
262550
262551
262552
262553
262555
262556
262557
262558
262559
262560
262561
262562
262563
262564
262565
262566
262567
262568
262569
262570
262571
262575
262576
262577
262578
262579
262580
262581
262583
262584
262585
262586
262587
262588
262590
262591
262592
262595
262596
262597
262598
262599
262600
262601
262602
262603
262604
262605
262606
262607
262608
262609
262610
262611
262612
262613
262614
262615
262616
262617
262618
262619
262620
262621
262622
262623
262624
262625
262626
262627
262628
262629
262630
262631
262632
262633
262634
262635
262636
262637
262638
262639
262640
262641
262642
262643
262644
262645
262646
262647
262648
262649
262650
262651
262652
262653
262654
262655
262656
262657
262658
262659
262660
262661
262662
262663
262664
262665
262666
262667
262668
262669
262670
262671
262672
262673
262674
262675
262676
262677
262678
262679
262680
262681
262682
262683
262684
262685
262686
262687
262688
262689
262690
262691
262692
262693
262694
262695
262696
262697
262698
262930
262955
262958
262960
262962
262964
262966
262968
262970
262971
262976
262977
262981
262985
262987
262988
262989
262991
262993
262995
262997
263000
263002
263010
263011
263013
263015
263017
263018
263019
263021
263022
263025
263028
263030
263031
263033
263035
263036
263038
263039
263040
263042
263044
263045
263046
263047
263048
263049
263050
263052
263053
263054
263055
263056
263059
263060
263061
263062
263063
263064
263065
263066
263067
263068
263069
263070
263071
263072
263073
263074
263075
263076
263077
263078
263079
263080
263081
263082
263083
263084
263085
263086
263087
263088
263089
263090
263091
263092
263093
263094
263095
263096
263097
263098
263099
263100
263101
263102
263103
263104
263105
263106
263107
263108
263109
263110
263111
263112
263113
263114
263115
263116
263117
263118
263119
263120
263121
263122
263123
263124
263125
263126
263127
263128
263129
263130
263131
263132
263133
263134
263135
263136
263137
263138
263139
263140
263141
263142
263143
263144
263145
263146
263147
263148
263149
263150
263151
263152
263153
263154
263155
263156
263157
263158
263159
263160
263161
263162
263163
263164
263165
263166
263167
263168
263169
263170
263171
263172
263173
263174
263496
263497
263498
263499
263500
263501
263502
263503
263504
263505
263506
263507
263508
263509
263510
263511
263512
263513
263514
263515
263516
263517
263518
263519
263520
263521
263522
263523
263524
263525
263526
263527
263528
263529
263530
263531
263532
263533
263534
263535
263536
263537
263538
263539
263540
263541
263542
263543
263544
263545
263546
263547
263548
263549
263550
263551
263552
263553
263554
263555
263556
263557
263558
263559
263560
263561
263562
263563
263564
263565
263566
263567
263568
263569
263570
263571
263572
263573
263574
263575
263576
263577
263578
263579
263580
263581
263582
263583
263584
263585
263586
263587
263588
263589
263590
263592
263593
263594
263595
263596
263597
263598
263599
263600
263601
263602
263603
263604
263605
263606
263607
263608
263609
263610
263611
263612
263613
263614
263615
263616
263617
263618
263619
263620
263621
263622
263623
263624
263625
263626
263627
263628
263629
263630
263631
263632
263633
263634
263635
263636
263637
263638
263639
263640
263641
263642
263643
263644
263645
263646
263647
263648
263649
263650
263651
263652
263653
263654
263655
263656
263657
263658
263659
263660
263661
263662
263663
263664
263665
263666
263667
263668
263669
263670
263671
263672
263673
263675
263676
263677
263678
263679
263680
263681
263682
263683
263684
263685
263686
263687
263688
263689
263691
263692
263693
263694
263695
263696
263697
264066
264067
264075
264076
264077
264085
264086
264087
264088
264090
264091
264092
264093
264094
264095
264096
264097
264098
264099
264100
264101
264102
264103
264104
264105
264106
264107
264108
264109
264110
264112
264114
264121
264122
264123
264124
264125
264126
264127
264128
264130
264131
264133
264135
264136
264137
264139
264140
264142
264143
264144
264145
264146
264147
264148
264149
264150
264152
264154
264156
264158
264167
264173
264174
264175
264194
264195
264198
264199
264201
264202
264203
264204
264205
264206
264207
264208
264209
264210
264211
264212
264213
264214
264215
264216
264217
264218
264219
264220
264221
264222
264223
264224
264225
264226
264227
264484
264486
264497
264698
264699
264740
264745
264747
264749
264750
264751
264752
264753
264754
264755
266166
266167
266168
266169
266170
266175
266177
266179
266181
266183
266190
266193
266194
266197
266198
266199
266201
266202
266203
266205
266207
266210
266212
266213
266216
266218
266219
266220
266222
266223
266225
266226
266228
266229
266232
266233
266234
266236
266238
266239
266240
266243
266245
266246
266248
266249
266250
266252
266254
266255
266257
266259
266260
266262
266265
266267
266268
266269
266272
266276
266277
266278
266282
266284
266286
266535
266536
266537
266538
266540
266542
266543
266544
266546
266547
266548
266549
266550
266551
266552
266555
266556
266559
266561
266566
266577
266578
266580
266581
266582
266583
266590
266591
266593
266594
266595
266597
266599
266603
266605
266606
266607
266612
266613
266615
266618
266620
266630
266631
266632
266633
266634
266635
266636
266637
266638
266639
266640
266641
266643
266644
266645
266648
266649
266651
266652
266653
266654
266655
266657
266659
266660
266661
266662
266663
266664
266665
266666
266667
266668
266669
266670
266671
266672
266673
266674
266675
266676
266678
266679
266680
266681
266682
266689
266690
266691
266692
266693
266694
266695
266696
266697
266699
266700
266701
266702
266703
266704
266705
266711
266713
266716
266873
266874
266875
266876
266877
266878
266879
266880
266882
266883
266884
266886
266887
266889
266890
266891
266893
266895
266896
266897
266898
266900
266902
266903
266905
266908
266910
266912
266913
266914
266916
266919
266922
266924
266926
266928
266929
266931
266933
266935
266937
266938
266940
266941
266943
266945
266946
266947
266948
266949
266951
266952
266953
266954
266955
266956
266957
266959
266960
266961
266962
266963
266964
266965
266967
266968
266970
266972
266973
266975
266978
266980
266982
266983
266984
266986
266989
266991
266993
266995
266998
266999
267000
267001
267002
267003
267004
267005
267006
267009
267010
267011
267012
267013
267014
267015
267017
267018
267020
267023
267025
267027
267030
267031
267033
267034
267036
267037
267039
267041
267042
267043
267044
267045
267046
267047
267048
267050
267052
267053
267055
267056
267057
267058
267059
267060
267061
267062
267063
267064
267066
267234
267235
267236
267238
267239
267240
267241
267242
267243
267244
267245
267246
267247
267249
267250
267251
267253
267255
267258
267259
267260
267262
267269
267274
267276
267283
267285
267288
267289
267290
267291
267292
267293
267294
267298
267299
267300
267302
267303
267311
267312
267314
267316
267320
267322
267325
267326
267338
267340
267342
267344
267347
267349
267350
267352
267354
267356
267358
267360
267362
267365
267366
267369
267370
267373
267374
267377
267379
267381
267387
267393
267394
267396
267397
267400
267402
267404
267406
267407
267422
267423
267571
267572
267573
267574
267575
267576
267577
267578
267579
267580
267581
267582
267583
267584
267585
267586
267587
267588
267589
267590
267591
267592
267593
267594
267595
267598
267599
267600
267606
267607
267626
267629
267650
267651
267652
267653
267654
267657
267659
267661
267663
267665
267666
267668
267670
267671
267673
267675
267676
267678
267679
267680
267681
267683
267684
267686
267687
267688
267689
267690
267691
267692
267693
267694
267695
267696
267697
267698
267699
267702
267704
267705
267707
267708
267710
267712
267716
267718
267719
267720
267722
267723
267725
267726
267727
267729
267731
267732
267734
267736
267737
267739
267740
267741
267743
267745
267746
267747
267748
267749
267900
267901
267902
267903
267904
267905
267906
267907
267908
267909
267910
267911
267912
267913
267914
267915
267916
267917
267918
267919
267920
267921
267922
267923
267924
267925
267926
267927
267928
267929
267930
267931
267932
267933
267935
267936
267937
267938
267939
267940
267941
267942
267943
267944
267945
267946
267947
267948
267949
267950
267951
267952
267953
267954
267955
267956
267957
267958
267959
267960
267961
267962
267963
267964
267965
267966
267967
267968
267969
267971
267972
267973
267974
267975
267976
267977
267978
267979
267980
267981
267982
267983
267984
267985
267986
267987
267988
267989
267990
267991
267992
267993
267994
267996
267997
267999
268000
268002
268004
268005
268007
268009
268012
268014
268015
268016
268017
268018
268019
268020
268021
268022
268023
268024
268025
268026
268027
268028
268029
268030
268031
268032
268033
268034
268035
268036
268037
268038
268039
268040
268041
268042
268043
268044
268045
268046
268047
268048
268049
268050
268051
268052
268053
268054
268055
268056
268057
268058
268060
268061
268062
268064
268066
268067
268069
268070
268071
268072
268073
268074
268075
268076
268077
268078
268079
268080
268081
268082
268083
268084
268085
268086
268087
268088
268089
268091
268092
268094
268096
268097
268101
268104
268106
268107
268108
268109
268351
268352
268353
268354
268356
268360
268366
268367
268368
268369
268370
268371
268372
268374
268377
268378
268379
268380
268381
268382
268384
268387
268389
268390
268391
268392
268393
268394
268395
268397
268398
268399
268400
268401
268402
268403
268405
268406
268407
268408
268409
268411
268412
268413
268415
268416
268418
268419
268420
268421
268423
268424
268425
268427
268428
268429
268431
268432
268437
268781
268782
268783
268784
268785
268786
268787
268788
268789
268790
268791
268792
268793
268794
268795
268796
268797
268798
268799
268800
268801
268802
268803
268804
268806
268807
268808
268809
268810
268811
268812
268813
268814
268815
268816
268817
268818
268819
268820
268821
268822
268823
268824
268825
268826
268827
268828
268829
268833
268834
268835
268836
268837
268838
268839
268840
268841
268842
268843
268844
268845
268846
268847
268848
268849
268850
268851
268852
268853
268854
268855
268856
268857
268858
268859
268860
268861
268862
268863
268864
268865
268866
268867
268868
268869
268870
268871
268872
268873
268874
268875
268876
268877
268878
268879
268880
268881
268882
268883
268884
268885
268886
268887
268888
268889
268890
268891
268892
268893
268894
268895
268896
268897
268898
268899
268900
268901
268902
268903
268904
268905
268906
268907
268908
268909
268910
268911
268912
268913
268915
268916
268917
268918
268919
268921
268922
268923
268924
268925
268926
268928
268929
268930
268931
268932
268936
268937
268938
268939
268940
268942
268948
269153
269154
269155
269156
269157
269158
269159
269160
269161
269162
269163
269164
269165
269166
269167
269168
269169
269170
269171
269172
269173
269174
269176
269177
269178
269179
269180
269181
269182
269183
269185
269186
269187
269188
269189
269190
269191
269192
269193
269194
269195
269196
269197
269198
269199
269200
269201
269202
269203
269204
269205
269206
269207
269208
269209
269210
269211
269212
269213
269214
269215
269216
269217
269218
269219
269220
269221
269222
269223
269224
269225
269226
269227
269228
269229
269230
269231
269232
269233
269234
269235
269236
269237
269238
269239
269240
269241
269242
269243
269244
269245
269246
269247
269248
269249
269250
269251
269252
269253
269254
269255
269256
269257
269258
269259
269260
269261
269262
269263
269264
269265
269266
269267
269268
269269
269270
269271
269272
269273
269274
269275
269276
269277
269278
269279
269280
269281
269282
269283
269284
269285
269286
269287
269288
269289
269290
269291
269292
269293
269294
269295
269296
269297
269298
269299
269300
269301
269302
269303
269304
269305
269306
269307
269308
269309
269310
269311
269312
269313
269314
269315
269316
269317
269319
269320
269321
269322
269323
269324
269325
269326
269327
269328
269329
269330
269331
269332
269333
269334
269335
269336
269337
269339
269340
269341
269343
269345
269346
269347
269348
269352
269549
269550
269551
269552
269553
269554
269555
269556
269557
269558
269559
269560
269561
269562
269563
269564
269565
269566
269567
269568
269569
269570
269571
269572
269574
269575
269576
269577
269578
269579
269580
269581
269582
269583
269584
269585
269586
269587
269588
269590
269591
269592
269593
269594
269595
269596
269597
269598
269599
269600
269601
269602
269603
269604
269605
269606
269607
269608
269609
269610
269611
269612
269613
269614
269615
269616
269617
269618
269620
269621
269622
269623
269624
269625
269626
269627
269628
269629
269630
269631
269632
269633
269634
269635
269636
269637
269638
269639
269640
269641
269642
269643
269644
269645
269646
269647
269648
269649
269650
269651
269652
269653
269654
269655
269656
269657
269658
269659
269660
269661
269662
269663
269664
269665
269666
269667
269668
269669
269670
269671
269672
269673
269674
269675
269676
269677
269678
269679
269680
269681
269682
269683
269684
269685
269686
269687
269688
269689
269690
269691
269692
269693
269694
269695
269696
269697
269698
269699
269700
269701
269702
269703
269704
269705
269706
269707
269708
269709
269710
269711
269712
269713
269714
269715
269719
269720
269722
269724
269729
269883
269885
269886
269887
269888
269889
269890
269891
269892
269893
269894
269895
269896
269897
269898
269899
269900
269901
269902
269903
269904
269905
269906
269907
269909
269910
269914
269915
269916
269917
269918
269919
269920
269921
269922
269923
269924
269925
269926
269927
269928
269929
269930
269931
269932
269933
269934
269936
269937
269938
269939
269940
269941
269942
269943
269944
269945
269946
269947
269948
269949
269950
269952
269953
269954
269956
269957
269958
269959
269960
269961
269962
269963
269964
269965
269966
269967
269968
269969
269970
269972
269973
269975
269976
269977
269978
269979
269980
269981
269982
269983
269984
269985
269986
269987
269988
269989
269990
269991
269992
269993
269994
269995
269996
269997
269998
269999
270000
270001
270002
270003
270004
270005
270006
270007
270008
270009
270010
270011
270012
270013
270014
270015
270016
270017
270018
270019
270020
270021
270022
270023
270024
270025
270026
270027
270028
270029
270030
270031
270032
270033
270034
270035
270036
270037
270038
270039
270040
270041
270042
270043
270044
270045
270046
270047
270048
270049
270050
270051
270052
270053
270054
270055
270056
270057
270058
270059
270060
270061
270062
270063
270064
270065
270066
270067
270070
270071
270217
270218
270219
270220
270221
270222
270223
270224
270225
270226
270227
270228
270229
270230
270231
270233
270234
270235
270236
270237
270238
270239
270240
270241
270242
270243
270244
270245
270246
270247
270248
270249
270250
270251
270252
270253
270254
270255
270256
270257
270258
270259
270261
270263
270264
270265
270266
270267
270268
270269
270270
270271
270272
270273
270274
270275
270276
270277
270278
270279
270282
270283
270284
270285
270286
270287
270288
270289
270290
270291
270292
270293
270294
270295
270296
270297
270298
270299
270300
270301
270302
270303
270304
270305
270306
270307
270308
270309
270310
270311
270312
270313
270314
270315
270316
270317
270318
270319
270320
270321
270322
270323
270324
270325
270326
270327
270328
270329
270330
270331
270332
270333
270334
270335
270336
270337
270338
270339
270340
270341
270342
270343
270344
270345
270346
270347
270348
270349
270350
270351
270352
270353
270354
270355
270356
270357
270358
270359
270360
270361
270362
270363
270364
270365
270366
270367
270368
270369
270370
270371
270372
270373
270374
270375
270376
270377
270378
270379
270380
270381
270382
270383
270384
270385
270386
270387
270388
270389
270390
270391
270392
270393
270394
270395
270396
270397
270398
270399
270400
270401
270402
270403
270404
270405
270406
270407
270408
270409
270410
270411
270414
270415
270416
270563
270564
270565
270566
270567
270568
270569
270570
270571
270572
270573
270574
270575
270576
270577
270578
270579
270580
270581
270582
270583
270584
270585
270586
270587
270588
270589
270590
270591
270592
270593
270594
270595
270596
270597
270598
270599
270600
270601
270602
270603
270604
270605
270606
270607
270608
270609
270610
270611
270612
270613
270614
270615
270616
270617
270618
270619
270620
270621
270622
270623
270624
270625
270626
270627
270628
270629
270630
270631
270632
270633
270634
270635
270636
270637
270638
270639
270640
270641
270642
270643
270644
270645
270646
270647
270648
270649
270650
270651
270652
270653
270654
270655
270656
270657
270658
270659
270660
270661
270662
270663
270664
270665
270666
270667
270668
270669
270670
270671
270672
270673
270674
270675
270676
270677
270678
270679
270680
270681
270682
270683
270684
270685
270686
270687
270688
270689
270690
270691
270692
270693
270694
270695
270696
270697
270698
270699
270700
270701
270702
270703
270704
270705
270706
270707
270708
270709
270710
270711
270712
270713
270714
270715
270716
270717
270718
270719
270720
270721
270722
270723
270724
270725
270726
270727
270728
270729
270730
270731
270732
270733
270734
270735
270736
270737
270738
270739
270740
270741
270742
270743
270745
270746
270747
270748
270750
270751
270753
270754
270756
270762
270763
270968
270969
270970
270971
270972
270973
270974
270975
270976
270977
270978
270979
270980
270981
270982
270983
270984
270985
270986
270987
270988
270989
270990
271006
271007
271008
271011
271013
271014
271015
271016
271017
271019
271023
271025
271026
271027
271200
271208
271209
271210
271211
271212
271213
271214
271215
271216
271217
271218
271219
271220
271221
271222
271223
271224
271225
271226
271227
271234
271235
271236
271237
271238
271239
271240
271241
271242
271243
271244
271245
271246
271247
271249
271250
271251
271252
271253
271254
271255
271256
271257
271258
271259
271260
271261
271262
271263
271264
271265
271266
271267
271268
271269
271270
271271
271272
271273
271274
271275
271276
271277
271278
271280
271281
271282
271283
271284
271285
271286
271287
271288
271289
271290
271291
271292
271293
271294
271295
271296
271297
271298
271299
271300
271301
271302
271303
271304
271305
271306
271307
271308
271309
271310
271311
271312
271313
271314
271315
271316
271503
271504
271505
271506
271507
271508
271509
271510
271511
271513
271514
271515
271516
271517
271518
271519
271520
271521
271522
271523
271524
271525
271526
271527
271528
271529
271530
271531
271532
271533
271534
271535
271536
271537
271538
271539
271540
271541
271542
271543
271544
271545
271546
271547
271548
271549
271550
271551
271552
271553
271554
271555
271556
271557
271558
271559
271560
271561
271562
271563
271564
271565
271566
271567
271568
271569
271570
271571
271572
271573
271574
271575
271576
271577
271578
271579
271580
271581
271582
271583
271584
271585
271586
271587
271588
271589
271590
271591
271592
271593
271594
271595
271596
271597
271598
271599
271600
271601
271602
271603
271604
271605
271606
271607
271608
271609
271610
271611
271612
271613
271614
271615
271616
271617
271618
271619
271620
271621
271622
271623
271624
271625
271626
271627
271628
271629
271630
271631
271632
271633
271634
271638
271639
271640
271641
271642
271643
271644
271645
271646
271647
271648
271649
271650
271651
271652
271653
271654
271655
271656
271657
271658
271659
271660
271661
271662
271663
271664
271665
271666
271667
271670
273343
273345
273346
273348
273351
273358
273360
273362
273367
273369
273370
273371
273372
273373
273375
273376
273377
273380
273384
273398
273399
273400
273405
273406
273407
273408
273412
273413
273414
273416
273418
273420
273422
273424
273425
273427
273635
273636
273637
273638
273640
273641
273642
273643
273644
273645
273648
273649
273650
273651
273652
273654
273656
273657
273658
273660
273661
273662
273663
273665
273666
273667
273668
273670
273672
273673
273674
273677
273678
273679
273680
273681
273682
273683
273684
273685
273686
273687
273688
273689
273690
273691
273692
273693
273694
273696
273698
273700
273701
273703
273705
273707
273709
273711
273713
273715
273716
273718
273720
273722
273724
273725
273727
273729
273731
273732
273734
273736
273738
273739
273741
273743
273745
273747
273749
273750
274005
274007
274009
274011
274012
274013
274014
274016
274018
274020
274022
274024
274026
274034
274043
274044
274045
274047
274049
274050
274052
274053
274055
274058
274059
274061
274063
274065
274067
274068
274070
274073
274075
274077
274079
274083
274084
274085
274086
274088
274089
274090
274092
274093
274094
274097
274099
274100
274102
274105
274110
274113
274114
275636
275637
275705
275706
275707
275708
275709
275710
275711
275712
275713
276040
276041
276043
276045
276046
276049
276052
276055
276058
276059
276060
276062
276064
276065
276067
276068
276069
276070
276071
276072
276073
276074
276075
276076
276077
276078
276079
276080
276081
276082
276083
276084
276085
276088
276090
276091
276092
276093
276094
276095
276096
276097
276098
276350
276351
276352
276353
276354
276355
276356
276357
276358
276359
276360
276361
276362
276363
276364
276365
276366
276367
276368
276369
276370
276371
276372
276373
276374
276375
276376
276377
276378
276379
276380
276381
276382
276383
276384
276385
276386
276387
276390
276391
276392
276393
276394
276395
276396
276397
276398
276399
276400
276401
276402
276403
276404
276405
276406
276408
276410
276411
276414
276415
276416
276417
276418
276421
276422
276423
276424
276425
276428
276430
276431
276432
276433
276437
276438
276439
276440
276442
276443
276444
276446
276449
276450
276451
276453
276456
276459
276673
276674
276675
276676
276677
276678
276679
276680
276681
276682
276683
276684
276685
276686
276687
276688
276689
276690
276691
276692
276693
276694
276695
276696
276697
276698
276699
276700
276701
276702
276703
276704
276705
276706
276707
276708
276709
276710
276711
276712
276713
276714
276715
276716
276717
276718
276719
276720
276721
276722
276723
276724
276725
276726
276727
276728
276729
276730
276731
276732
276733
276734
276735
276736
276737
276738
276739
276740
276742
276743
276744
276745
276747
276750
276752
276759
276763
276764
276765
276771
276964
276965
276966
276967
276970
276971
276972
276973
276975
276976
276977
276978
276979
276980
276981
276982
276983
276984
276985
276986
276987
276988
276989
276990
276991
276992
276993
276994
276995
276996
276997
276998
277000
277001
277002
277003
277004
277005
277006
277007
277008
277009
277010
277011
277012
277013
277014
277015
277016
277017
277018
277019
277020
277021
277022
277023
277024
277025
277026
277027
277028
277029
277030
277031
277032
277033
277034
277035
277036
277037
277038
277039
277040
277041
277042
277043
277044
277045
277046
277047
277048
277049
277050
277051
277052
277053
277054
277055
277056
277057
277058
277059
277060
277061
277062
277063
277064
277065
277066
277067
277068
277069
277070
277071
277072
277073
277074
277075
277282
277283
277284
277287
277289
277290
277293
277297
277298
277299
277300
277301
277302
277303
277304
277305
277306
277307
277308
277309
277310
277311
277312
277313
277314
277315
277316
277317
277318
277319
277320
277321
277322
277323
277324
277325
277326
277327
277328
277329
277330
277331
277332
277333
277340
277341
277342
277343
277344
277345
277346
277347
277348
277349
277350
277351
277352
277353
277354
277355
277356
277357
277358
277359
277360
277361
277362
277363
277378
277379
277634
277635
277636
277637
277638
277639
277640
277641
277642
277643
277644
277645
277646
277647
277859
277860
277861
277862
277863
277864
277865
277866
277867
277868
277869
277870
277871
277872
277876
277877
277878
277879
277880
277881
277882
277883
277884
277885
277886
277887
277888
277889
277890
277891
277892
277893
277894
277895
277896
277897
277898
277899
277900
277901
277902
277903
277904
277905
277906
277907
278185
278188
278189
278191
278192
278197
278198
278199
278200
278201
278202
278203
278204
278205
278206
278207
278208
278209
278210
278211
278212
278213
278214
278215
278216
278217
278218
278219
278220
278221
278223
278225
278226
278227
278228
278481
278482
278483
278484
278485
278486
278487
278488
278489
278490
278491
278492
278493
278494
278495
278496
278497
278498
278499
278500
278502
278503
278504
278505
278506
278508
278509
278513
278514
278515
278516
278517
278519
278520
278521
278522
278523
278524
278525
278526
278527
278528
278529
278530
278531
278532
278533
278534
278535
278536
278537
278538
278539
278546
278547
278548
278549
278550
278551
278552
278553
278554
278555
278556
278557
278558
278559
278806
278807
278808
278809
278810
278811
278812
278813
278814
278815
278816
278823
278824
278825
278826
278827
278828
278829
278830
278831
278832
278833
278834
278835
278836
278837
278838
278839
278840
278841
278842
278843
278844
278845
278846
278847
278848
278849
278850
278851
278852
278853
278854
278855
278856
278857
278858
278859
278860
278861
278862
278864
279429
279430
279431
279432
279433
279434
279435
279436
279437
279438
279439
279440
279441
279442
279443
279444
279445
279446
279447
279448
279449
279450
279451
279452
279453
279454
279455
279456
279457
279458
279459
279460
279461
279462
279463
279464
279465
279466
279467
279468
279469
279470
279471
279472
279473
279474
279475
279476
279477
279478
279479
279480
279481
279486
279491
279492
279493
279494
279495
279496
279497
279498
279499
279500
279501
279502
279503
279504
279505
279506
279507
279508
279509
279510
279511
279778
279779
279780
279781
279782
279783
279784
279785
279786
279787
279788
279789
279790
279791
279792
279793
279794
279795
279797
279798
279799
279800
279801
279802
279803
279804
279805
279806
279808
279809
279822
279823
279824
279825
279826
279827
279828
279829
279830
279831
279832
279833
279834
279835
279836
279837
279838
279839
279840
279841
279842
279843
279844
279845
279846
279847
279848
279849
279850
279851
279852
279853
279854
279855
279856
279857
279858
279859
279860
280328
280329
280330
280331
280332
280333
280334
280335
280336
280337
280338
280339
280340
280341
280342
280343
280344
280345
280346
280347
280348
280349
280350
280351
280352
280353
280354
280355
280356
280357
280358
280359
280360
280361
280362
280363
280364
280365
280366
280367
280368
280369
280370
280371
280372
280373
280374
280375
280376
280377
280378
280379
280380
280381
280382
280383
280384
280385
280677
280678
280679
280680
280681
280682
280683
280684
280685
280686
280687
280688
280689
280690
280691
280692
280693
280694
280695
280696
280697
280698
280699
280700
280701
280702
280703
280704
280705
280706
280707
280708
280709
280710
280711
280712
280713
280714
280715
280716
280717
280718
280719
280720
280721
280722
280723
280724
280725
280726
280727
280728
280729
280730
280731
280732
280733
280734
280735
280736
280737
280738
280739
280740
280741
280742
280743
280744
280745
280746
280747
280748
280749
280750
280751
280752
280753
280754
280755
280756
280757
280758
281108
281109
281110
281111
281112
281113
281114
281115
281116
281117
281118
281119
281120
281121
281122
281123
281124
281125
281126
281127
281128
281129
281130
281131
281132
281133
281134
281135
281136
281137
281138
281139
281140
281141
281142
281143
281144
281145
281146
281147
281148
281149
281150
281151
281152
281153
281154
281155
281156
281157
281158
281159
281160
281161
281162
281163
281164
281165
281166
281168
281169
281170
281171
281172
281173
281174
281175
281176
281177
281178
281179
281180
281181
281182
281183
281184
281185
281186
281187
281188
281597
281598
281599
281600
281602
281603
281604
281605
281606
281607
281608
281609
281611
281612
281614
281616
281619
281621
281623
281625
281626
281627
281628
281629
281631
281633
281634
281636
281637
281638
281639
281640
281641
281642
281643
281644
281645
281646
281647
281648
281649
281650
281651
281652
281653
281654
281655
281656
281657
281658
281659
281660
281661
281662
281663
281664
281665
281666
281667
281668
281669
281670
281671
281672
281673
281674
281675
281676
281677
281678
281679
281680
281681
281682
281683
281684
281685
281686
281687
281688
281689
281690
281691
281692
281693
281694
281695
282042
282044
282048
282050
282052
282055
282056
282058
282062
282063
282064
282065
282066
282068
282070
282072
282074
282075
282076
282077
282079
282081
282082
282084
282086
282088
282091
282092
282093
282094
282095
282096
282097
282098
282099
282100
282101
282102
282103
282104
282105
282106
282107
282108
282109
282110
282111
282112
282113
282114
282115
282116
282117
282118
282119
282120
282121
282122
282123
282124
282125
282126
282127
282128
282129
282130
282131
282132
282133
282134
282135
282136
282137
282138
282539
282540
282541
282542
282543
282544
282549
282550
282553
282554
282555
282556
282559
282560
282561
282562
282563
282564
282565
282566
282567
282568
282569
282570
282571
282572
282573
282574
282575
282576
282577
282578
282579
282580
282581
282582
282583
282585
282586
282587
282588
282589
282590
282591
282592
282593
282594
282595
282596
282597
282598
282599
282600
282601
282602
282603
282604
282606
282607
282608
282609
282610
282612
282613
282614
282615
282616
282617
282922
282923
282924
282925
282926
282927
282928
282929
282930
282931
282934
282936
282938
282939
282940
282941
282942
282943
282944
282945
282947
282948
282950
282953
282954
282955
282956
282957
282958
282959
282960
282961
282962
282963
282964
282966
282967
282968
282969
282970
282971
282972
282973
282974
282975
282976
282977
282978
282979
282980
282981
282982
282983
282984
282985
282986
282987
282988
282989
282990
282991
282992
282993
282994
282995
282996
282997
282998
282999
283000
283001
283003
283004
283005
283006
283007
283008
283009
283375
283376
283377
283378
283379
283380
283381
283382
283383
283384
283385
283386
283387
283388
283389
283390
283391
283392
283393
283394
283395
283396
283397
283398
283399
283400
283401
283402
283403
283404
283405
283406
283407
283408
283416
283417
283430
283431
283432
283433
283434
283435
283436
283437
283439
283440
283442
283443
283444
283741
283742
283744
283749
283751
283752
283753
283756
283758
283767
283768
283769
283783
283787
283788
283789
283798
283799
283800
283801
283803
283805
283806
283808
283810
283811
283813
283815
283822
283823
283824
283825
283826
283827
283828
283829
283830
283831
283833
283834
283835
283836
283838
283839
283840
283841
283842
283843
283844
283845
283846
283848
283850
283851
283852
283854
283855
283856
283857
345349
345353
345356
345357
345359
345361
345363
345364
345365
345366
345369
345381
345382
345383
345384
345385
345391
345393
345395
348375
348376
348377
348378
348379
348380
348381
348382
348383
348384
348389
348390
348395
348397
348398
348402
348403
348404
348405
348406
348407
348408
348409
348410
348411
348412
348413
348415
348416
348417
348418
348419
348420
348425
348815
348816
348817
348818
348819
348820
348821
348822
348824
348825
348826
348827
348829
348830
348831
348833
348838
348839
348840
348841
348844
348846
348848
348850
348853
348854
348856
348858
348859
348860
348861
348863
348864
348866
348868
348869
348871
348872
348874
348876
348877
348878
348879
348881
348882
348883
348885
348886
348888
348889
348890
348891
348892
348894
348896
348897
348898
348899
348902
348903
348905
348907
348909
348910
348911
348912
348913
348915
348917
348918
348920
348921
348924
348926
348928
348930
348934
348936
348937
348938
348942
348943
348947
348949
348952
348954
348955
348957
348958
348960
348962
348964
348965
348967
348969
348970
348972
349301
349302
349303
349304
349305
349306
349307
349308
349311
349312
349313
349314
349315
349316
349317
349318
349320
349321
349323
349324
349326
349328
349329
349330
349337
349338
349340
349341
349343
349344
349345
349346
349347
349348
349349
349350
349351
349352
349353
349354
349356
349357
349358
349359
349360
349362
349363
349364
349365
349367
349368
349371
349372
349375
349376
349377
349378
349379
349380
349381
349382
349383
349385
349387
349388
349389
349390
349392
349393
349395
349396
349398
349399
349400
349401
349403
349404
349407
349409
349411
349412
349413
349414
349415
349416
349418
349427
349429
349431
349442
349754
349755
349756
349757
349758
349759
349760
349761
349762
349763
349764
349765
349766
349767
349768
349769
349770
349771
349772
349774
349775
349776
349777
349778
349779
349780
349781
349782
349783
349784
349786
349787
349788
349789
349790
349791
349792
349793
349794
349795
349796
349797
349798
349799
349800
349801
349802
349803
349804
349809
349810
349811
349812
349813
349814
349815
349816
349817
349818
349819
349820
349821
349822
349823
349824
349825
349826
349827
349828
349829
349830
349831
349832
349833
349834
349835
349836
349837
349838
349839
349840
349841
349843
349844
349845
349846
349847
349849
349850
349851
349853
349854
349855
349856
349857
349858
349859
349860
349861
349862
349863
349864
349865
349866
349867
349868
349869
349870
349871
349872
349873
349874
349875
349876
349877
349878
349879
349880
349881
349882
349883
349884
349885
349887
349888
349889
349890
349891
349892
349893
349894
349896
349898
349899
349900
349902
349903
349904
349905
349906
349907
349908
350134
350135
350136
350137
350138
350139
350140
350141
350142
350143
350144
350145
350146
350147
350149
350150
350151
350152
350153
350154
350155
350156
350157
350158
350159
350160
350161
350162
350163
350164
350165
350166
350167
350168
350169
350170
350171
350172
350173
350174
350175
350176
350177
350178
350179
350180
350181
350182
350183
350184
350185
350186
350187
350188
350189
350190
350191
350192
350193
350194
350195
350196
350197
350198
350199
350200
350201
350202
350203
350204
350205
350206
350207
350208
350209
350210
350211
350212
350213
350215
350216
350217
350219
350220
350221
350223
350224
350225
350226
350227
350228
350229
350231
350232
350233
350235
350236
350238
350239
350240
350242
350243
350245
350246
350247
350248
350249
350250
350251
350252
350253
350256
350257
350259
350260
350261
350262
350264
350265
350266
350268
350270
350271
350273
350274
350275
350276
350277
350278
350279
350280
350281
350282
350283
350285
350286
350287
350290
350291
350292
350293
350294
350535
350536
350537
350538
350539
350540
350541
350542
350543
350544
350545
350546
350547
350548
350549
350550
350551
350552
350606
350608
350610
350611
350613
350851
350852
350853
350854
350855
350856
350857
350858
350859
350860
350861
350862
350863
350864
350865
350866
350867
350869
350870
350871
350872
350873
350874
350875
350876
350877
350878
350879
350880
350881
350882
350883
350884
350885
350886
350887
350888
350889
350890
350891
350892
350893
350894
350895
350896
350897
350898
350899
350900
350901
350902
350903
350904
350905
350906
350907
350908
350909
350910
350911
350912
350913
350915
350916
350917
350918
350919
350920
350921
350922
350923
350924
350925
350926
350927
350928
350929
350930
350931
350932
350933
350934
350935
350936
350937
350938
350939
350940
350941
350942
350943
350944
350945
350946
350947
350948
350949
350950
350951
350952
350953
350954
350955
350956
350957
350958
350959
350960
350961
350962
350963
350964
350965
350966
350967
350968
350969
350970
350971
350972
350975
351749
351751
352802
352805
352815
352816
352817
352818
352819
352820
352821
352822
352823
352824
352825
352826
352827
352828
352829
352830
352833
352834
352883
354880
354883
354886
354911
354913
354914
354917
354919
354922
354924
354925
354927
354928
354929
354931
354933
354935
354936
354937
354938
354940
354943
354958
354961
354963
354964
354967
354968
354971
354972
354973
354975
354976
354978
354980
355043
355207
355211
355212
355213
355214
355216
355217
355218
355220
355222
355223
355224
355227
355228
355230
355231
355233
355235
355236
355237
355239
355240
355242
355245
355246
355249
355250
355251
355252
355253
355254
355255
355256
355257
355258
355259
355260
355261
355262
355263
355264
355265
355267
355268
355269
355270
355271
355275
355276
355279
355280
355282
355284
355285
355296
355299
355300
355301
355303
355304
355305
355306
355307
355312
355314
355315
355318
355320
355323
355324
355326
355328
355330
355333
355334
355336
355337
355338
355339
355342
355350
355352
355353
355354
355356
355359
355390
355391
355392
355393
355394
355395
355396
355397
355399
355400
355401
355402
355403
355404
355405
355406
355407
355408
355409
355410
355411
355412
355413
355414
355415
355416
355417
355418
355419
355420
355421
355422
355423
355424
355425
355426
355427
355428
355429
355430
355431
355432
355433
355434
355435
355436
355437
355438
355439
355440
355441
355442
355443
355444
355445
355446
355447
355449
355450
355451
355452
355453
355454
355455
355457
355459
355460
355461
355462
356231
356232
356236
356237
358363
358364
358366
358367
358368
358370
358371
358372
358373
358374
358375
358376
358377
358378
358379
358380
358381
358382
358383
358384
358386
358387
358388
358389
358390
358391
358392
358393
358394
358395
358396
358397
358398
358399
358400
358401
358402
358403
358404
358405
358406
358407
358408
358409
358410
358411
358412
358413
358414
358415
358416
358417
358418
358419
358420
358434
358436
358438
358439
358441
358443
358446
358449
358451
358453
358455
358457
358458
358459
358462
358464
358468
358469
358470
358471
358473
358476
358477
358479
358481
358483
358495
358497
358498
358501
358502
358505
358507
358509
358510
359107
359126
359127
359128
359129
359130
359135
359136
359137
359138
359139
359140
359141
359142
359143
359144
359146
359147
359149
359150
359151
359152
359153
359154
359155
359156
359157
359158
359159
359160
359161
359162
359163
359164
359165
359166
359167
359168
359169
359170
359171
359172
359173
359174
359175
359176
359177
359178
359180
359181
359182
359183
359184
359185
359186
359187
359188
359189
359190
359191
359192
359193
359194
359195
359197
359198
359199
359200
359201
359202
359203
359205
359206
359207
359208
359209
359210
359211
359212
359213
359214
359215
359216
359217
359218
359219
359220
359221
359222
359265
359266
359269
359270
359272
359275
359276
359278
359279
359281
359282
359284
359285
359287
359288
359290
359296
359298
359300
359306
359321
359535
359536
359548
359550
359559
359570
359577
359584
359585
359586
359587
359588
359589
359591
359592
359593
359594
359595
359596
359597
359602
359603
359604
359605
359606
359607
359608
359609
359610
359612
359613
359614
359635
359648
359649
359650
359651
359652
359654
359656
359658
359659
359660
359661
359662
359663
359664
359665
359666
359672
359673
359677
359680
359682
359683
359687
359688
359703
359704
359705
359706
359707
359711
359713
359718
359722
359723
359724
359725
359726
359727
359729
359730
359731
359735
359736
359740
359742
359749
359752
359754
359757
359759
359763
359765
360481
360483
360484
360485
360486
360487
360488
360489
360490
360491
360492
360493
360494
360495
360496
360497
360498
360499
360500
360501
360502
360503
360504
360505
360506
360507
360508
360509
360510
360511
360512
360513
360514
360515
360516
360517
360518
360519
360520
360521
360522
360523
360524
360525
360526
360527
360528
360529
360530
360531
360532
360533
360546
360547
360548
360549
360550
360551
360552
360553
360554
360555
360556
360557
360558
360559
360560
360561
360562
360563
360564
360565
360566
360567
360568
360569
360570
360571
360572
360573
360574
360575
360576
360577
360578
360579
360580
360581
360582
360583
360584
360585
360587
360588
360589
360590
360591
360592
360593
360594
360595
360596
360597
360598
360599
360600
360601
360602
360603
360604
360605
360606
360607
360608
360609
360610
360615
360654
360655
360656
360657
360658
360659
360660
360661
360662
360663
360664
360665
360666
360667
360668
360669
360670
360671
360672
360673
360674
360675
360676
360677
360678
360679
360680
360681
360682
360683
360684
360685
360686
360687
360688
360689
360690
360691
360692
360693
360694
360695
360696
360697
360698
360699
360700
360701
360702
360703
360704
360705
360708
360709
360711
360712
360713
361301
361308
361309
361310
361311
361312
361314
361315
361316
361317
361319
361320
361321
361323
361324
361325
361326
361327
361328
361329
361331
361334
361335
361496
361497
361499
361500
361501
361502
361503
361504
361505
361506
361507
361508
361509
361510
361511
361512
361513
361514
361515
361516
361517
361520
361521
361522
361523
361524
361525
361526
361527
361528
361529
361530
361531
361532
361533
361534
361535
361536
361537
361538
361539
361540
361541
361542
361543
361544
361545
361546
361547
361548
361549
361550
361551
361552
361553
361554
361555
361556
361557
361558
361559
361560
361561
361562
361563
361564
361565
361566
361567
361568
361569
361570
361571
361572
361573
361574
361575
361576
361577
361579
361580
361581
361582
361583
361584
361585
361586
361587
361588
361589
361590
361591
361592
361593
361594
361595
361596
361597
361598
361599
361600
361601
361602
361603
361610
361611
361612
361613
361614
361615
361616
361651
361652
361653
361654
361655
361656
361657
361658
361659
361660
361661
361662
361663
361664
361665
361666
361667
361668
361669
361670
361671
361672
361673
361674
361675
361676
361677
361678
361679
361680
361681
361682
361683
361684
361685
361686
361687
361688
361689
361690
361691
361692
361693
361694
361695
361696
361697
361698
361699
361700
361701
361702
361703
361704
361705
361706
361707
361708
361709
361710
361711
361712
361713
361714
361715
361716
361718
361719
361720
361721
361722
361723
361724
361725
361726
361727
361728
361729
361730
361731
361732
361733
361883
361884
361886
361887
361888
361889
361890
361891
361892
361893
361894
361895
361896
361897
361898
361899
361900
361901
361902
361903
361904
361905
361906
361907
361908
361909
361910
361911
361912
361913
361989
361991
362005
362006
362007
362008
362017
362018
362019
362020
362021
362022
362023
362024
362025
362026
362027
362028
362029
362030
362031
362032
362033
362034
362035
362036
362037
362038
362039
362040
362041
362042
362043
362044
362045
362046
362047
362048
362049
362050
362051
362052
362053
362054
362055
362056
362057
362058
362059
362060
362061
362062
362063
362064
362065
362066
362067
362068
362069
362070
362071
362072
362073
362074
362075
362076
362077
362078
362079
362080
362081
362082
362083
362084
362085
362086
362087
362088
362089
362090
362091
362092
362093
362098
362099
362100
362107
362108
362109
362110
362111
362112
362113
362114
362115
362116
362117
362118
362119
362120
362121
362122
362123
362124
362125
362126
362127
362128
362129
362130
362131
362132
362133
362134
362135
362136
362137
362138
362291
362292
362293
362295
362297
362298
362300
362301
362302
362303
362304
362305
362306
362307
362308
362309
362310
362311
362312
362313
362314
362315
362316
362317
362318
362319
362320
362321
362322
362323
362324
362325
362326
362327
362328
362329
362330
362331
362332
362333
362334
362335
362336
362337
362338
362339
362340
362341
362342
362343
362344
362345
362346
362347
362348
362349
362350
362351
362352
362353
362354
362355
362356
362357
362358
362359
362360
362361
362362
362363
362364
362365
362366
362367
362368
362369
362370
362371
362372
362373
362374
362375
362376
362377
362378
362380
362381
362382
362383
362384
362385
362386
362387
362388
362389
362390
362391
362392
362393
362394
362395
362396
362397
362398
362399
362400
362401
362402
362403
362404
362405
362406
362407
362408
362409
362410
362411
362412
362413
362414
362415
362416
362417
362418
362419
362420
362421
362422
362423
362424
362425
362426
362427
362428
362429
362430
362431
362432
362433
362434
362435
362436
362437
362438
362439
362440
362441
362442
362443
362730
362731
362732
362733
362735
362738
362739
362740
362741
362742
362744
362745
362746
362754
362756
362757
362758
362760
362761
362765
362768
362769
362771
362772
362773
362775
362776
362777
362778
362779
362780
362781
362782
362783
362784
362785
362786
362787
362788
362789
362790
362791
362792
362793
362794
362795
362796
362797
362798
362799
362825
362826
362827
362828
362829
362830
362831
362832
362833
362834
362835
362836
362837
362838
362839
362840
362841
362842
362844
362845
362846
362847
362848
362849
362850
362851
362852
362853
362854
362855
362856
362857
362858
362859
362860
362885
362886
362887
362888
362889
362890
362891
362892
362893
362894
362895
362896
362897
362898
362899
362900
362901
362902
362903
362904
362905
362906
362919
362920
362921
362922
362923
362924
362925
362926
362927
362928
362929
362930
362931
362932
362933
362934
362935
362936
362937
362938
362939
362940
362941
362942
362943
362944
362945
362946
362947
362948
362949
362950
362951
362952
362953
362954
362955
362956
362957
362958
362959
362960
362961
362962
362963
362964
362965
362966
362967
362968
362969
362970
362971
362972
362973
362974
362975
362976
362977
362978
362979
362980
363711
363712
363713
363714
363716
363717
363719
363720
363722
363723
363725
363726
363729
363730
363731
363732
363733
363736
363737
363738
363739
363740
363741
363742
363743
363745
363746
363747
363748
363750
363751
363752
363754
363755
363756
363757
363759
363760
363761
363762
363764
363766
363767
363768
363769
363771
363773
363774
363775
363776
363778
363779
363780
363781
363782
363784
363785
363786
363788
363803
363804
363805
363807
363808
363810
363811
363813
363814
363818
363819
363820
363821
363822
363823
363824
363825
363826
363827
363828
363829
363830
363831
363832
363833
363834
363835
363836
363837
363838
363839
363840
363841
363842
363843
363844
363845
363846
363847
363848
363849
363855
363856
363857
363858
363859
363860
363861
363862
363863
363864
363865
363866
363867
363868
363869
363870
363871
363872
363873
363874
363875
363876
363877
363878
363879
363880
363881
363882
363883
363884
363885
363886
363887
363888
363889
363890
363891
363892
363893
363894
363895
363896
363897
363898
363899
363900
363901
363902
363903
363904
363905
363906
363907
363908
363909
363910
363911
363912
363913
363914
363915
363916
363917
363918
363919
363920
363921
363922
363923
363924
363925
363926
363927
363928
363929
363930
363931
363932
363933
363934
363935
363936
363937
363938
363939
363940
363941
363942
363943
363944
363945
363946
363947
363948
363949
363950
363951
363952
363953
363954
363955
363956
363957
363958
363959
363960
363961
363962
363963
363964
363965
363966
363967
363968
363969
363970
363971
363973
363974
364146
364148
364150
364151
364153
364156
364157
364158
364159
364160
364161
364162
364164
364165
364167
364168
364169
364170
364172
364173
364175
364176
364177
364178
364179
364181
364183
364184
364185
364186
364187
364190
364191
364193
364195
364196
364198
364200
364201
364203
364204
364205
364208
364209
364210
364212
364213
364215
364216
364217
364219
364220
364222
364223
364225
364227
364228
364229
364231
364233
364234
364235
364237
364240
364242
364247
364248
364250
364252
364255
364257
364259
364260
364263
364264
364303
364316
364317
364318
364319
364320
364321
364322
364323
364324
364325
364326
364327
364328
364329
364330
364331
364332
364333
364334
364335
364336
364337
364338
364339
364340
364341
364342
364343
364344
364345
364346
364347
364348
364349
364351
364352
364353
364354
364355
364356
364357
364358
364359
364526
364529
364530
364531
364532
364533
364534
364535
364537
364539
364540
364542
364545
364548
364549
364550
364552
364553
364554
364555
364557
364559
364562
364565
364566
364567
364568
364569
364571
364573
364574
364575
364576
364577
364578
364579
364580
364581
364582
364583
364584
364585
364586
364587
364588
364589
364590
364591
364592
364593
364595
364597
364598
364599
364600
364602
364603
364604
364605
364607
364610
364611
364612
364615
364618
364621
364624
364626
364629
364631
364633
364652
364659
364660
364662
364663
364664
364665
364666
364667
364668
364670
364671
364672
364673
364674
364675
364676
364677
364678
364679
364680
364681
364682
364689
364690
364691
364692
364693
364694
364695
364696
364697
364698
364699
364700
364701
364702
364703
364704
364705
364706
364707
364708
364709
364710
364711
364712
364713
364714
364715
364716
364717
364718
364719
364720
364721
364722
364723
364724
364725
364726
364727
364728
364729
364730
364731
364732
364733
364734
364735
364736
364737
364738
364739
364740
364741
364742
364743
364744
364745
364746
364747
364748
364749
364750
364751
364752
364753
364754
364755
364756
364757
364758
364759
364760
364761
365003
365026
365079
365082
365083
365085
365086
365088
365089
365090
365091
365092
365093
365094
365095
365096
365098
365099
365100
365101
365102
365103
365104
365105
365106
365107
365108
365109
365110
365111
365112
365113
365114
365115
365116
365117
365118
365119
365120
365121
365122
365123
365124
365125
365126
365127
365128
365129
365130
365131
365132
365133
365134
365135
365136
365137
365138
365139
365140
365141
365142
365143
365144
365145
365146
365147
365148
365149
365150
365151
365152
365153
365154
365155
365156
365157
365158
365159
365160
365161
365162
365163
365164
365165
365166
365167
365168
365169
365170
365171
365172
365173
365174
366087
366088
366091
366092
366112
366113
366114
366115
366116
367120
367121
367122
367123
367124
367125
367126
367127
367128
367129
367130
367131
367132
367133
367134
367135
367136
367138
367139
367140
367141
367142
367143
367144
367145
367146
367147
367150
367153
367154
367156
367157
367158
367159
367160
367161
367163
367164
367165
367167
367168
367169
367253
367419
367420
367421
367422
367423
367424
367425
367426
367427
367428
367429
367430
367431
367432
367433
367434
367435
367436
367440
367441
367442
367443
367444
367445
367446
367447
367448
367449
367450
367451
367452
367454
367455
367456
367457
367458
367459
367462
367463
367464
367465
367466
367467
367468
367469
367470
367471
367472
367473
367474
367475
367476
367477
367478
367479
367480
367481
367482
367483
367484
367485
367486
367487
367488
367489
367490
367491
367498
367499
367500
367501
367502
367503
367504
367505
367506
367507
367508
367509
367511
367514
367517
367518
367519
367521
367522
367526
367527
367529
367531
367532
367534
367536
367539
367541
367543
367545
367546
367552
367553
367554
367555
367566
367637
367639
367641
367642
367643
367645
367646
367652
367654
367655
367656
367657
367658
367659
367667
367669
367670
368136
368138
368139
369030
369031
369032
369046
369047
369049
369050
369051
369052
369054
369055
369057
369058
369059
369060
369062
369063
369064
369065
369318
369319
369320
369321
369322
369323
369324
369325
369326
369327
369328
369329
369330
369331
369332
369333
369334
369335
369336
369337
369338
369339
369340
369341
369342
369343
369344
369345
369346
369347
369348
369349
369350
369351
369352
369354
369355
369356
369357
369358
369359
369360
369361
369362
369364
369365
369366
369367
369368
369369
369370
369371
369372
369373
369374
369375
369376
369377
369386
369387
369388
369389
369390
369391
369392
369393
369394
369395
369396
369397
369398
369399
369400
369401
369402
369403
369404
369405
369406
369407
369408
369409
369410
369411
369412
369413
369414
369415
369416
369417
369418
369419
369420
369421
369422
369423
369424
369425
369426
369427
369428
369429
369430
369431
369432
369433
369434
369435
369436
369437
369438
369439
369440
369441
369442
369443
369444
369445
369446
369447
369448
369449
369450
369451
369452
369453
369454
369455
369456
369458
369459
369460
369461
369462
369463
369464
369465
369466
369467
369468
369469
369470
369471
369472
369473
369474
369475
369476
369477
369478
369479
369480
369481
369482
369483
369484
369485
369486
369487
369488
369489
369490
369491
369492
369493
369494
369495
369496
369497
369498
369499
369500
369501
369502
369503
369504
369505
369506
369507
369508
369509
369510
369511
369512
369513
369514
369515
369516
369517
369519
369521
369522
369523
369524
369525
369527
369528
369529
369530
369531
369532
369533
369534
369536
369537
369538
369540
369542
369544
369546
369705
369707
369708
369709
369710
369712
369713
369714
369715
369716
369717
369718
369719
369720
369721
369722
369723
369724
369725
369726
369727
369728
369729
369730
369731
369732
369733
369734
369735
369736
369737
369738
369739
369740
369741
369742
369743
369744
369745
369746
369747
369748
369749
369750
369752
369753
369754
369755
369756
369757
369758
369759
369760
369761
369762
369763
369764
369765
369766
369767
369768
369769
369770
369771
369772
369773
369774
369775
369776
369777
369778
369779
369780
369782
369783
369784
369785
369786
369787
369788
369789
369790
369791
369792
369793
369794
369795
369796
369797
369798
369799
369800
369801
369802
369803
369804
369805
369806
369807
369808
369809
369810
369811
369812
369813
369814
369815
369816
369818
369819
369820
369822
369823
369824
369825
369830
369831
369832
369833
369834
369835
369836
369837
369838
369839
369840
369841
369842
369843
369844
369845
369846
369847
369848
369849
369850
369851
369852
369853
369854
369855
369856
369857
369858
369859
369860
369861
369862
369863
369864
369865
369866
369867
369868
369869
369870
369871
369872
369873
369874
369875
369876
369877
369878
369879
369880
369881
369882
369883
369884
369885
369886
369887
369888
369889
369890
369891
369892
369893
369894
369895
369896
369897
369898
369899
369900
369901
369902
369903
369904
369905
369906
369907
369908
369909
369910
369911
369912
369913
369914
369915
369916
369917
369918
369919
369920
369921
369922
369923
369924
369925
369926
369927
369928
369929
369930
369931
369932
369933
369934
369935
369936
369937
369938
369939
369940
369941
369942
369943
369944
369945
369946
369947
369948
370108
370110
370111
370114
370115
370116
370117
370118
370119
370120
370121
370122
370123
370124
370125
370126
370127
370128
370129
370130
370131
370132
370134
370135
370136
370137
370138
370139
370140
370141
370142
370144
370145
370146
370147
370148
370149
370150
370151
370152
370153
370154
370155
370156
370157
370158
370159
370160
370163
370164
370166
370168
370169
370170
370171
370172
370173
370174
370175
370176
370177
370178
370179
370180
370187
370188
370189
370190
370191
370192
370193
370194
370195
370196
370197
370198
370199
370200
370201
370202
370203
370204
370205
370206
370208
370209
370210
370211
370212
370213
370214
370215
370216
370217
370218
370219
370220
370221
370222
370223
370224
370225
370226
370227
370228
370229
370230
370231
370232
370233
370234
370235
370236
370237
370238
370239
370240
370241
370242
370243
370244
370245
370246
370247
370248
370249
370250
370251
370252
370253
370254
370255
370256
370257
370258
370259
370260
370261
370262
370263
370264
370265
370266
370267
370268
370269
370270
370271
370272
370273
370274
370275
370276
370277
370278
370279
370280
370281
370282
370283
370284
370285
370286
370287
370288
370289
370290
370291
370292
370293
370294
370295
370296
370297
370298
370299
370300
370301
370302
370303
370304
370305
370306
370307
370308
370309
370310
370311
370312
370313
370314
370315
370316
370317
370318
370319
370320
370321
370322
370323
370324
370326
370327
370328
370329
370330
370331
370332
370333
370334
370335
370336
370337
370338
370340
370341
370342
370343
370344
370345
370346
370347
370348
370349
370350
370351
370515
370516
370517
370518
370519
370520
370521
370523
370532
370533
370534
370535
370536
370537
370538
370539
370540
370541
370542
370543
370544
370545
370546
370547
370548
370549
370550
370551
370552
370553
370555
370556
370557
370560
370561
370565
370566
370567
370568
370569
370570
370571
370572
370573
370574
370575
370576
370577
370578
370579
370580
370581
370582
370583
370584
370585
370586
370587
370588
370589
370592
370593
370594
370595
370596
370597
370598
370599
370600
370601
370602
370603
370604
370605
370606
370607
370608
370609
370610
370611
370612
370613
370614
370615
370616
370617
370618
370619
370620
370621
370622
370623
370624
370625
370626
370627
370628
370629
370630
370631
370632
370633
370634
370635
370641
370649
370651
370652
370653
370655
370656
370657
370659
370660
370661
370662
370664
370667
370668
370669
370670
370673
370674
370675
370676
370677
370678
370679
370680
370681
370682
370683
370684
370685
370686
370687
370688
370689
370690
370691
370692
370693
370694
370695
370696
370697
370698
370699
370700
370701
370702
370703
370704
370705
370706
370707
370708
370709
370710
370711
370712
370713
370714
370715
370716
370717
370718
370719
370720
370721
370722
370723
370724
370725
370726
370727
370728
370729
370730
370731
370732
370733
370734
370735
370736
370737
370738
370739
370740
370741
370742
370743
370744
370745
370746
370747
370748
370749
370750
371335
371336
371337
371338
371339
371340
371341
371342
371343
371344
371345
371346
371347
371348
371349
371350
371351
371352
371353
371354
371355
371356
371357
371358
371359
371360
371361
371362
371363
371364
371365
371366
371367
371368
371369
371370
371371
371372
371373
371454
371455
371456
371618
371620
371622
371623
371624
371625
371626
371627
371628
371629
371630
371631
371635
371636
371638
371639
371655
371656
371661
371686
371688
371695
371701
371702
371703
371704
371705
371706
371707
371708
371709
371710
371711
371712
371713
371717
371723
371724
371727
371728
371733
371734
371738
371739
371764
371765
371766
371767
371772
371775
371797
371799
371802
371803
371810
371814
371816
371822
371823
371825
372002
372003
372005
372006
372007
372008
372009
372010
372011
372012
372015
372016
372017
372019
372020
372021
372022
372023
372024
372025
372026
372027
372028
372029
372030
372031
372032
372034
372036
372037
372038
372040
372041
372043
372044
372045
372046
372047
372048
372050
372051
372052
372053
372054
372055
372056
372057
372061
372062
372064
372065
372066
372067
372068
372069
372070
372071
372072
372073
372074
372075
372076
372077
372078
372079
372080
372084
372085
372086
372087
372088
372089
372093
372095
372098
372099
372100
372101
372102
372103
372104
372105
372106
372107
372108
372109
372110
372111
372112
372113
372114
372115
372116
372117
372118
372119
372120
372121
372122
372123
372124
372125
372126
372127
372128
372129
372130
372131
372132
372133
372134
372135
372136
372137
372138
372139
372140
372141
372142
372143
372144
372145
372146
372147
372148
372149
372150
372151
372152
372153
372154
372155
372156
372157
372158
372159
372160
372161
372162
372163
372164
372165
372166
372167
372176
372180
372181
372182
372183
372184
372185
372186
372187
372188
372189
372190
372191
372192
372193
372194
372200
372202
372205
372206
372207
372208
372209
372210
372211
372212
372213
372214
372215
372216
372217
372218
372219
372220
372221
372222
372223
372224
372225
372226
372227
372228
372229
372230
372231
372232
372233
372234
372235
372236
372237
372238
372239
372240
372241
372242
372243
372244
372245
372246
372247
372422
372424
372427
372428
372429
372432
372433
372434
372435
372436
372437
372439
372440
372441
372442
372444
372445
372449
372450
372452
372453
372454
372455
372457
372459
372460
372461
372462
372463
372465
372467
372469
372470
372471
372472
372473
372474
372476
372478
372479
372480
372481
372482
372483
372491
372493
372494
372496
372498
372501
372504
372507
372509
372512
372514
372518
372519
372521
372522
372524
372525
372526
372527
372528
372529
372530
372531
372532
372533
372534
372535
372536
372537
372538
372539
372540
372541
372542
372543
372544
372545
372546
372547
372548
372549
372550
372551
372552
372553
372554
372555
372556
372557
372559
372560
372561
372562
372563
372564
372565
372567
372568
372570
372571
372572
372573
372574
372575
372576
372577
372578
372579
372580
372581
372582
372583
372584
372585
372586
372587
372588
372589
372590
372591
372592
372593
372594
372595
372596
372597
372598
372599
372600
372601
372602
372603
372604
372605
372606
372607
372608
372609
372610
372611
372612
372613
372614
372615
372616
372617
372618
372619
372620
372621
372622
372623
372624
372625
372626
372627
372628
372629
372630
372631
372632
372633
372634
372635
372636
372637
372638
372639
372640
372641
372642
372643
372644
372645
372646
372647
372648
372649
372650
372651
372652
372653
372654
372655
372656
372657
372658
372659
372660
372661
372662
372663
372664
372665
372666
372667
372668
372669
372671
372850
372852
372855
372857
372859
372860
372861
372862
372863
372864
372865
372867
372870
372871
372872
372873
372875
372877
372878
372880
372882
372885
372886
372887
372894
372895
372896
372897
372898
372899
372901
372903
372904
372911
372914
372916
372917
372918
372925
372927
372928
372929
372930
372931
372932
372933
372940
372941
372942
372943
372944
372945
372946
372947
372948
372949
372986
372987
373170
373175
373176
373177
373178
373179
373180
373181
373184
373185
373186
373187
373188
373190
373192
373193
373196
373197
373198
373199
373200
373201
373202
373203
373204
373206
373208
373209
373213
373216
373220
373221
373223
373224
373226
373227
373233
373234
373235
373236
373237
373239
373241
373242
373243
373244
373245
373246
373248
373251
373262
373293
373294
373295
373296
373297
373298
373299
373300
373301
373302
373303
373304
373305
373306
373307
373308
373309
373310
373311
373312
373313
373314
373315
373316
373317
373318
373319
373320
373321
373322
373323
373324
373325
373326
373327
373328
373329
373330
373331
373332
373334
373335
373338
373339
374280
374282
374283
374285
374293
374297
374303
374306
374308
374311
374312
374548
374549
374550
374557
374558
374565
374567
374568
374569
374570
374572
374573
374575
374579
374581
374582
374584
374585
374587
374588
374589
374590
374591
374592
374594
374595
374596
374599
374600
374601
374602
374603
374604
374605
374606
374607
374608
374609
374610
374611
374612
374613
374614
374615
374616
374617
374618
374619
374620
374621
374622
374623
374624
374625
374626
374627
374628
374629
374630
374631
374632
374633
374634
374635
374636
374637
374638
374640
374793
374794
374795
374796
374797
374798
374799
374800
374803
374805
374815
374827
374828
374829
374842
374847
374849
374855
374856
374857
374859
374860
374861
374873
374874
374875
374877
374878
374879
374880
374882
374883
374884
374885
374886
374887
374888
374889
374890
374891
374892
374893
374894
374895
374896
374898
374933
374937
374939
374941
375040
375041
375042
375045
375079
375080
375081
375082
375083
375084
375085
375086
375087
375088
375089
375090
375091
375092
375093
375094
375095
375096
375097
375098
375268
375270
375271
375272
375273
375274
375276
375277
375278
375281
375283
375287
375288
375301
375309
375318
375319
376741
376743
376745
376747
376749
376751
376754
376755
376758
376759
376761
376763
376765
376925
376926
376927
376928
376929
376930
376931
376932
376933
376934
376935
376936
376937
376938
376939
376940
376941
376942
376943
376944
376945
376946
376947
376948
376949
376951
376952
376953
376954
376955
376956
376957
376958
376959
376960
376961
376962
376963
376965
376966
376967
376968
376970
376971
376972
376973
376974
376975
376977
376979
376980
376982
376983
376984
376985
376986
376987
376988
376989
376990
376991
376992
376993
376994
376995
376996
376997
376998
376999
377000
377001
377002
377003
377006
377007
377009
377012
377014
377016
377017
377018
377019
377020
377021
377022
377023
377024
377025
377026
377027
377028
377029
377030
377031
377032
377033
377034
377035
377036
377037
377038
377039
377040
377041
377043
377044
377047
377048
377049
377050
377051
377052
377053
377054
377055
377056
377057
377059
377060
377061
377062
377065
377066
377067
377068
377070
377073
377074
377075
377076
377078
377080
377083
377084
377088
377089
377090
377091
377097
377098
377099
377101
377102
377104
377106
377107
377108
377109
377110
377112
377114
377116
377118
377119
377120
377121
377122
377123
377124
377125
377127
377129
377130
377131
377133
377134
377135
377137
377139
377140
377141
377143
377145
377146
377148
377149
377150
377151
377152
377154
377156
377158
377160
377162
377164
377166
377168
377328
377329
377330
377331
377332
377333
377334
377336
377337
377338
377339
377340
377341
377342
377346
377347
377348
377349
377351
377352
377354
377356
377357
377358
377359
377360
377361
377362
377363
377364
377365
377366
377367
377368
377369
377370
377373
377374
377375
377376
377379
377380
377381
377382
377383
377387
377388
377389
377390
377391
377392
377393
377394
377395
377396
377397
377398
377399
377400
377401
377402
377403
377404
377405
377406
377407
377408
377409
377410
377411
377412
377413
377414
377415
377417
377418
377419
377420
377421
377422
377423
377424
377425
377426
377427
377428
377429
377430
377431
377432
377433
377434
377435
377436
377437
377438
377439
377440
377441
377442
377443
377444
377445
377446
377447
377448
377449
377450
377451
377453
377454
377455
377456
377458
377459
377460
377461
377463
377465
377466
377467
377468
377470
377471
377472
377473
377475
377477
377478
377479
377481
377482
377483
377485
377487
377488
377489
377490
377491
377493
377494
377495
377497
377498
377500
377501
377502
377504
377505
377506
377507
377509
377510
377511
377513
377514
377515
377516
377517
377519
377520
377522
377523
377524
377525
377527
377528
377529
377530
377531
377532
377533
377534
377536
377537
377538
377539
377540
377541
377542
377544
377545
377546
377547
377548
377549
377550
377551
377553
377555
377557
377558
377560
377561
377562
377563
377566
377711
377712
377713
377714
377715
377717
377718
377719
377720
377721
377722
377723
377724
377725
377726
377727
377728
377729
377731
377732
377733
377735
377736
377737
377739
377741
377742
377746
377748
377749
377750
377751
377753
377754
377755
377756
377757
377758
377759
377760
377761
377762
377763
377764
377765
377767
377768
377769
377770
377771
377772
377775
377776
377777
377778
377780
377781
377782
377783
377784
377785
377786
377787
377788
377789
377790
377791
377792
377793
377794
377795
377796
377797
377798
377799
377800
377801
377802
377803
377804
377805
377806
377807
377809
377810
377811
377812
377813
377814
377815
377816
377817
377818
377819
377820
377821
377822
377823
377824
377825
377826
377827
377828
377829
377830
377831
377832
377833
377834
377835
377836
377837
377838
377839
377840
377841
377842
377843
377844
377845
377846
377847
377848
377850
377851
377852
377853
377854
377855
377857
377858
377859
377861
377862
377863
377864
377866
377867
377869
377870
377871
377872
377873
377874
377875
377876
377878
377879
377880
377881
377882
377883
377884
377885
377886
377887
377888
377889
377891
377892
377893
377894
377895
377896
377898
377899
377900
377902
377903
377904
377905
377906
377907
377908
377910
377911
377912
377914
377915
377916
377917
377918
377919
377921
377922
377923
377924
377925
377926
377927
377928
377929
377930
377931
377932
377933
377934
377936
377937
377938
377939
377940
377941
377942
377943
377944
378103
378104
378106
378107
378108
378109
378111
378112
378113
378114
378116
378117
378118
378119
378120
378121
378122
378123
378124
378125
378126
378127
378128
378129
378130
378131
378132
378133
378134
378135
378136
378137
378142
378144
378145
378146
378148
378149
378150
378151
378152
378153
378154
378155
378156
378157
378158
378159
378160
378161
378162
378163
378164
378165
378166
378167
378168
378169
378170
378171
378172
378174
378175
378176
378177
378178
378179
378180
378181
378182
378183
378184
378185
378186
378187
378188
378189
378190
378192
378193
378194
378195
378197
378198
378200
378203
378206
378207
378208
378210
378211
378229
378230
378231
378232
378233
378234
378235
378236
378237
378238
378239
378240
378241
378242
378243
378244
378245
378246
378247
378248
378249
378250
378252
378254
378256
378257
378262
378263
378264
378265
378266
378267
378268
378269
378270
378271
378272
378273
378274
378275
378276
378277
378278
378279
378280
378281
378283
378284
378285
378286
378287
378289
378290
378291
378292
378294
378295
378296
378297
378298
378299
378300
378301
378304
378305
378306
378308
378309
378310
378312
378313
378314
378315
378316
378317
378318
378319
378320
378322
378323
378324
378325
378327
378487
378488
378489
378490
378491
378492
378493
378494
378496
378497
378498
378499
378500
378501
378502
378503
378504
378506
378507
378508
378509
378510
378511
378512
378513
378515
378516
378519
378520
378521
378522
378523
378525
378526
378527
378529
378530
378531
378534
378536
378537
378538
378539
378540
378541
378542
378543
378544
378545
378546
378547
378548
378549
378550
378551
378552
378553
378554
378555
378556
378557
378558
378559
378560
378561
378563
378566
378569
378570
378572
378574
378575
378576
378577
378578
378579
378580
378581
378584
378586
378587
378588
378589
378590
378591
378592
378593
378594
378595
378596
378597
378598
378599
378600
378601
378602
378603
378604
378605
378606
378607
378608
378609
378610
378611
378612
378613
378614
378615
378616
378617
378618
378619
378620
378621
378622
378623
378624
378625
378626
378627
378628
378629
378630
378631
378632
378633
378634
378635
378636
378637
378638
378639
378640
378641
378642
378643
378644
378645
378646
378647
378648
378649
378650
378651
378652
378653
378654
378655
378656
378657
378658
378659
378660
378661
378663
378664
378665
378666
378667
378668
378669
378670
378671
378672
378673
378674
378675
378676
378677
378678
378679
378680
378681
378682
378683
378684
378685
378686
378687
378688
378689
378690
378691
378692
378693
378694
378695
378696
378697
378698
378699
378700
378701
378702
378703
378704
378705
378707
378708
378709
378710
378711
378712
378713
378714
378715
378716
378876
378877
378878
378879
378880
378881
378882
378883
378884
378885
378886
378887
378888
378889
378890
378891
378892
378894
378895
378896
378897
378900
378901
378903
378904
378905
378906
378907
378908
378909
378910
378911
378912
378913
378914
378915
378916
378917
378918
378919
378920
378921
378922
378923
378924
378925
378926
378927
378928
378929
378930
378931
378932
378933
378934
378935
378936
378937
378938
378939
378940
378941
378942
378943
378944
378945
378946
378947
378948
378949
378950
378951
378952
378953
378957
378959
378960
378962
378964
378965
378967
378968
378969
378970
378971
378972
378973
378974
378975
378976
378977
378978
378979
378980
378981
378982
378983
378984
378985
378986
378987
378988
378989
378990
378991
378992
378993
378994
378995
378996
378997
378998
378999
379000
379001
379002
379003
379004
379005
379006
379007
379008
379009
379010
379011
379012
379013
379014
379015
379016
379017
379018
379019
379020
379021
379022
379023
379024
379025
379026
379027
379028
379029
379030
379031
379032
379033
379034
379035
379036
379037
379038
379039
379040
379041
379042
379043
379044
379045
379046
379047
379048
379049
379050
379051
379052
379053
379054
379055
379056
379057
379058
379059
379060
379061
379062
379063
379065
379066
379067
379068
379069
379070
379071
379072
379073
379074
379075
379076
379077
379078
379079
379081
379082
379083
379084
379085
379086
379087
379089
379090
379091
379092
379094
379095
379096
379097
379098
379099
379363
379364
379365
379366
379367
379368
379369
379370
379371
379372
379373
379374
379375
379376
379378
379379
379662
379663
379713
379714
379884
379885
379886
379887
379888
379889
379891
379892
379893
379894
379897
379898
379899
379900
379901
379902
379903
379904
379905
379906
379907
379908
379909
379910
379911
379912
379913
379914
379915
379916
379917
379918
379919
379920
379921
379922
379923
379924
379925
379927
379928
379929
379930
379931
379933
379934
379935
379936
379937
379938
379939
379940
379941
379942
379943
379946
379947
379948
379949
379950
379951
379952
379953
379954
379955
379956
379957
379958
379959
379960
379961
379962
379963
379964
379965
379966
379967
379968
379969
379970
379971
379972
379974
379976
379977
379981
379982
379983
379984
379985
379986
379987
379988
379989
379990
379991
379992
379993
379994
379995
379996
379997
379998
379999
380000
380001
380002
380003
380004
380005
380006
380007
380008
380009
380010
380011
380012
380013
380014
380015
380016
380017
380018
380019
380020
380021
380022
380023
380024
380025
380026
380027
380028
380029
380030
380031
380032
380033
380034
380035
380036
380037
380038
380039
380040
380041
380042
380043
380044
380045
380046
380047
380048
380049
380050
380051
380052
380053
380054
380055
380056
380057
380058
380059
380060
380061
380062
380063
380064
380065
380066
380067
380068
380069
380070
380071
380072
380073
380074
380075
380076
380077
380078
380079
380080
380081
380082
380083
380084
380085
380086
380087
380088
380089
380090
380091
380092
380093
380094
380095
380096
380097
380098
380099
380100
380101
380102
380103
380104
381200
381201
381203
381211
381279
381297
381309
381318
381319
381331
381332
381333
381334
381337
381341
381343
381345
381346
381352
381596
381597
381598
381599
381600
381601
381602
381603
381604
381605
381606
381607
381608
381609
381610
381611
381612
381613
381614
381615
381616
381617
381618
381785
381787
381788
381789
381791
381793
381794
381797
381798
381799
381800
381801
381802
381803
381804
381806
381807
381808
381809
381811
381813
381814
381816
381818
381820
381823
381824
381826
381827
381828
381830
381831
381832
381834
381835
381836
381838
381839
381840
381841
381842
381844
381845
381846
381847
381851
381853
381854
381855
381856
381857
381858
381859
381860
381861
381862
381863
381864
381865
381866
381867
381868
381869
381870
381871
381872
381873
381874
381875
381876
381877
381878
381879
381880
381881
381882
381883
381884
381885
381886
381887
381888
381889
381890
381891
381892
381893
381894
381895
381896
381897
381898
381899
381900
381901
381902
381903
381904
381905
381906
381907
381908
381909
381910
381911
381912
381913
381914
381915
381916
381917
381918
381919
381920
381921
381922
381923
381924
381925
381926
381927
381928
381929
381930
381931
381932
381933
381934
381935
381936
381937
381938
381939
381940
381941
381942
381943
381944
381945
381946
381947
381948
381949
381950
381951
381952
381953
381954
381955
381956
381957
381958
381959
381960
381961
381962
381963
381964
381965
381966
381967
381968
381969
381970
381971
381972
381973
381974
381975
381976
381977
381978
381979
381980
381981
381982
381983
381984
381985
381986
381987
381988
381989
381990
381991
381992
381993
381994
381995
381996
381997
381998
381999
382000
382001
382002
382003
382004
382154
382156
382159
382160
382162
382167
382168
382170
382171
382172
382176
382177
382178
382179
382180
382181
382182
382185
382188
382198
382199
382200
382205
382206
382207
382208
382209
382211
382212
382214
382215
382216
382217
382219
382220
382221
382222
382223
382224
382228
382234
382243
382244
382248
382251
382258
382260
382261
382262
382263
382265
382266
382267
382268
382279
382280
382281
382282
382283
382284
382285
382286
382296
382298
382299
382300
382301
382302
382303
382304
382306
382307
382308
382310
382311
382312
382313
382314
382315
382316
382317
382318
382319
382320
382321
382322
382323
382324
382325
382326
382334
382335
382337
382339
382340
382341
382342
382343
382344
382345
382346
382353
383155
383156
383199
383200
383201
383202
383208
383209
383210
383211
383222
383224
383227
383228
383230
383231
383232
383233
383235
383237
383238
383240
383241
383242
383243
383244
383245
383246
383247
383248
383249
383250
383251
383252
383253
383254
383255
383256
383257
383258
383259
383260
383261
383262
383263
383264
383265
383266
383267
383268
383269
383270
383271
383272
383273
383274
383275
383276
383277
383278
383279
383280
383281
383282
383283
383284
383285
383286
383287
383288
383289
383290
383291
383292
383293
383294
383295
383296
383297
383298
383299
383300
383301
383302
383303
383304
383305
383306
383307
383308
383309
383310
383311
383995
383996
383997
383998
384000
384001
384002
384003
384005
384007
384009
384010
384012
384014
384015
384018
384021
384022
384023
384024
384027
384029
384031
384032
384033
384034
384035
384036
384037
384038
384039
384040
384044
384046
384048
384050
384058
384064
384065
384066
384068
384069
384073
384074
384076
384078
384080
384088
384106
384115
384116
384118
384120
384127
384128
384130
384188
384190
384192
384193
384194
386065
386067
386069
386071
386072
386074
386076
386077
386078
386080
386082
386241
386242
386243
386244
386245
386246
386247
386248
386249
386250
386251
386252
386253
386254
386255
386256
386257
386258
386259
386260
386261
386262
386263
386264
386265
386266
386267
386268
386269
386270
386271
386272
386273
386274
386275
386276
386277
386278
386279
386280
386281
386283
386284
386285
386286
386288
386289
386291
386293
386294
386295
386296
386297
386299
386301
386302
386304
386306
386308
386312
386313
386315
386316
386318
386320
386322
386326
386328
386329
386330
386331
386332
386333
386334
386336
386340
386341
386342
386343
386345
386346
386347
386348
386349
386350
386351
386352
386353
386354
386355
386356
386357
386358
386359
386360
386361
386362
386364
386366
386367
386368
386369
386371
386372
386374
386376
386377
386378
386379
386380
386381
386382
386383
386384
386385
386387
386389
386391
386393
386394
386396
386398
386399
386400
386403
386404
386406
386408
386410
386412
386414
386416
386418
386423
386424
386427
386428
386431
386433
386434
386437
386440
386442
386444
386445
386450
386456
386458
386459
386463
386636
386637
386638
386639
386640
386641
386642
386643
386644
386645
386646
386647
386648
386649
386650
386651
386652
386653
386654
386655
386656
386657
386658
386659
386660
386661
386662
386663
386664
386665
386666
386667
386668
386669
386670
386671
386672
386673
386674
386675
386676
386677
386678
386679
386680
386681
386682
386683
386684
386685
386686
386687
386688
386689
386690
386691
386692
386693
386694
386695
386696
386697
386698
386700
386701
386702
386703
386705
386706
386707
386708
386709
386711
386712
386714
386715
386716
386717
386718
386719
386720
386721
386722
386723
386725
386726
386727
386728
386729
386730
386731
386732
386733
386734
386735
386736
386737
386738
386739
386740
386741
386742
386743
386744
386745
386746
386747
386748
386749
386750
386751
386752
386755
386756
386757
386759
386762
386764
386765
386766
386767
386768
386769
386770
386771
386772
386773
386774
386775
386776
386779
386784
386786
386787
386788
386789
386790
386791
386792
386794
386795
386796
386797
386799
386800
386802
386803
386804
386805
386806
386808
386809
386811
386812
386813
386815
386816
386817
386818
386820
386821
386822
386823
386825
386827
386828
386829
386831
386832
386833
386835
386836
386837
386838
386839
386842
386843
386844
386845
386846
386848
386849
386850
386852
386854
387020
387021
387022
387023
387024
387025
387026
387027
387028
387029
387030
387031
387032
387033
387034
387035
387036
387037
387038
387039
387040
387041
387042
387043
387044
387045
387046
387047
387048
387049
387050
387051
387052
387053
387054
387055
387056
387057
387058
387059
387060
387061
387062
387063
387064
387065
387066
387067
387068
387069
387070
387071
387072
387073
387074
387075
387076
387077
387078
387079
387080
387081
387082
387083
387084
387085
387086
387087
387088
387089
387090
387091
387092
387093
387094
387095
387097
387099
387100
387101
387102
387104
387105
387106
387107
387108
387109
387110
387111
387112
387113
387114
387115
387116
387117
387118
387119
387120
387121
387122
387123
387124
387125
387126
387134
387135
387136
387138
387139
387140
387141
387142
387143
387150
387151
387152
387153
387155
387156
387158
387159
387160
387161
387165
387166
387167
387168
387169
387170
387171
387173
387174
387176
387178
387179
387181
387182
387183
387184
387186
387187
387188
387189
387191
387193
387195
387196
387197
387198
387200
387201
387202
387203
387204
387205
387206
387207
387209
387210
387211
387212
387213
387214
387215
387216
387218
387219
387220
387221
387222
387223
387225
387226
387229
387231
387385
387386
387387
387388
387389
387390
387391
387392
387393
387394
387395
387396
387397
387398
387399
387420
387421
387422
387423
387424
387437
387438
387439
387440
387441
387448
387449
387450
387451
387452
387453
387454
387455
387456
387457
387458
387459
387461
387463
387464
387465
387474
387476
387477
387478
387485
387486
387487
387488
387489
387491
387492
387493
387494
387495
387496
387497
387498
387499
387500
387501
387502
387503
387505
387506
387508
387510
387511
387512
387513
387514
387515
387516
387518
387519
387522
387523
387525
387526
387527
387529
387531
387533
387535
387536
387537
387540
387542
387543
387704
387705
387706
387707
387708
387709
387710
387711
387712
387713
387714
387715
387716
387717
387718
387719
387720
387721
387722
387724
387725
387726
387727
387728
387729
387730
387731
387732
387733
387734
387735
387736
387737
387738
387739
387740
387741
387742
387743
387744
387745
387746
387747
387748
387749
387750
387751
387752
387754
387755
387756
387757
387758
387759
387760
387761
387762
387763
387764
387765
387766
387767
387768
387769
387770
387771
387772
387773
387774
387775
387776
387777
387778
387779
387780
387781
387782
387783
387784
387785
387786
387787
387788
387789
387790
387791
387792
387793
387794
387795
387796
387797
387798
387799
387800
387801
387802
387803
387804
387805
387806
387807
387808
387809
387810
387811
387812
387813
387814
387815
387816
387817
387818
387819
387820
387821
387822
387823
387824
387825
387826
387827
387828
387829
387830
387831
387832
387833
387835
387836
387837
387838
387839
387840
387841
387843
387844
387845
387846
387847
387848
387850
387851
387852
387853
387854
387856
387857
387858
387859
387860
387861
387862
387863
387864
387866
387867
387868
387869
387870
387871
387872
387873
387874
387875
387876
387877
387878
387880
387881
387882
387883
387884
387885
387887
387889
387891
387892
387893
387895
387896
387897
387898
387900
387901
387902
387903
387904
387905
387907
387909
387910
387912
387913
387914
387915
387916
387917
387918
387919
387920
387921
387922
387923
387924
387925
387927
387928
387931
387933
388089
388090
388091
388092
388093
388094
388096
388098
388099
388100
388101
388102
388103
388104
388105
388106
388107
388108
388109
388110
388111
388112
388113
388114
388115
388116
388117
388118
388119
388120
388121
388122
388123
388124
388125
388126
388127
388128
388129
388130
388131
388132
388133
388134
388136
388137
388138
388139
388140
388141
388142
388143
388144
388145
388146
388147
388148
388149
388150
388151
388152
388153
388154
388155
388156
388157
388158
388159
388160
388161
388162
388163
388164
388165
388166
388167
388168
388169
388170
388171
388172
388173
388174
388175
388176
388177
388178
388179
388181
388182
388183
388184
388185
388186
388187
388188
388189
388190
388191
388192
388193
388194
388195
388196
388197
388198
388199
388200
388201
388202
388203
388204
388205
388206
388207
388208
388209
388210
388211
388212
388213
388214
388215
388216
388217
388218
388219
388220
388221
388222
388223
388224
388225
388226
388227
388228
388229
388230
388231
388233
388234
388235
388236
388237
388238
388239
388240
388241
388243
388244
388246
388247
388249
388251
388252
388253
388254
388255
388256
388257
388258
388259
388260
388261
388262
388263
388265
388266
388267
388268
388270
388271
388272
388274
388275
388277
388278
388279
388280
388282
388283
388284
388285
388286
388287
388288
388289
388290
388291
388292
388293
388294
388295
388296
388297
388298
388299
388300
388302
388303
388304
388305
388306
388308
388309
388310
388311
388312
388313
388314
388316
388317
388501
388502
388503
388504
388505
388506
388507
388508
388509
388510
388511
388512
388513
388514
388515
388516
388517
388518
388519
388520
388521
388522
388523
388524
388525
388526
388527
388528
388529
388530
388531
388532
388533
388534
388535
388536
388537
388538
388539
388540
388541
388542
388543
388544
388545
388546
388547
388548
388549
388550
388551
388552
388553
388554
388555
388556
388557
388558
388559
388560
388561
388562
388563
388564
388565
388566
388567
388568
388569
388570
388571
388572
388573
388574
388575
388576
388577
388578
388579
388580
388581
388582
388583
388584
388585
388586
388587
388588
388589
388590
388591
388592
388593
388594
388595
388596
388597
388598
388600
388601
388602
388603
388604
388605
388606
388607
388608
388609
388610
388611
388612
388613
388614
388615
388616
388617
388618
388619
388620
388621
388622
388623
388625
388626
388627
388628
388629
388631
388632
388633
388634
388635
388637
388638
388639
388640
388641
388643
388644
388645
388646
388647
388648
388650
388652
388653
388654
388656
388657
388658
388660
388662
388663
388664
388666
389454
389455
389456
389457
389458
389459
389460
389461
389462
389463
389464
389465
389466
389467
389468
389469
389470
389471
389472
389473
389474
389475
389476
389477
389478
389479
389480
389481
389482
389483
389484
389485
389486
389487
389488
389489
389490
389491
389492
389493
389494
389495
389496
389497
389498
389499
389500
389501
389502
389503
389504
389505
389506
389507
389508
389509
389510
389511
389512
389513
389514
389515
389516
389517
389518
389519
389520
389521
389522
389523
389524
389525
389526
389527
389528
389529
389530
389531
389532
389533
389534
389535
389536
389537
389538
389540
389541
389542
389543
389544
389545
389546
389547
389548
389549
389550
389551
389552
389553
389554
389555
389556
389557
389558
389559
389560
389561
389562
389563
389564
389565
389566
389567
389568
389569
389570
389571
389572
389573
389574
389575
389576
389577
389578
389579
389580
389581
389583
389584
389585
389586
389587
389588
389589
389590
389591
389592
389593
389594
389595
389596
389597
389598
389599
389600
389601
389602
389603
389604
389605
389606
389607
389608
389609
389610
389611
389612
389613
389614
389615
389617
389618
389619
389620
389621
389622
389623
389624
389625
389626
389627
389628
389629
389630
389632
389634
389847
389848
389868
389873
389874
389875
389876
389877
389879
389880
389881
389882
389883
389884
389885
389886
389887
389888
389889
389890
389891
389892
389893
389896
389897
389898
389905
389907
389908
389912
390081
390082
390083
390084
390085
390086
390087
390088
390089
390090
390091
390092
390093
390094
390095
390096
390097
390098
390099
390100
390101
390102
390104
390105
390106
390107
390108
390109
390110
390112
390113
390114
390115
390116
390117
390118
390119
390120
390121
390122
390123
390124
390125
390126
390127
390128
390129
390130
390131
390132
390133
390134
390135
390136
390137
390138
390139
390140
390141
390142
390143
390144
390145
390146
390147
390148
390149
390150
390151
390152
390153
390154
390155
390156
390157
390158
390159
390160
390161
390162
390163
390164
390165
390166
390167
390168
390169
390170
390171
390172
390174
390175
390177
390178
390186
390187
390189
390190
390191
390192
390193
390194
390195
390196
390197
390198
390199
390202
390204
390206
390209
390213
390214
390215
390216
390217
390218
390219
390220
390221
390231
390232
390233
390234
390235
390236
390238
390241
390242
390243
390244
390245
390246
390247
390248
390249
390250
390251
390252
390253
390254
390256
390257
390258
390259
390260
390261
390262
390263
390264
390265
390266
390267
390268
390269
390270
390271
390272
390273
390274
390275
390276
390277
390278
390279
390280
390281
390282
390283
390284
390285
390286
390287
390288
390289
390290
390291
390292
390293
390294
390295
390296
390298
390299
390300
390486
390487
390488
390489
390490
390491
390492
390493
390494
390495
390496
390498
390499
390500
390501
390502
390503
390504
390505
390506
390507
390508
390509
390510
390511
390512
390513
390514
390515
390516
390517
390518
390519
390520
390521
390522
390523
390524
390525
390526
390527
390528
390529
390530
390531
390532
390533
390534
390535
390536
390537
390538
390539
390540
390541
390542
390543
390544
390545
390546
390547
390548
390549
390550
390551
390552
390553
390554
390555
390556
390557
390558
390559
390560
390561
390562
390563
390564
390565
390566
390567
390568
390569
390570
390571
390572
390573
390574
390575
390576
390577
390578
390579
390580
390581
390582
390583
390584
390585
390586
390587
390588
390589
390590
390591
390592
390593
390594
390595
390596
390597
390598
390599
390600
390601
390602
390603
390604
390605
390606
390607
390608
390609
390610
390611
390612
390613
390614
390615
390616
390617
390618
390619
390620
390621
390622
390623
390624
390627
390628
390634
390635
390636
390637
390638
390639
390640
390641
390642
390643
390644
390645
390646
390647
390648
390649
390650
390651
390652
390653
390654
390655
390656
390657
390658
390659
390660
390661
390662
390663
390664
390665
390666
390667
390668
390669
390671
390672
390673
390675
390676
390677
390678
390680
390852
390853
390854
390856
390857
390859
390860
390861
390862
390863
390864
390865
390866
390867
390868
390869
390870
390871
390872
390873
390874
390875
390876
390877
390878
390879
390880
390881
390882
390883
390884
390885
390887
390888
390889
390890
390891
390892
390893
390894
390895
390896
390897
390898
390899
390900
390901
390902
390903
390904
390905
390906
390907
390908
390909
390910
390911
390912
390913
390914
390915
390916
390917
390918
390919
390920
390921
390922
390923
390924
390925
390926
390927
390928
390929
390930
390931
390932
390933
390934
390935
390936
390937
390938
390939
390940
390941
390942
390943
390944
390945
390946
390947
390948
390949
390950
390951
390952
390953
390954
390955
390956
390957
390958
390959
390960
390961
390962
390963
390964
390965
390966
390967
390968
390969
390970
390971
390972
390973
390974
390975
390976
390977
390978
390979
390980
390981
390982
390983
390984
390985
390986
390987
390988
390989
390990
390991
390992
390993
390994
390995
390996
390997
390998
390999
391000
391001
391002
391003
391004
391005
391006
391007
391008
391009
391010
391011
391012
391013
391014
391015
391016
391017
391018
391019
391020
391021
391022
391023
391024
391025
391026
391027
391028
391029
391030
391031
391032
391033
391034
391035
391036
391037
391039
391040
391041
391042
391043
391045
391046
391047
391048
391049
391050
391051
391052
391053
391054
391055
391056
391057
391058
391059
391060
391063
391064
391065
391066
391067
391068
391070
391071
391231
391233
391235
391236
391237
391238
391240
391241
391242
391243
391244
391245
391248
391249
391251
391253
391254
391255
391258
391259
391261
391262
391264
391265
391267
391268
391269
391270
391272
391273
391274
391275
391276
391283
391284
391285
391286
391287
391288
391289
391290
391291
391292
391293
391294
391295
391296
391297
391298
391299
391300
391301
391302
391303
391304
391305
391306
391307
391308
391309
391310
391311
391312
391313
391314
391315
391316
391317
391318
391319
391320
391321
391322
391323
391324
391325
391326
391327
391328
391329
391330
391331
391332
391333
391334
391335
391336
391337
391338
391339
391340
391341
391342
391343
391344
391345
391346
391347
391348
391349
391350
391351
391352
391353
391354
391355
391356
391357
391358
391359
391360
391361
391362
391363
391364
391365
391366
391367
391368
391369
391370
391371
391372
391373
391374
391375
391376
391377
391378
391379
391380
391381
391382
391383
391384
391385
391386
391387
391388
391389
391390
391391
391392
391393
391394
391395
391396
391397
391398
391399
391400
391401
391402
391403
391404
391405
391406
391407
391408
391409
391410
391412
391413
391414
391415
391416
391417
391418
391419
391420
391421
391422
391423
391424
391425
391426
391427
391428
391429
391430
391431
391432
391433
391434
391435
391436
391437
391438
391439
391440
391441
391442
391443
391444
391446
391447
391448
391607
391608
391609
391611
391612
391613
391614
391615
391616
391617
391618
391619
391620
391621
391623
391624
391625
391627
391628
391635
391636
391637
391638
391640
391642
391644
391645
391646
391647
391648
391649
391650
391652
391653
391654
391655
391656
391657
391658
391659
391660
391661
391662
391663
391664
391665
391666
391667
391668
391669
391670
391671
391672
391673
391674
391675
391676
391677
391678
391679
391680
391681
391682
391683
391684
391685
391686
391687
391688
391689
391690
391691
391692
391693
391694
391695
391696
391697
391698
391699
391700
391701
391702
391703
391704
391705
391706
391707
391708
391709
391710
391711
391712
391713
391714
391715
391716
391717
391718
391719
391720
391721
391722
391723
391724
391725
391726
391727
391728
391729
391730
391731
391732
391733
391734
391735
391736
391737
391738
391739
391740
391741
391748
391749
391750
391751
391752
391753
391756
391757
391758
391759
391760
391761
391762
391763
391764
391765
391766
391767
391768
391769
391770
391771
391772
391773
391774
391775
391776
391777
391778
391779
391780
391781
391782
391783
391784
391785
391786
391787
391788
391789
391790
391791
391792
391793
391794
391795
391796
391797
391798
391799
391800
391801
391802
391803
391804
391805
391806
391807
391808
391809
391810
391811
391812
391814
391816
391817
392008
392009
392010
392011
392012
392014
392015
392016
392018
392019
392020
392021
392022
392023
392028
392029
392030
392031
392040
392041
392056
392057
392058
392059
392060
392061
392062
392063
392064
392065
392066
392067
392068
392069
392070
392071
392072
392073
392074
392075
392076
392077
392078
392079
392080
392081
392082
392083
392084
392085
392086
392087
392088
392089
392090
392091
392092
392093
392094
392095
392096
392097
392098
392099
392100
392101
392102
392103
392104
392105
392106
392107
392108
392109
392110
392111
392112
392113
392114
392115
392116
392117
392118
392119
392120
392121
392122
392123
392124
392125
392126
392127
392128
392129
392130
392131
392132
392133
392134
392135
392137
392139
392324
392629
392631
392632
392633
392634
392635
392636
392637
392639
392642
392645
392646
392648
392650
392652
392654
392656
392686
392690
392691
392693
392694
392695
392697
392698
392699
392709
392711
392712
392714
392715
392716
392719
392720
392721
392722
392724
392726
392727
392728
392729
392730
392732
392733
392734
392735
392736
392737
392739
392740
393046
393047
393048
393049
393050
393051
393052
393053
393054
393055
393057
393058
393059
393060
393062
393063
393064
393066
393067
393068
393070
393071
393072
393074
393075
393088
393092
393093
393095
393096
393099
393116
393118
393119
393120
393121
393122
393123
393124
393125
393126
393127
393128
393129
393130
393131
393132
393133
393135
393137
393139
393140
393143
393144
393147
393148
393149
393442
393445
393448
393449
393452
393453
393455
393457
393458
393459
393460
393462
393464
393466
393467
393468
393470
393473
393475
393478
393479
393480
393481
393482
393484
393485
393486
393489
393490
393492
393493
393495
393496
393498
393499
393501
393504
393505
393507
393510
393512
393513
393514
393516
393517
393518
393519
393520
393521
393522
393524
393525
393526
393528
393529
393535
393536
393537
393538
393539
393540
393541
393542
393543
393544
393546
393547
393548
393550
393551
393552
393553
393554
393556
393557
393559
393929
393942
393943
393944
393960
393961
393962
393963
393964
393965
394024
394025
394027
394028
395184
395185
395188
395189
395190
395191
395192
395200
395204
395205
395209
395215
395216
395218
395224
395226
395229
395230
395231
395232
395233
395234
395235
395236
395237
395238
395239
395240
395241
395242
395243
395244
395245
395246
395247
395248
395249
395250
395251
395252
395253
395254
395255
395256
395257
395260
395262
395264
395265
395266
395269
395270
395273
395276
395281
395490
395491
395492
395493
395494
395495
395501
395502
395504
395505
395506
395507
395508
395510
395512
395513
395514
395527
395528
395529
395530
395531
395532
395533
395534
395535
395536
395537
395538
395539
395540
395541
395542
395543
395544
395545
395546
395547
395553
395554
395555
395556
395557
395558
395559
395560
395561
395562
395563
395565
395566
395568
395572
395573
395574
395575
395576
395577
395578
395579
395580
395581
395582
395584
395962
395963
395964
395965
395966
395967
395968
395969
395970
395971
395972
395973
395974
395975
395976
395977
395978
395979
395980
395981
395982
395983
395984
395985
395986
395987
395988
395989
395990
395991
395992
395993
395996
395998
395999
396001
396002
396003
396005
396006
396008
396010
396011
396013
396014
396015
396017
396020
396021
396022
396023
396024
396025
396026
396027
396028
396029
396030
396031
396032
396033
396034
396035
396036
396037
396038
396039
396040
396041
396043
396045
396046
396047
396048
396049
396050
396051
396052
396053
396054
396055
396056
396057
396058
396059
396060
396061
396062
396063
396064
396065
396066
396067
396068
396070
396071
396072
396073
396341
396343
396344
396345
396346
396347
396348
396349
396350
396351
396352
396353
396354
396355
396356
396357
396358
396359
396360
396361
396362
396363
396364
396370
396371
396664
396665
396666
396667
396668
396669
396670
396671
396672
396673
396674
396675
396676
396677
396678
396679
397063
397064
397065
397066
397067
397068
397069
397070
397071
397072
397073
397074
397075
397076
397077
397078
397079
397080
397081
397082
397083
397084
397085
397086
397087
397088
397089
397090
397091
397092
397093
397094
397095
397096
397097
397098
397099
397100
397101
397102
397103
397104
397105
397106
397107
397108
397109
397110
397111
397112
397113
397114
397115
397116
397117
397118
397119
397120
397121
397122
397123
397124
397125
397126
397127
397128
397129
397130
397131
397132
397133
397134
397135
397136
397137
397138
397139
397140
397141
397142
397143
397144
397145
397151
397152
397153
397154
397155
397156
397157
397158
397159
397160
397161
397162
397163
397164
397165
397166
397167
397169
397170
397390
397391
397392
397393
397394
397395
397396
397397
397398
397399
397400
397401
397402
397403
397404
397405
397406
397407
397408
397409
397410
397411
397412
397413
397414
397415
397416
397417
397418
397419
397420
397421
397422
397423
397424
397425
397426
397427
397428
397429
397430
397431
397432
397433
397434
397435
397436
397437
397438
397439
397440
397441
397442
397443
397444
397445
397446
397447
397448
397449
397450
397451
397452
397453
397454
397455
397456
397457
397458
397459
397460
397461
397462
397463
397464
397465
397466
397467
397468
397469
397470
397471
397472
397473
397474
397475
397476
397477
397478
397479
397480
397481
397482
397483
397484
397485
397486
397487
397488
397489
397490
397491
397492
397493
397494
397495
397496
397497
397498
397715
397716
397717
397718
397719
397720
397721
397722
397723
397724
397725
397726
397727
397728
397729
397730
397731
397732
397733
397734
397735
397736
397737
397738
397739
397740
397741
397742
397743
397744
397745
397746
397747
397748
397749
397750
397751
397752
397753
397754
397755
397756
397757
397758
397759
397760
397761
397762
397763
397764
397765
397766
397767
397768
397769
397770
397771
397772
397773
397774
397775
397776
397777
397778
397779
397780
397781
397782
397783
397784
397785
397786
397787
397788
397789
397790
397791
397792
397793
397794
397795
397796
397797
397798
397799
397800
397801
397802
397803
397804
397805
397806
397807
397808
398222
398223
398224
398225
398226
398227
398228
398229
398230
398231
398233
398252
398253
398254
398255
398256
398257
398258
398259
398260
398261
398262
398263
398264
398265
398266
398267
398268
398269
398270
398271
398272
398273
398274
398275
398276
398277
398278
398279
398280
398281
398282
398283
398284
398285
398286
398288
398289
398290
398291
398292
398293
398294
398295
398296
398297
398298
398299
398300
398301
398302
398303
398304
398305
398306
398307
398308
398309
398310
398311
398312
398313
398314
398315
398316
398317
398318
398319
398320
398716
398717
398718
398719
398720
398721
398722
398723
398724
398725
398726
398727
398728
398729
398730
398731
398732
398733
398734
398735
398736
398737
398738
398739
398740
398741
398742
398743
398744
398745
398746
398747
398748
398749
398750
398751
398752
398753
398754
398755
398756
398757
398758
398759
398760
398761
398762
398763
398764
398769
398770
398771
398772
398773
398774
398775
398776
398777
398778
398779
398780
398781
398782
398783
398784
398785
398786
398787
398788
398789
398790
398791
398792
398793
398794
398795
398796
398798
398799
398800
398801
398802
398803
398804
398805
398806
398807
398808
398809
398810
398811
398812
398813
398814
398815
398816
399231
399232
399233
399234
399235
399252
399253
399254
399255
399256
399257
399258
399259
399260
399261
399262
399263
399264
399265
399266
399267
399268
399269
399270
399271
399272
399273
399274
399276
399277
399279
399280
399281
399282
399283
399284
399285
399286
399287
399288
399289
399290
399291
399292
399293
399294
399295
399296
399297
399299
399300
399302
399303
399304
399793
399794
399795
399796
399797
399798
399799
399801
400359
400361
400362
400363
400364
400365
400366
400367
400368
400369
400370
400371
400372
400373
400374
400375
400381
400382
400383
400384
400385
400386
400387
400388
400389
400390
400391
400392
400393
400394
400395
400396
400397
400398
400399
400400
400401
400402
400403
400404
400405
400406
400407
400408
400409
400410
400411
400412
400413
400414
400415
400416
400417
400418
400419
400420
400421
400422
400423
400424
400425
400426
400427
400428
400429
400430
400431
400432
400433
400434
400435
400436
400437
400438
400439
400440
400441
400442
400443
400444
400445
400446
400447
400448
400449
400450
400451
400452
400453
400454
400455
400456
400457
400458
400459
400460
400461
400462
400463
400464
400465
400466
400467
400468
400469
400470
400756
400757
400758
400759
400760
400762
400763
400764
400765
400766
400767
400768
400785
400786
400787
400788
400789
400790
400791
400792
400793
400794
400795
400796
400797
400798
400799
400800
400801
400802
400803
400804
400805
400806
400807
400808
400809
400810
400811
400812
400813
400814
400815
400816
400817
400818
400819
400820
400821
400822
400823
400824
400825
400826
400827
400828
400829
400830
400831
400832
400833
400834
400835
400836
400837
400838
400839
400840
400841
400842
400843
400844
400845
400846
400847
400848
400849
400850
400851
400852
401127
401130
401131
401133
401134
401135
401136
401137
401138
401139
401140
401141
401142
401143
401144
401145
401146
401147
401148
401149
401150
401151
401152
401153
401154
401155
401156
401157
401158
401159
401160
401161
401162
401163
401164
401165
401166
401167
401168
401169
401170
401171
401172
401173
401174
401175
401176
401177
401178
401179
401180
401181
401182
401183
401184
401185
401186
401187
401188
401189
401190
401191
401192
401193
401194
401195
401196
401197
401198
401199
401200
401201
401202
401203
401204
401205
401206
401207
401208
401209
401210
401211
401212
401213
401214
401215
401216
401217
401218
401219
401220
401221
401222
401223
401224
401225
401226
401227
401228
401229
401230
401231
401232
401233
401234
401235
401236
401237
401238
401239
401240
401241
401520
401521
401522
401537
401538
401553
401554
401555
401556
401557
401558
401559
401560
401573
401574
401575
401576
401577
401578
401579
401580
401581
401582
401583
401584
401857
401858
401859
401860
401861
401886
401887
401888
401889
401890
401891
401892
401893
401894
401895
401896
401897
401898
401899
401900
401901
401902
401903
401904
401905
401906
401907
401908
401909
401910
401911
401912
401913
401914
401915
401916
401917
401918
401919
401920
401921
401922
401923
401924
401925
401926
401927
401928
401929
401930
401931
401932
401933
401934
401935
401936
401937
401938
401939
401940
401941
402228
402230
402231
402232
402233
402234
402237
402238
402240
402241
402242
402243
402244
402246
402247
402248
402249
402250
402251
402252
402253
402254
402255
402256
402257
402258
402259
402260
402261
402262
402263
402265
402266
402267
402268
402269
402270
402271
402272
402273
402274
402275
402276
402277
402278
402279
402280
402281
402282
402283
402284
402285
402286
402287
402288
402289
402290
402291
402292
402293
402294
402295
402296
402297
402298
402299
402300
402301
402302
402303
402304
402305
402306
402307
402309
402310
402311
402312
402313
402314
402315
402316
402318
402319
402320
402321
402322
402323
402324
402325
402326
402327
402328
402329
402330
402331
402332
402333
402334
402335
402336
402337
402338
402339
402340
402341
402342
402343
402644
402645
402646
402647
402648
402649
402650
402651
402652
402653
402654
402655
402656
402657
402658
402659
402660
402661
402662
402663
402664
402665
402666
402667
402668
402669
402670
402671
402672
402673
402678
402679
402680
402681
402682
402683
402684
402685
402686
402687
402688
402689
402690
402691
402692
402693
402694
402695
402696
402697
402698
402699
402700
402995
402998
402999
403000
403007
403008
403010
403011
403019
403020
403022
403023
403024
403025
403026
403027
403028
403029
403030
403031
403032
403033
403034
403035
403036
403037
403038
403039
403040
403041
403042
403043
403044
403045
403046
403047
403048
403049
403050
403051
403052
403053
403054
403055
403056
403057
403058
403059
403060
403061
403062
403063
403064
403065
403066
403067
403068
403069
403070
403071
403072
403073
403074
403075
403076
403077
403078
403079
403080
403081
403082
403083
403084
403085
403086
403087
403088
403089
403090
403091
403092
403093
403094
403095
403096
403097
403098
403099
403100
403101
403102
403103
403104
403402
403403
403404
403405
403407
403408
403409
403410
403411
403412
403413
403414
403415
403416
403417
403418
403419
403420
403421
403422
403423
403424
403425
403426
403427
403428
403429
403430
403431
403432
403433
403434
403435
403436
403437
403438
403439
403440
403441
403442
403443
403444
403445
403447
403448
403449
403450
403451
403452
403453
403454
403455
403456
403457
403458
403459
403460
403461
403462
403463
403464
403465
403466
403467
403468
403469
403470
403471
403472
403473
403474
403475
403476
403477
403478
403479
403480
403481
403482
403483
403484
403485
403765
403767
403768
403769
403771
403773
403775
403776
403778
403779
403780
403781
403782
403783
403784
403785
403786
403787
403788
403789
403790
403791
403792
403794
403795
403796
403797
403798
403800
403801
403802
403803
403804
403805
403806
403807
403808
403809
403810
403811
403812
403813
403814
403815
403816
403817
403818
403819
403821
403822
403824
403825
403826
403827
403828
403829
403830
403831
403832
403833
403834
403835
403836
403837
403838
403839
403840
403841
403842
403843
403844
403845
403846
403847
403848
403849
403850
403851
403853
403854
403855
403856
403857
403858
403859
403860
403861
403862
403863
403864
403865
403867
403868
403869
403870
403871
403872
403876
403878
403879
403880
403881
403882
403883
403884
404169
404170
404171
404172
404173
404174
404175
404176
404177
404178
404179
404180
404181
404182
404183
404184
404185
404186
404187
404188
404189
404191
404192
404193
404194
404195
404196
404197
404198
404483
404484
404485
404486
404487
404488
404489
404490
404491
404492
404493
404494
404495
404496
404497
404498
404500
404501
404502
404503
404504
404506
404507
404508
404509
404511
404512
404513
404514
404515
404516
404517
404518
404519
404520
404521
404522
404523
404524
404525
404526
404527
404528
404530
404763
404779
404803
404804
404805
404806
404807
404808
404809
404810
404811
404812
404813
404814
404815
404816
404817
404818
404819
404821
404822
404823
404824
404825
404826
404827
404828
404829
404830
404831
404832
404833
404834
404835
404836
404837
404838
404839
404840
404841
404845
404846
405123
405124
405126
405129
405130
405131
405133
405134
405135
405136
405138
405139
405140
405141
405142
405143
405145
405146
405148
405149
405151
405152
405153
405154
405157
405159
405160
405161
405162
405167
405169
405171
405174
405175
405176
405183
405184
405185
405186
405187
405188
405190
405195
405196
405197
405198
405199
405201
405202
405203
405205
405214
405215
405216
407665
407666
407667
407668
407669
407670
407671
407672
407673
407674
407675
407676
407677
407678
407679
407680
407681
407682
407683
407684
407685
407686
407687
407688
407689
407690
407691
407692
407693
407697
407700
407702
407932
407933
407934
407936
407937
407938
407939
407940
407941
407942
407943
407944
407945
407946
407947
407948
407949
407950
407951
407952
407953
407954
407955
407956
407957
407958
407959
407960
407961
407962
407963
407964
407965
407966
407967
407968
407969
407970
407971
407972
407973
407974
407975
407976
407977
407978
407979
407980
407981
407982
407983
407984
407985
407986
407987
407988
407989
407990
407991
407992
407993
407994
407995
407996
407997
407998
407999
408000
408001
408002
408003
408004
408005
408006
408007
408008
408009
408010
408011
408012
408013
408014
408015
408016
408017
408018
408019
408020
408021
408022
408023
408024
408025
408026
408027
408028
408029
408030
408033
408035
408036
408037
408040
408042
408043
408044
408045
408047
408048
408049
408298
408299
408300
408301
408302
408303
408304
408305
408306
408307
408308
408309
408310
408311
408312
408313
408314
408315
408316
408317
408318
408319
408320
408321
408322
408323
408324
408325
408326
408327
408328
408329
408330
408331
408332
408333
408334
408335
408336
408337
408338
408339
408340
408341
408342
408343
408344
408345
408346
408347
408348
408349
408350
408351
408352
408353
408354
408355
408356
408357
408358
408359
408360
408361
408362
408363
408364
408365
408366
408367
408368
408369
408370
408371
408372
408373
408374
408375
408376
408377
408378
408379
408380
408381
408382
408383
408384
408385
408386
408387
408388
408390
408392
408394
408395
408397
408399
408401
408403
408408
408409
408655
408656
408657
408658
408659
408660
408661
408662
408663
408664
408665
408666
408667
408668
408669
408670
408671
408672
408673
408674
408675
408676
408677
408678
408679
408680
408681
408682
408683
408684
408685
408686
408687
408688
408689
408690
408691
408692
408693
408694
408695
408696
408697
408698
408699
408700
408701
408702
408703
408704
408705
408706
408707
408708
408709
408710
408711
408712
408713
408714
408715
408716
408717
408718
408719
408720
408721
408722
408723
408724
408725
408726
408727
408728
408729
408730
408731
408732
408733
408734
408735
408736
408737
408738
408739
408740
408741
408742
408743
408744
408745
408746
408747
408748
408749
408750
408752
408753
408754
408755
408756
408757
408758
408759
408760
408761
408762
408763
408765
408768
409020
409021
409022
409023
409024
409025
409026
409027
409028
409029
409030
409031
409032
409033
409034
409035
409036
409037
409038
409039
409040
409041
409042
409043
409044
409045
409046
409047
409048
409049
409050
409051
409052
409053
409054
409055
409056
409057
409058
409059
409060
409061
409062
409063
409064
409065
409066
409067
409068
409069
409070
409071
409072
409073
409074
409075
409076
409077
409078
409079
409080
409081
409082
409083
409084
409085
409086
409087
409088
409089
409090
409091
409092
409093
409094
409095
409096
409097
409098
409099
409100
409101
409102
409103
409104
409105
409106
409107
409108
409109
409110
409111
409112
409113
409114
409115
409116
409117
409118
409119
409120
409121
409122
409123
409124
409125
409126
409127
409128
409129
409130
409131
409379
409380
409381
409382
409393
409394
409395
409396
409397
409398
409399
409400
409401
409402
409403
409404
409405
409406
409407
409408
409409
409410
409411
409412
409413
409414
409415
409416
409417
409418
409419
409420
409421
409422
409423
409424
409425
409426
409427
409428
409429
409430
409431
409432
409433
409434
409435
409436
409437
409438
409439
409440
409441
409442
409443
409445
409446
409447
409448
409449
409450
409451
409452
409453
409454
409455
409456
409717
409718
409719
409720
409721
409722
409723
409724
409725
409726
409727
409740
409741
409748
409749
409750
409751
409752
409753
409754
409755
409756
409757
409758
409759
409760
409761
409762
409763
409764
409765
409766
409767
409768
409769
409770
409771
409772
409773
409774
409775
409776
409777
409778
409779
409780
409781
409782
409783
409784
409785
409786
409787
409788
409789
409790
409791
409792
409793
409795
409796
409797
409798
409799
409800
409801
409802
409803
409804
409805
409806
409807
409808
410094
410095
410096
410097
410098
410099
410100
410101
410102
410103
410104
410105
410106
410107
410108
410109
410110
410111
410112
410113
410114
410115
410116
410117
410118
410119
410120
410121
410122
410123
410124
410125
410126
410127
410128
410129
410130
410131
410132
410133
410134
410135
410136
410137
410138
410139
410140
410141
410142
410143
410144
410145
410146
410147
410148
410149
410150
410151
410152
410153
410154
410155
410156
410157
410158
410159
410160
410161
410162
410163
410164
410165
410166
410167
410168
410169
410170
410171
410172
410173
410174
410175
410176
410177
410178
410179
410180
410181
410182
410183
410184
410185
410186
410187
410188
410189
410190
410191
410192
410193
410194
410195
410196
410197
410198
410199
410200
410201
410202
410203
410477
410478
410479
410480
410481
410482
410483
410484
410485
410486
410487
410488
410489
410490
410491
410492
410493
410494
410495
410496
410497
410498
410499
410500
410501
410502
410503
410504
410505
410506
410507
410508
410509
410510
410511
410512
410513
410514
410515
410516
410517
410518
410519
410520
410521
410522
410523
410524
410525
410526
410527
410528
410529
410530
410531
410532
410533
410534
410535
410536
410537
410538
410539
410540
410541
410542
410543
410544
410545
410546
410547
410548
410549
410550
410551
410552
410553
410554
410555
410556
410557
410558
410559
410560
410561
410562
410563
410564
410565
410566
410567
410568
410569
410570
410571
410572
410573
410574
410575
410576
410577
410578
410579
410580
410581
410582
410583
410584
410585
410586
463792
463793
463794
463795
463796
463797
463798
463799
463800
463801
463802
463803
463804
463805
463806
463807
463808
463809
463810
463811
463812
463813
463814
463815
463816
463817
463818
463819
463820
463821
463822
463823
463824
463825
463826
463827
463828
463829
463830
463831
463832
464124
464127
464128
464130
464132
464133
464501
464502
464503
464504
464505
464506
464507
464508
464509
464510
464511
464518
464519
464521
464523
464524
464525
464526
464527
464528
464529
464530
464531
464532
464533
464534
464535
464536
464537
464538
464539
464540
464541
464542
464543
464545
464546
464547
464548
464549
464550
464551
464552
464553
464554
464555
464556
464557
464558
464559
464560
464561
464562
464563
464564
464565
464566
464567
464568
464569
464570
464571
464572
464573
464574
464575
464576
464577
464578
464579
464580
464581
464582
464583
464584
464585
464586
464587
464588
464590
464591
464593
464594
464595
464597
464599
464601
464602
464605
464607
464806
464807
464808
464811
464812
464813
464814
464815
464816
464817
464818
464819
464820
464821
464828
464829
464830
464831
464846
464847
464848
464849
464850
464851
464852
464853
464854
464855
464856
464857
464858
464859
464860
464861
464862
464863
464864
464865
464866
464867
464868
464869
464870
464871
464872
464873
464874
464875
464876
464877
464878
464879
464880
464881
464882
464883
464884
464885
464886
464887
464888
464889
464890
464891
464892
464893
464894
464895
464896
464897
464899
464900
464901
464902
464903
464904
464905
464906
464907
464908
464909
464910
464911
464912
464913
464914
464915
464917
464918
464919
464920
465233
465234
465235
465236
465237
465238
465239
465240
465241
465242
465243
465244
465245
465246
465247
465248
465249
465250
465251
465252
465253
465254
465255
465256
465259
465260
465261
465262
465263
465264
465265
465266
465267
465268
465269
465270
465271
465272
465274
465275
465276
465277
465279
465280
465281
465308
465309
465310
465317
465318
465319
465326
465327
465328
465329
465330
465331
465332
465597
465598
465599
465600
465601
465602
465604
465605
465606
465607
465608
465609
465610
465611
465612
465613
465614
465615
465616
465617
465618
465620
465622
465623
465624
465625
465626
465627
465628
465629
465632
465633
465634
465635
465638
465639
465640
465641
465642
465644
465657
465662
465663
465664
465665
465666
465667
465668
465669
465671
465672
465673
465678
465679
465685
465686
465688
465689
465690
465692
465697
465698
465989
465991
466003
466299
466300
466302
466303
466304
466305
466306
466307
466326
466341
466342
466343
466350
466351
466352
466353
466354
466355
466356
466357
466358
466359
466360
466361
466362
466363
466364
466366
466367
466369
466370
466371
466372
466373
466374
466375
466376
466377
466378
466379
466380
466381
466382
466383
466384
466741
466742
466746
466748
466749
466751
466752
466754
466755
466757
466758
466760
466761
466763
466764
466766
466767
466769
466770
466772
466773
466775
466776
466778
466779
466780
466782
466783
466784
466786
466787
466788
466789
466790
466791
466792
466793
466794
466795
466796
466797
466798
466799
466800
466801
466802
466803
466804
466805
466806
466807
466808
466809
466810
466811
466812
466813
466814
466815
466816
466817
466818
466819
466820
466821
466822
466823
466824
466825
466826
466827
466828
466829
466830
466831
466832
466833
466834
466835
466836
466837
466838
466839
466840
466841
466842
466843
466844
466845
466846
466847
466848
466849
466850
466851
466858
466859
466860
466861
466862
466863
466864
466865
466866
466867
466868
466869
466870
466871
466872
466873
466874
466875
466876
466877
466878
466879
466880
466881
466882
466883
466884
466885
466886
466887
466888
466889
466890
466891
466892
470004
470005
470006
470007
470008
470009
470010
470011
470012
470013
470014
470015
470016
470017
470018
470019
470020
470021
470022
470023
470024
470025
470026
470027
470029
470031
470033
470506
470507
470508
470509
470510
470512
470514
470534
470535
470536
470550
470555
470996
470998
471000
471002
471004
471005
471007
471009
471015
471017
471019
471021
471023
471024
471025
471026
471027
471034
471035
471037
471038
471039
471040
471041
471042
471043
471044
471045
471046
471047
471048
471049
471050
471051
471052
471054
471055
471056
471057
471058
471059
471060
471061
471062
471063
471064
471065
471066
471067
471068
471069
471070
471071
471072
471074
471076
471078
471079
471080
471081
471082
471083
471084
471085
471086
471087
471088
471089
471090
471091
471092
471093
471094
471095
471096
471097
471098
471099
471100
471101
471102
471103
471104
471105
471106
471107
471108
471109
471110
471111
471112
471113
471114
471115
471116
471117
471118
471119
471120
471121
471122
471123
471124
471125
471126
471127
471128
471129
471130
471131
471132
471133
471134
471135
471136
471137
471138
471139
473443
473444
473445
473446
473447
473448
473449
473451
473452
473453
473455
473456
473457
473458
473459
473460
473461
473462
473463
473464
473465
473466
473467
473468
473469
473470
473471
473472
473473
473474
473475
473476
473477
473478
473479
473480
473481
473482
473483
473484
473485
473490
473491
473492
473493
473495
473498
473500
473501
473502
473503
473504
473505
473506
473507
473508
473509
473510
473511
473512
473513
473514
473515
473516
473517
473518
473519
473520
473521
473522
473638
473639
473640
473644
473645
473646
473820
473821
473823
473825
473827
473828
473829
473830
473834
473835
473836
473837
473839
473840
473841
473842
473843
473844
473846
473847
473849
473850
473851
473852
473853
473854
473855
473856
473857
473858
473859
473860
473861
473862
473863
473864
473865
473867
473868
473870
473871
473873
473875
473876
473878
473879
473880
473882
473883
473884
473885
473886
473887
473888
474010
474011
474168
474169
474170
474171
474172
474173
474174
474175
474176
474177
474178
474179
474180
474181
474182
474185
474186
474187
474188
474189
474190
474191
474192
474193
474194
474195
474196
474197
474198
474199
474200
474201
474202
474203
474205
474206
474207
474208
474209
474210
474213
474214
474215
474216
474217
474218
474219
474220
474221
474222
474223
474224
474225
474226
474227
474229
474230
474231
474232
474233
474234
474235
474236
474237
474238
474239
474240
474241
474242
474243
474244
474245
474246
474247
474248
474249
474250
474251
474252
474253
474254
474255
474256
474257
474258
474259
474260
474261
474262
474263
474264
474265
474266
474267
474268
474269
474270
474271
474272
474273
474274
474275
474276
474277
474278
474279
474280
474281
474282
474283
474284
474285
474286
474287
474288
474289
474290
474291
474292
474293
474294
474295
474296
474297
474298
474299
474300
474301
474302
474303
474304
474306
474308
474309
474310
474341
474342
474343
474344
474345
474346
474347
474348
474349
474350
474351
474352
474353
474354
474355
474356
474357
474358
474359
474360
474361
474368
474369
474370
474371
474372
474373
474374
474375
474376
474377
474378
474379
474380
474381
474382
474383
474384
474385
474386
474387
474388
474389
474390
474391
474392
474393
474394
474395
474396
474397
474398
474399
474400
474401
474402
474403
474404
474405
474406
474407
474408
474409
474410
474411
474412
474413
474414
474415
474416
474417
474418
474419
474420
474421
474422
474423
474424
474425
474426
474427
474428
474429
474430
474431
474432
474433
475795
475796
475797
475798
475800
475801
475802
475803
475805
475806
475808
475809
475810
475811
475813
475814
475815
475817
475850
475851
475852
475853
475854
475855
475856
475857
475858
475859
475860
475861
475862
475863
475864
475865
475866
475867
475868
475869
475870
475871
475872
475873
475874
475875
475876
475914
475915
475916
475940
475945
475946
475947
475956
475958
475962
475963
475964
475965
475966
476256
476257
476259
476261
476263
476264
476266
476270
476272
476276
476278
476335
476336
476846
476850
476878
477260
477261
477262
477263
477264
477266
477267
477269
477305
477306
477307
477326
477327
477329
477330
477331
477384
477388
477391
477394
477396
477397
477398
477735
477754
477755
477756
477757
477758
477759
477760
477761
477762
477764
477767
477768
477769
477770
477771
477772
477773
477774
477775
477776
477777
477778
477779
477780
477781
477782
477783
478441
478477
478483
478487
478489
478493
478496
478498
478499
478500
478501
478502
478503
478505
478506
478507
478508
478509
478510
478511
478512
478513
478514
478515
478516
478517
479261
479712
479713
479714
479715
479716
479717
479718
479723
479725
479726
479727
479728
479740
479741
479742
479743
479744
479745
479746
479747
479748
479749
479750
479800
479801
479802
479803
479804
479805
479809
479810
479811
479812
479813
479814
479828
479829
479830
479884
480580
480581
480582
480583
480588
480596
480610
480612
480613
480614
480615
480616
480617
480618
480619
480914
480915
480932
481420
481422
481423
481424
481426
481428
481429
481435
481438
481439
481441
481442
481445
481446
481447
481448
481449
481450
481451
481452
481453
481454
481455
481456
481457
481458
481459
481460
481461
481462
481463
481464
481554
481591
481592
481593
481594
481595
481596
481597
481598
481599
481600
481601
481602
481824
481825
481826
481880
481913
482089
482105
482106
482107
482112
482115
482116
482118
482119
482120
482121
482122
482123
482183
482184
482185
482202
482203
482204
482205
482206
482207
482208
482209
482210
482371
482372
482373
482374
482375
482376
482377
482378
482379
482380
482381
482382
482383
482384
482385
482386
482387
482388
482389
482390
482391
482392
482405
482406
482407
482408
482409
482410
482411
482412
482413
482414
482415
482416
482417
482418
482419
482420
482421
482422
482423
482424
482425
482426
482427
482428
482429
482430
482431
482432
482433
482434
482435
482436
482437
482438
482439
482440
482441
482442
482443
482444
482746
482748
482807
482809
482810
482811
482812
482813
482814
482815
482816
482817
482818
482819
482820
482821
482822
482823
482825
482839
482840
482841
482850
482851
482852
482854
482855
482856
482857
482860
482861
483194
483195
483196
483197
483199
483200
483214
483215
483380
483462
483463
483464
483465
483469
483476
483477
483478
483480
484478
484479
484480
484481
484482
484483
484484
484485
484486
484487
484488
484489
484490
484491
484492
484493
484494
484495
484496
484497
484498
484499
484500
484501
484502
484503
484504
484505
484506
484508
484509
484510
484511
484513
484514
484515
484516
484517
484518
484519
484520
484521
484522
484523
484524
484525
484608
484609
484610
484611
484612
484613
484782
484783
484784
484785
484786
484787
484788
484789
484790
484791
484792
484793
484794
484795
484796
484797
484798
484799
484800
484801
484802
484803
484804
484805
484806
484807
484808
484809
484810
484811
484812
484813
484814
484815
484816
484817
484818
484819
484820
484821
484822
484823
484824
484825
484826
484827
484828
484829
484830
484832
484833
484834
484835
484836
484837
484838
484839
484840
484841
484842
484843
484844
484845
484846
484847
484848
484849
484850
484851
484852
484853
484854
484855
484856
484857
484858
484859
484860
484861
484862
484863
484864
484866
484867
484868
484869
484870
484871
484872
484879
484881
484882
484884
484885
484886
484887
484888
484889
484890
484891
484892
484893
484894
484895
484896
484897
484898
484899
484900
484901
484902
484903
484904
484905
484909
484910
484911
484912
484914
484915
484916
484918
484919
484920
484921
484922
484923
484925
484927
484931
484932
484933
484934
484935
484936
484937
484938
484939
484940
484941
484942
484943
484944
484945
484946
484947
484948
484949
484950
484951
484952
484953
484954
484955
484956
484957
484958
484959
484960
484961
484962
484963
484964
484965
484966
484967
484968
484969
484970
484971
484972
484973
484974
484975
484976
484977
484978
484979
484980
484981
484982
484983
484984
484985
484986
484987
484988
484989
484990
484991
484992
484993
484994
484995
484996
484997
484998
484999
485000
485001
485002
485003
485004
485005
485006
485007
485008
485009
485010
485011
485012
485013
485016
485021
485025
485026
485027
485028
485029
485030
485031
485032
485033
485034
485035
485200
485201
485202
485203
485204
485205
485206
485207
485208
485209
485210
485211
485212
485213
485214
485216
485217
485218
485219
485220
485221
485222
485223
485224
485225
485226
485228
485231
485232
485237
485239
485240
485241
485247
485256
485257
485258
485259
485260
485261
485262
485263
485264
485265
485266
485267
485268
485269
485270
485271
485272
485273
485274
485276
485277
485278
485279
485280
485281
485282
485283
485284
485285
485286
485287
485288
485289
485290
485291
485292
485293
485294
485295
485296
485297
485298
485299
485300
485301
485302
485303
485304
485305
485306
485307
485308
485309
485310
485311
485312
485313
485314
485315
485316
485317
485318
485319
485320
485321
485322
485323
485324
485325
485326
485327
485328
485331
485332
485333
485341
485342
485343
485345
485346
485348
485351
485352
485353
485355
485357
485358
485359
485360
485361
485362
485363
485364
485365
485366
485367
485368
485371
485376
485377
485378
485379
485380
485382
485384
485385
485402
486077
486078
486080
486089
486090
486091
486096
486097
486098
486099
486100
486101
486102
486107
486109
486110
486111
486113
486304
486305
486307
486308
486309
486310
486311
486312
486313
486314
486315
486316
486317
486318
486319
486320
486321
486322
486323
486324
486325
486326
486327
486328
486329
486330
486331
486332
486333
486334
486335
486336
486349
486350
486351
486352
486354
486370
486371
486372
486373
486378
486379
486380
486381
486382
486383
486384
486385
486386
486387
486388
486389
486390
486391
486392
486393
486394
486395
486396
486397
486398
486399
486400
486401
486402
486403
486404
486405
486406
486407
486408
486409
486410
486411
486412
486413
486414
486415
486424
486425
486427
486428
486429
486430
486431
486432
486433
486434
486435
486436
486437
486438
486439
486440
486441
486442
486443
486444
486445
486446
486447
486448
486449
486450
486451
486452
486453
486475
486714
486715
486716
486744
486745
486747
486748
486749
486750
486751
486752
486753
486754
486755
486756
486757
486758
486759
486760
486761
486762
486763
486764
486765
486766
486767
486768
486769
486770
486771
486772
486773
486774
486775
486776
486777
486778
486779
486780
486782
486783
486784
486785
486786
486787
486788
486789
486790
486791
486792
486793
486794
486795
486796
486797
486798
486799
486800
486801
486802
486804
486806
486807
486808
486809
486810
486811
486813
486814
486818
486819
486820
486822
486825
486827
486828
486829
486830
486831
486832
486833
486834
486835
486836
486838
486839
486840
486841
486846
486847
486848
486849
486852
486853
486854
486855
486856
486857
486858
486859
486860
486861
486862
487023
487032
487033
487034
487035
487037
487039
487041
487063
487064
487065
487067
487068
487074
487075
487076
487221
487239
488422
488423
488424
488425
488426
488427
488428
488429
488430
488431
488432
488433
488434
488435
488436
488437
488438
488439
488441
488442
488747
488748
488749
488750
488751
488752
488753
488754
488755
488756
488757
488758
488759
488760
488761
488762
488763
488764
488765
488766
488767
488768
488769
488770
488771
488772
488773
488774
488775
488776
488777
488820
488821
488822
488823
488824
488825
488826
488827
488828
488829
488830
488831
488832
488833
488834
488835
488836
488837
488838
488839
488840
488841
488842
488843
488844
488845
488846
488847
488848
488849
488850
488851
488852
488853
488854
488855
488856
488857
488858
488859
488860
488861
488862
488863
488864
488865
488866
488867
488868
488869
488870
488871
488872
488873
488874
488875
488876
488877
488878
488879
488880
488882
488883
488884
488886
488888
488890
488891
488892
488893
488894
488895
488896
488897
488898
488900
488901
488903
488904
488905
488906
488907
488908
488909
488910
488911
488912
488913
488917
488919
488921
488923
488925
488927
488929
488930
488931
488932
488933
488934
488935
488936
488937
489133
489136
489138
489148
489153
489154
489155
489156
489157
489158
489159
489160
489163
489167
489170
489171
489172
489173
489174
489175
489183
489190
489191
489192
489193
489194
489195
489196
489197
489198
489199
489203
489204
489209
489210
489211
489423
489424
489425
489426
489427
489441
489442
489443
489444
489445
489446
489448
489449
489450
489451
489452
489453
489466
489467
489468
489469
489470
489477
489478
489479
489481
489498
489508
489577
489886
489900
489901
489902
489903
489904
489905
489912
489913
489914
489915
489916
489917
489918
489919
489920
489921
489922
489923
489924
489925
489926
489927
489928
489929
489930
489931
489932
489933
489934
489935
489936
489937
489938
489943
489944
489951
489952
489953
489954
489955
489956
489957
489958
489963
489964
489965
489966
489967
489968
489969
489970
489971
489972
489991
489992
489993
489994
489995
489996
489997
489998
489999
490000
490001
490002
490003
490004
490005
490006
490007
490008
490009
490010
490011
490012
490013
490014
490016
490017
490018
490019
490020
490021
490022
490023
490024
490025
490028
490029
490030
490031
490032
490033
490037
490038
490039
490040
490041
490197
490198
490199
490200
490201
490202
490203
490204
490205
490206
490207
490208
490209
490210
490211
490212
490213
490215
490216
490218
490219
490220
490221
490222
490223
490224
490225
490226
490227
490228
490229
490230
490231
490232
490239
490240
490241
490242
490243
490244
490245
490246
490247
490248
490249
490250
490251
490252
490253
490254
490255
490256
490257
490258
490259
490260
490261
490262
490263
490264
490265
490266
490267
490268
490269
490270
490271
490272
490273
490274
490275
490276
490277
490278
490279
490280
490281
490282
490283
490284
490285
490286
490287
490288
490289
490290
490291
490292
490293
490294
490295
490296
490297
490298
490299
490300
490301
490302
490303
490304
490305
490306
490307
490308
490309
490310
490311
490312
490313
490314
490315
490316
490317
490318
490319
490320
490321
490322
490323
490324
490325
490326
490327
490328
490329
490330
490331
490332
490333
490334
490335
490336
490337
490338
490339
490340
490341
490342
490343
490344
490345
490346
490347
490348
490349
490350
490351
490352
490353
490354
490355
490356
490357
490358
490359
490360
490361
490362
490363
490364
490365
490366
490367
490368
490369
490370
490371
490372
490373
490374
490375
490376
490377
490378
490379
490380
490381
490382
490383
490384
490385
490386
490387
490388
490389
490390
490391
490392
490393
490394
490395
490396
490397
490398
490399
490400
490401
490403
490404
490405
490406
490407
490408
490409
490410
490411
490586
490587
490588
490589
490590
490591
490592
490593
490594
490595
490596
490597
490598
490599
490600
490601
490602
490603
490604
490605
490606
490607
490608
490609
490610
490611
490612
490613
490614
490615
490616
490617
490618
490619
490620
490621
490622
490623
490624
490625
490626
490627
490628
490629
490630
490631
490632
490633
490634
490635
490636
490637
490638
490639
490640
490641
490642
490643
490644
490645
490646
490647
490648
490649
490650
490651
490652
490653
490654
490655
490656
490657
490658
490659
490660
490661
490662
490663
490664
490665
490666
490667
490668
490669
490670
490671
490672
490673
490674
490675
490676
490677
490678
490679
490680
490681
490682
490683
490684
490685
490686
490687
490688
490689
490690
490691
490692
490693
490694
490695
490696
490697
490698
490699
490700
490701
490702
490703
490704
490705
490706
490707
490708
490709
490710
490711
490712
490713
490714
490716
490717
490719
490720
490721
490722
490723
490724
490725
490726
490727
490728
490729
490730
490731
490732
490733
490734
490735
490736
490737
490738
490739
490740
490741
490742
490743
490744
490746
490747
490748
490749
490750
490751
490752
490753
490754
490755
490756
490757
490758
490759
490760
490761
490762
490763
490764
490765
490766
490767
490768
490769
490770
490771
490772
490773
490774
490775
490776
490777
490778
490779
490780
490781
490782
490783
490784
490785
490786
490790
490791
490792
490793
490794
490795
490796
490797
490798
490799
490800
490801
490802
490803
490804
490805
490806
490807
490808
490809
490810
490811
490812
490814
490815
490977
490978
490979
490980
490981
490982
490983
490984
490985
490986
490987
490988
490989
490990
490991
490992
490993
490994
490995
490996
490997
490998
490999
491000
491001
491002
491003
491004
491005
491006
491007
491008
491009
491010
491011
491012
491013
491014
491015
491016
491017
491018
491019
491020
491021
491022
491023
491024
491025
491026
491027
491028
491029
491030
491031
491032
491033
491034
491035
491036
491037
491038
491039
491040
491041
491042
491043
491044
491045
491046
491047
491048
491049
491050
491051
491052
491053
491054
491055
491056
491057
491058
491059
491060
491061
491062
491063
491064
491065
491066
491067
491068
491069
491070
491071
491072
491073
491074
491075
491076
491077
491078
491079
491080
491081
491082
491084
491085
491086
491087
491088
491089
491090
491091
491092
491099
491100
491101
491102
491103
491104
491105
491106
491107
491108
491109
491110
491111
491118
491119
491120
491121
491122
491123
491124
491125
491126
491127
491128
491129
491130
491131
491132
491133
491134
491135
491136
491137
491138
491139
491140
491141
491142
491143
491144
491145
491146
491147
491148
491149
491150
491151
491152
491153
491154
491155
491156
491157
491158
491159
491160
491161
491162
491163
491164
491165
491166
491167
491168
491169
491170
491171
491172
491173
491174
491175
491176
491177
491178
491179
491180
491181
491182
491183
491184
491185
491186
491187
491188
491190
491192
491193
491194
491196
491197
491198
491199
491201
491202
491203
491204
491205
491206
492521
492522
492523
492524
492526
492527
492528
492529
492530
492531
492532
492533
492534
492535
492536
492537
492538
492539
492540
492541
492542
492543
492544
492545
492546
492547
492548
492549
492550
492551
492552
492718
492719
492720
492721
492722
492723
492724
492725
492726
492727
492728
492729
492730
492731
492732
492733
492734
492735
492736
492737
492738
492739
492740
492741
492742
492743
492744
492745
492746
492747
492748
492749
492756
492757
492758
492759
492760
492761
492762
492763
492764
492765
492766
492767
492768
492769
492770
492771
492772
492773
492774
492776
492777
492778
492779
492780
492781
492782
492783
492784
492785
492786
492787
492788
492789
492790
492791
492792
492793
492794
492795
492796
492797
492798
492799
492800
492801
492802
492803
492804
492805
492806
492807
492808
492809
492810
492811
492812
492813
492814
492815
492816
492817
492818
492819
492820
492821
492822
492823
492824
492825
492826
492827
492828
492829
492830
492831
492832
492833
492834
492835
492836
492837
492838
492839
492840
492841
492842
492843
492844
492845
492846
492847
492848
492849
492850
492851
492852
492853
492854
492855
492856
492857
492858
492859
492860
492861
492862
492863
492864
492865
492866
492867
492868
492869
492870
492871
492872
492873
492874
492875
492876
492877
492878
492879
492880
492881
492882
492883
492884
492885
492886
492887
492888
492889
492890
492891
492892
492893
492894
492895
492896
492897
492898
492899
492900
492901
492902
492903
492904
492905
492906
492907
492908
492909
492910
492911
492912
492913
492914
492915
492916
492917
492918
492919
492920
492921
492922
492923
492924
492925
492926
492927
492928
492929
492930
492931
492932
492933
492934
492935
492936
492937
492938
492939
492940
492941
492942
492943
492944
492945
493117
493118
493122
493123
493125
493126
493127
493128
493129
493130
493132
493133
493134
493135
493136
493137
493138
493139
493140
493141
493142
493143
493144
493145
493146
493147
493148
493149
493150
493151
493152
493153
493154
493155
493156
493157
493158
493159
493160
493161
493162
493163
493164
493165
493166
493167
493168
493169
493170
493171
493172
493173
493174
493175
493176
493177
493178
493179
493180
493181
493182
493183
493184
493185
493186
493187
493188
493189
493190
493191
493192
493193
493194
493195
493196
493197
493198
493199
493200
493201
493202
493203
493204
493205
493206
493207
493208
493209
493210
493211
493212
493213
493214
493215
493216
493217
493218
493219
493220
493221
493222
493223
493224
493225
493226
493227
493228
493229
493230
493231
493232
493233
493234
493235
493236
493237
493238
493239
493240
493241
493242
493243
493244
493245
493246
493247
493248
493249
493250
493251
493252
493253
493254
493255
493256
493257
493258
493259
493260
493261
493262
493263
493264
493265
493266
493267
493268
493269
493270
493271
493272
493273
493274
493275
493276
493277
493278
493279
493280
493281
493282
493283
493284
493285
493286
493287
493288
493289
493290
493291
493292
493293
493462
493463
493464
493465
493473
493478
493480
493481
493482
493483
493484
493485
493486
493489
493490
493491
493492
493493
493494
493495
493496
493497
493498
493499
493500
493506
493507
493508
493509
493510
493511
493512
493513
493514
493515
493516
493517
493518
493519
493520
493521
493522
493523
493524
493525
493526
493527
493528
493529
493530
493531
493532
493533
493534
493535
493536
493537
493538
493539
493540
493541
493542
493543
493544
493545
493546
493550
493551
493552
493553
493554
493555
493556
493557
493558
493559
493560
493561
493562
493563
493564
493565
493566
493567
493568
493569
493570
493580
493584
493586
493638
493639
493640
493641
493642
493644
493647
493658
493660
493662
493663
493664
493666
493667
493668
493671
493672
493673
493674
493675
493676
493677
493678
493679
494285
494286
494287
494288
494289
494291
494292
494293
494295
494296
494297
494298
494299
494300
494301
494302
494303
494304
494305
494306
494307
494308
494309
494310
494311
494312
494313
494314
494315
494316
494317
494318
494319
494320
494321
494322
494323
494324
494325
494326
494327
494328
494329
494330
494331
494332
494333
494334
494335
494336
494337
494338
494339
494340
494341
494342
494343
494344
494345
494346
494347
494348
494349
494350
494351
494352
494353
494354
494355
494356
494357
494358
494359
494360
494361
494362
494363
494364
494365
494366
494367
494368
494369
494370
494371
494372
494373
494374
494375
494376
494377
494378
494379
494380
494381
494382
494383
494384
494385
494386
494387
494388
494389
494390
494391
494392
494393
494394
494395
494396
494403
494404
494405
494406
494408
494664
494665
494678
494679
494680
494681
494682
494683
494684
494685
494688
494709
494710
494711
494712
494719
494726
494733
494734
494735
494736
494737
494738
494923
494924
494925
494926
494928
494930
494931
494932
494933
494934
494935
494936
494937
494938
494939
494940
494941
494942
494943
494944
494945
494946
494947
494948
494949
494950
494951
494952
494953
494954
494955
494956
494957
494958
494959
494960
494961
494962
494963
494964
494965
494966
494967
494968
494969
494970
494971
494972
494973
494974
494975
494976
494977
494978
494979
494980
494981
494982
494983
494984
494985
494986
494987
494988
494989
494990
494991
494992
494993
494994
494995
494996
494997
494998
494999
495000
495001
495002
495003
495004
495005
495006
495007
495008
495009
495010
495011
495012
495013
495014
495015
495016
495017
495018
495019
495020
495021
495022
495023
495024
495025
495026
495027
495028
495029
495030
495031
495032
495033
495034
495035
495036
495037
495038
495039
495040
495041
495042
495043
495044
495045
495046
495047
495048
495049
495050
495051
495052
495053
495054
495055
495056
495057
495058
495059
495060
495061
495062
495063
495064
495065
495066
495067
495068
495069
495070
495071
495072
495073
495074
495075
495076
495077
495078
495079
495080
495081
495082
495083
495084
495085
495086
495087
495088
495089
495090
495091
495092
495093
495094
495095
495096
495097
495098
495099
495100
495294
495297
495298
495299
495300
495301
495302
495303
495304
495305
495306
495307
495308
495309
495310
495311
495312
495313
495314
495315
495316
495317
495321
495322
495323
495324
495333
495336
495337
495338
495339
495340
495341
495342
495343
495344
495345
495346
495347
495348
495349
495350
495351
495352
495353
495354
495355
495356
495357
495374
495375
495379
495383
495386
495388
495389
495390
495394
495396
495397
495398
495399
495402
495407
495408
495409
495410
495412
495413
495414
495415
495416
495418
495419
495420
495424
495425
495426
495427
495430
495431
495432
495433
495434
495435
495436
495437
495439
495440
495441
495443
495445
495447
495448
495450
495453
495455
495456
495457
495458
495459
495460
495461
495462
495463
495464
495466
495470
495473
495474
495475
495713
495714
495715
495716
495717
495718
495719
495720
495726
495729
495730
495734
495735
495744
495747
495748
495749
495750
495751
495752
495753
495754
495755
495756
495757
495760
495761
495762
495763
495764
495765
495766
495767
495768
495769
495770
495774
495775
495776
495777
495778
495779
495780
495781
495782
495790
495795
495821
495828
495829
495830
495835
495836
495837
495838
495839
495841
495843
495844
495855
495856
495857
495859
495860
495861
495866
495868
495870
495872
495879
495880
495881
495882
495886
495887
495888
495889
495890
495891
495892
495893
495894
495895
495896
495897
495898
495899
495900
495901
495902
495903
495904
495905
495906
495907
495908
495909
495910
495911
495912
495913
495914
495915
495916
495917
495918
495919
495920
495921
495922
495923
495927
495928
496114
496128
496142
496152
496163
496166
496168
496169
496174
497384
497386
497388
497390
497392
497394
497396
497398
497400
497401
497403
497404
497406
497407
497409
497410
497412
497414
497415
497421
497422
497423
497425
497427
497429
497430
497765
497766
497767
497768
497769
497770
497771
497772
497773
497774
497775
497776
497777
497778
497779
497780
497781
497782
497783
497784
497785
497786
497787
497788
497789
497790
497791
497792
497793
497795
497796
497797
497798
497799
497800
497801
497802
497803
497804
497805
497806
497807
497808
497809
497810
497811
497812
497813
497814
497815
497816
497817
497818
497819
497820
497822
497823
497824
497825
497826
497827
497828
497829
497830
497831
497832
497833
497834
497835
497836
497838
497839
497841
497843
497845
497847
497849
497851
497853
497854
497855
497857
497859
497860
497862
497864
497865
497866
497868
497870
497872
497876
497878
497880
497882
497884
497886
497888
497890
497892
498169
498170
498171
498172
498173
498174
498175
498176
498177
498178
498179
498180
498181
498182
498183
498184
498185
498186
498187
498188
498189
498190
498191
498192
498193
498194
498195
498196
498197
498198
498199
498200
498201
498202
498203
498204
498205
498206
498207
498208
498209
498210
498211
498212
498213
498214
498215
498216
498217
498218
498219
498220
498221
498222
498223
498224
498225
498226
498227
498228
498229
498230
498231
498232
498233
498234
498235
498236
498237
498238
498239
498240
498241
498242
498243
498244
498245
498246
498247
498248
498249
498250
498251
498252
498253
498254
498255
498256
498257
498258
498259
498260
498261
498262
498263
498264
498265
498266
498267
498268
498269
498270
498271
498272
498273
498274
498275
498276
498277
498278
498279
498280
498281
498282
498283
498284
498285
498286
498287
498288
498289
498290
498291
498292
498293
498295
498296
498298
498299
498300
498301
498302
498303
498304
498305
498306
498307
498308
498309
498310
498311
498312
498313
498314
498315
498316
498318
498320
498322
498323
498325
498326
498328
498329
498331
498333
498334
498336
498338
498340
498342
498344
498345
498346
498348
498349
498350
498351
498352
498353
498355
498357
498359
498361
498362
498364
498367
498369
498370
498371
498372
498373
498374
498376
498377
498378
498379
498380
498382
498383
498384
498385
498386
498387
498388
498389
498391
498393
498394
498395
498715
498720
498721
498722
498723
498724
498725
498726
498727
498728
498729
498730
498731
498732
498733
498734
498735
498736
498737
498738
498739
498746
498747
498748
498749
498750
498753
498754
498755
498756
498757
498763
499014
499015
499016
499017
499018
499019
499020
499021
499022
499023
499024
499025
499026
499027
499028
499029
499030
499031
499032
499033
499034
499035
499036
499037
499038
499039
499040
499041
499042
499043
499044
499045
499048
499049
499050
499051
499052
499053
499054
499055
499056
499057
499058
499059
499060
499061
499062
499063
499064
499065
499066
499067
499068
499069
499070
499071
499072
499073
499074
499075
499076
499077
499078
499079
499080
499081
499082
499083
499084
499085
499086
499087
499089
499090
499091
499092
499093
499094
499095
499096
499097
499098
499099
499100
499101
499102
499103
499104
499105
499106
499107
499108
499109
499110
499111
499112
499120
499126
499128
499131
499132
499133
499134
499135
499136
499137
499138
499140
499141
499143
499144
499147
499148
499149
499150
499152
499153
499155
499156
499196
499197
499356
499357
499358
499359
499360
499361
499362
499363
499364
499365
499366
499367
499368
499369
499370
499372
499373
499374
499375
499376
499377
499378
499379
499380
499381
499382
499383
499384
499385
499386
499387
499388
499389
499390
499391
499392
499393
499394
499395
499396
499397
499398
499399
499400
499401
499402
499403
499404
499405
499406
499407
499408
499409
499410
499411
499412
499413
499414
499415
499416
499417
499418
499419
499420
499421
499422
499423
499424
499425
499426
499427
499428
499429
499430
499431
499432
499433
499434
499435
499436
499437
499438
499439
499440
499441
499442
499443
499444
499445
499446
499447
499448
499449
499450
499451
499452
499453
499454
499455
499456
499457
499458
499459
499460
499461
499462
499463
499464
499465
499466
499467
499468
499469
499470
499471
499472
499473
499474
499475
499476
499477
499478
499479
499480
499481
499482
499483
499484
499485
499486
499487
499488
499489
499490
499491
499492
499493
499494
499496
499497
499498
499499
499500
499501
499502
499503
499504
499505
499506
499507
499508
499509
499510
499511
499512
499513
499514
499515
499516
499517
499518
499519
499520
499522
499523
499525
499526
499527
499528
499529
499531
499532
499534
499535
499536
499538
499539
499540
499542
499544
499545
499546
499548
499549
499550
499551
499552
499553
499555
499556
500530
500531
500532
500533
500534
500535
500536
500537
500538
500541
500542
500543
500545
500546
500547
500548
500549
500550
500551
500552
500553
500554
500563
500564
500565
500566
500567
500568
500569
500570
500571
500579
500580
500787
500808
500809
500810
500811
500812
500813
500814
500815
500816
500818
500819
500820
500821
500822
500823
500824
500825
500826
500827
500828
500829
500830
500831
500832
500833
500834
500835
500836
500837
500838
500839
500840
500841
500842
500843
500844
500845
500846
500847
500848
500849
500850
500851
500852
500853
500854
500855
500856
500857
500858
500859
500860
500861
500862
500863
500864
500865
500866
500867
500868
500869
500870
500871
500873
500874
500875
500876
500877
500878
500879
500880
500881
500882
500883
500884
500885
500886
500887
500888
500889
500890
500891
500892
500893
500894
500895
500896
500897
500898
500899
500900
500901
500902
500903
501073
501074
501075
501076
501077
501079
501080
501081
501082
501083
501084
501105
501106
501107
501108
501109
501110
501111
501112
501113
501114
501115
501116
501117
501118
501119
501120
501121
501122
501123
501124
501125
501126
501127
501129
501130
501131
501132
501133
501134
501135
501136
501137
501138
501139
501140
501141
501142
501143
501144
501145
501146
501147
501148
501149
501150
501151
501152
501153
501154
501155
501156
501157
501158
501159
501160
501161
501162
501163
501164
501165
501166
501167
501168
501169
501170
501171
501172
501173
501174
501175
501176
501177
501178
501179
501180
501181
501182
501183
501184
501185
501186
501187
501188
501189
501190
501191
501192
501193
501194
501195
501196
501197
501198
501199
501200
501202
501203
501204
501205
501206
501207
501208
501209
501210
501212
501213
501214
501215
501216
501217
501218
501219
501220
501221
501222
501223
501224
501225
501226
501227
501228
501229
501230
501231
501232
501233
501234
501235
501636
501637
501638
501639
501640
501641
501642
501643
501664
501665
501666
501667
501668
501669
501670
501671
501672
501673
501674
501675
501676
501677
501678
501679
501680
501681
501682
501683
501684
501685
501686
501687
501688
501689
501690
501691
501692
501693
501694
501695
501696
501697
501698
501699
501700
501701
501702
501703
501704
501705
501706
501707
501708
501709
501710
501711
501712
501713
501714
501715
501716
501717
501718
501719
501720
501721
501722
501723
501724
501725
501726
501727
501728
501729
501730
501731
501732
501733
501734
501735
501736
501737
501738
501739
501740
501741
501742
501743
501744
501745
501746
501747
501748
501749
501750
501751
501752
501753
501754
501755
501756
501757
501758
501759
501760
501761
501762
501763
501764
501765
501766
501767
501768
501769
501770
501771
501772
501773
501774
501775
501776
501777
501778
501779
501780
501781
501782
501783
501784
501785
501786
501787
501788
501789
501790
501791
501792
501793
501794
501795
501796
501797
501798
501799
501800
501801
501802
501803
501804
501805
501806
501807
501808
501809
501810
501811
501812
501979
501980
501981
501982
501983
501984
502008
502009
502010
502011
502012
502013
502014
502015
502016
502017
502018
502019
502020
502021
502022
502023
502024
502025
502026
502027
502028
502029
502030
502031
502032
502033
502034
502035
502036
502037
502038
502039
502040
502041
502042
502043
502044
502045
502046
502047
502048
502049
502050
502051
502052
502053
502054
502055
502056
502057
502058
502059
502060
502061
502062
502063
502064
502065
502066
502067
502068
502069
502070
502071
502072
502073
502074
502075
502076
502077
502078
502079
502080
502081
502082
502083
502084
502085
502086
502087
502088
502089
502090
502091
502092
502093
502094
502095
502096
502097
502098
502099
502100
502101
502102
502103
502104
502105
502106
502107
502108
502109
502110
502111
502112
502113
502114
502115
502116
502117
502118
502119
502120
502121
502122
502123
502124
502125
502126
502127
502128
502129
502130
502131
502132
502133
502134
502135
502136
502137
502138
502139
502140
502141
502142
502143
502144
502145
502146
502147
502148
502149
502151
502152
502153
502154
502379
502380
502383
502390
502391
502392
502395
502398
502401
502402
502403
502407
502408
502409
502410
502419
502420
502421
502422
502429
502430
502432
502433
502434
502435
502436
502437
502438
502440
502441
502443
502444
502446
502447
502448
502449
502450
502451
502452
502655
502656
502657
502658
502659
502660
502661
502662
502663
502664
502665
502666
502667
502668
502669
502670
502671
502672
502673
502674
502675
502676
502677
502678
502680
502681
502682
502683
502684
502685
502686
502687
502688
502689
502690
502691
502692
502693
502694
502695
502696
502697
502698
502699
502700
502701
502702
502703
502704
502705
502706
502707
502708
502709
502710
502711
502712
502713
502714
502715
502716
502717
502718
502719
502720
502721
502722
502723
502724
502725
502726
502727
502728
502729
502730
502731
502732
502733
502734
502735
502736
502737
502738
502739
502740
502741
502742
502743
502744
502745
502746
502747
502748
502749
502750
502751
502752
502753
502754
502755
502756
502757
502758
502759
502760
502761
502762
502763
502764
502765
502766
502767
502768
502769
502770
502771
502772
502773
502774
502775
502776
502777
502778
502779
502780
502781
502782
502783
502784
502785
502786
502787
502788
502789
502790
502791
502792
502793
502794
502795
502796
502797
502798
502799
502800
502801
502802
502803
502804
502805
502806
502807
502808
502809
502810
502811
502812
502813
502814
502815
502816
502817
502818
502819
502981
502983
502984
502987
502988
502989
502990
502991
502992
502995
503002
503003
503005
503006
503007
503008
503009
503010
503011
503012
503013
503014
503015
503016
503017
503018
503019
503020
503021
503022
503023
503024
503025
503026
503027
503028
503029
503030
503031
503032
503033
503034
503035
503036
503037
503038
503040
503041
503042
503043
503044
503046
503047
503048
503049
503050
503051
503052
503053
503054
503055
503056
503057
503058
503059
503060
503061
503062
503063
503064
503065
503066
503067
503068
503069
503070
503071
503072
503073
503074
503075
503076
503077
503078
503521
503522
503523
503524
503525
503526
503527
503528
503533
503541
503542
503543
503544
503545
503547
503548
503549
503550
503551
503552
503553
503554
503556
503558
503560
503561
503563
503564
503565
503567
503568
503570
503571
503573
503575
504046
504047
504049
504051
504052
504053
504054
504055
504058
504059
504060
504061
504062
504063
504064
504065
504067
504069
504071
504073
504074
504075
504077
504079
504496
504497
504498
504500
504501
504502
504506
504514
504517
504518
504519
504521
504525
504526
504527
504530
504531
504547
504548
504549
504553
504554
504555
504556
504572
504573
504574
504575
504576
504577
504578
504579
504580
504581
504582
504584
504586
504588
504590
504592
504593
504595
504597
504599
504601
504602
504604
505003
505006
505007
505008
505009
505010
505011
505015
505018
505023
505024
505025
505026
505027
505044
505045
505437
505438
506666
506668
506672
506673
506674
506691
507377
507378
507379
507380
507381
507382
507383
507384
507385
507386
507387
507388
507389
507390
507393
507394
507396
507397
507409
507444
507445
507447
507448
507449
507450
507452
507453
507454
507459
507460
507461
507462
507463
507464
507723
507724
507725
507726
507727
507752
507753
507754
507755
507756
507757
507758
507759
507760
507761
507762
507763
507778
507779
507780
507781
507782
507783
507784
508038
508039
508040
508051
508052
508053
508054
508055
508056
508057
508058
508059
508060
508061
508062
508063
508064
508065
508066
508067
508068
508069
508070
508071
508072
508073
508074
508075
508076
508077
508078
508080
508081
508082
508083
508084
508085
508086
508087
508088
508089
508090
508091
508092
508093
508094
508095
508096
508097
508098
508099
508100
508101
508102
508103
508104
508105
508106
508107
508108
508109
508110
508111
508112
508113
508348
508349
508350
508351
508352
508353
508354
508355
508356
508357
508358
508359
508360
508361
508362
508363
508364
508365
508366
509092
509097
509099
509100
509101
509102
509373
509375
509376
509379
509380
509381
509382
509383
509384
509385
509386
509387
509388
509389
509390
509391
509392
509393
509394
509395
509396
509397
509398
509399
509400
509401
509402
509403
509404
509405
509406
509407
509408
509409
509410
509411
509412
509413
509414
509415
509416
509417
509418
509419
509420
509421
509422
509423
509424
509426
509681
509682
509683
509684
509685
509686
509687
509688
509689
509690
509691
509692
509693
509694
509695
509696
509697
509698
509699
509700
509701
509702
509704
509705
509706
509707
509708
509715
509716
509717
509718
509719
509720
509721
509722
509723
509724
509725
509726
509727
509728
509729
509730
509731
509732
509733
509734
509735
509736
509737
509738
509739
509740
509741
509742
509743
509744
509745
509746
509747
509748
509749
509750
509751
509752
509753
509754
509755
509756
509757
509758
509759
509760
509761
509762
509763
509764
509765
509766
509767
509768
509769
509770
510061
510062
510063
510064
510065
510066
510067
510068
510069
510070
510071
510072
510073
510074
510075
510076
510077
510079
510080
510082
510085
510086
510087
510088
510089
510090
510091
510092
510093
510094
510095
510096
510097
510098
510099
510100
510101
510102
510103
510104
510105
510106
510107
510108
510109
510110
510111
510112
510113
510114
510115
510116
510117
510118
510119
510120
510121
510122
510123
510124
510125
510126
510127
510128
510129
510130
510131
510132
510133
510134
510135
510136
510137
510138
510139
510140
510141
510142
510143
510144
510145
510146
510147
510148
510149
510150
510151
510152
510153
510154
510155
510156
510157
510158
510159
510160
510161
510162
510444
510445
510446
510447
510448
510449
510450
510451
510452
510453
510454
510455
510456
510457
510458
510459
510460
510461
510462
510463
510464
510467
510469
510470
510471
510472
510473
510474
510475
510476
510477
510478
510479
510480
510481
510482
510483
510484
510485
510486
510487
510488
510489
510490
510491
510492
510493
510494
510495
510496
510497
510498
510499
510500
510501
510502
510503
510504
510505
510506
510507
510508
510509
510510
510511
510512
510513
510514
510515
510516
510517
510518
510519
510520
510521
510522
510523
510524
510525
510526
510527
510528
510533
510534
510535
510536
510537
510768
510769
510770
510771
510772
510773
510774
510775
510776
510778
510779
510780
510782
510783
510784
510785
510787
510788
510789
510790
510791
510792
510793
510794
510795
510796
510797
510798
510799
510800
510801
510803
510804
510815
510816
510817
510818
510819
510820
510821
510822
510823
510824
510825
510826
510827
510828
510829
510830
510831
510832
510833
510834
510835
510836
510837
510838
510839
510840
510841
510842
510843
510844
510845
510846
510847
510848
510849
510850
510851
510852
510853
510854
510855
510856
510857
510858
510859
510860
510861
510862
511131
511132
511133
511134
511135
511136
511137
511138
511139
511140
511141
511142
511143
511144
511145
511146
511147
511148
511149
511150
511151
511152
511153
511154
511155
511156
511157
511158
511159
511160
511161
511162
511356
511357
511358
511359
511360
511361
511362
511363
511364
511365
511366
511367
511368
511369
511370
511371
511372
511373
511374
511375
511376
511377
511378
511379
511380
511381
511382
511383
511384
511385
511386
511387
511388
511389
511390
511391
511392
511393
511394
511395
511396
511397
511398
511399
511400
511401
511402
511403
511404
511405
511406
511754
511757
511760
511765
511766
511767
511768
511769
511770
511771
511772
511773
511774
511777
511779
511780
511781
511782
511783
511784
511785
511786
511787
511788
511789
511790
511791
511792
511793
511794
511795
511796
511797
511798
511799
511800
511801
511802
511803
511804
512124
512128
512133
512135
512136
512138
512139
512140
512141
512142
512143
512144
512145
512146
512147
512148
512149
512150
512151
512152
512153
512154
512155
512156
512157
512158
512159
512160
512161
512162
512163
512164
512165
512166
512167
512168
512169
512170
512171
512172
512173
512174
512175
512176
512178
512179
512181
512182
512183
512184
512186
512188
512189
512190
512192
512194
512196
512198
512200
512201
512203
512204
512205
512206
512207
512208
512209
512210
512556
512557
512559
512560
512561
512562
512563
512564
512566
512568
512570
512571
512572
512574
512576
512577
512579
512581
512582
512583
512584
512585
512588
512589
512590
512591
512592
512593
512594
512595
512597
512599
512601
512603
512604
512606
512608
512610
512612
512614
512616
512618
512620
512622
512624
512626
512628
512629
512631
512633
512635
512636
512638
512640
512642
512644
512645
512646
512649
512651
512652
512940
512965
512967
512969
512971
512994
513001
513003
513005
513007
513009
513011
513013
513016
513019
513022
513023
513312
513313
513314
513315
513316
513317
513318
513319
513320
513321
513322
513323
513324
513325
513326
513327
513328
513329
513330
513331
513332
513333
513334
513335
513336
513337
513338
513339
513340
513341
513342
513343
513344
513345
513346
513347
513348
513349
513350
513351
513352
513353
513354
513356
513357
513358
513359
513360
513361
513362
513363
513365
513367
513369
513371
513372
513373
513374
513376
513378
513380
513382
513384
513386
513388
513395
513397
513398
513400
513402
513403
513404
513406
513408
513410
513412
513413
513415
513417
513419
513421
513778
513779
513780
513781
513782
513783
513784
513785
513787
513788
513789
513791
513793
513795
513797
513799
513801
513813
513815
513816
513818
513819
513821
513848
513850
513852
514143
514144
514145
514146
514147
514148
514149
514150
514151
514152
514153
514154
514155
514156
514157
514158
514159
514160
514161
514162
514163
514164
514165
514167
514168
514169
514170
514171
514172
514173
514174
514175
514176
514177
514178
514179
514180
514181
514183
514184
514185
514186
514187
514188
514189
514190
514191
514192
514193
514194
514195
514196
514197
514198
514199
514200
514201
514202
514203
514204
514205
514206
514207
514208
514209
514210
514211
514212
514213
514215
514216
514217
514218
514219
514220
514221
514222
514223
514224
514225
514226
514227
514228
514229
514230
514231
514232
514233
514234
514235
514236
514237
514238
514239
514240
514241
514242
514243
514244
514245
514246
514247
514248
514249
514250
514251
514252
514253
514254
514255
514256
514257
514258
514259
514260
514261
514262
514263
514453
514454
514455
514456
514457
514458
514459
514460
514461
514462
514463
514464
514465
514466
514467
514468
514469
514470
514471
514472
514473
514474
514475
514476
514477
514478
514479
514480
514481
514482
514483
514484
514485
514486
514487
514488
514489
514490
514491
514492
514493
514494
514495
514496
514497
514498
514499
514500
514501
514502
514503
514504
514505
514506
514507
514508
514509
514510
514511
514512
514513
514514
514515
514516
514517
514518
514519
514520
514521
514522
514523
514524
514525
514526
514527
514528
514529
514530
514531
514532
514533
514534
514535
514536
514537
514538
514539
514540
514541
514542
514544
514546
514547
514548
514549
514550
514551
514552
514553
514554
514555
514556
514557
514558
514559
514561
514563
514564
514565
514566
514567
514568
514569
514772
514773
514774
514775
514776
514777
514778
514779
514780
514781
514782
514783
514784
514785
514786
514787
514788
514789
514790
514791
514792
514793
514794
514795
514796
514797
514798
514799
514800
514801
514802
514803
514804
514805
514806
514807
514808
514819
514820
514821
514822
514823
514824
514825
514826
514827
514828
514829
514830
514831
514832
514833
514834
514835
514842
514843
514844
514845
514847
514848
514849
514850
514851
514853
514854
514855
514856
514857
514858
514859
514860
514861
514862
514863
514864
514865
514866
514867
514868
514869
514870
514871
514872
515057
515058
515059
515060
515061
515062
515063
515064
515065
515066
515067
515068
515069
515070
515071
515072
515073
515074
515075
515076
515077
515078
515079
515080
515081
515098
515099
515100
515101
515102
515109
515110
515111
515112
515113
515114
515115
515116
515118
515119
515120
515122
515123
515124
515125
515126
515127
515129
515130
515314
515315
515316
515317
515318
515319
515320
515321
515334
515335
515336
515337
515338
515339
515340
515341
515342
515343
515344
515345
515346
515347
515348
515349
515350
515351
515352
515353
515354
515355
515356
515357
515358
515359
515360
515361
515362
515363
515364
515365
515366
515367
515368
515369
515370
515372
515373
515374
515375
515376
515378
515379
515380
515381
515382
515383
515384
515385
515386
515387
515388
515389
515390
515391
515392
515393
515394
515395
515396
515397
515398
515399
515400
515401
515402
515403
515404
515405
515406
515407
515408
515409
515410
515411
515412
515725
515726
515727
515728
515729
515730
515731
515732
515736
515737
515738
515739
515740
515741
515744
515745
515746
515748
515749
515750
515751
515752
515753
515754
515755
515756
515757
515758
515759
515760
515761
515762
515763
515764
515954
515955
515956
515957
515958
515959
515960
515961
515962
515963
515964
515965
515966
515967
515968
515969
515970
515971
515972
515973
515974
515975
515976
515977
515978
515979
515980
515981
515982
515983
515984
515985
515986
515987
515988
515989
515990
515991
515992
515993
515994
515995
515996
515997
515998
515999
516000
516001
516002
516003
516004
516005
516006
516007
516008
516009
516010
516011
516012
516013
516014
516015
516016
516017
516018
516019
516020
516021
516022
516023
516024
516025
516026
516027
516028
516029
516030
516031
516032
516033
516034
516035
516036
516038
516039
516040
516041
516042
516043
516044
516045
516046
516047
516048
516049
516050
516051
516052
516053
516054
516055
516056
516058
516059
516060
516061
516062
516063
516328
516329
516330
516331
516336
516337
516338
516339
516340
516341
516342
516348
516349
516350
516351
516352
516353
516357
516358
516359
516382
516383
516384
516425
516427
516428
516432
516444
516445
516725
516726
516727
516728
516730
516731
516734
516735
516743
516746
516747
516748
516749
516750
516751
516752
516753
516755
516756
516757
516758
516759
516760
516761
516765
516767
516768
516770
516771
516773
516774
516775
516776
516777
516778
516780
516781
516782
516783
516784
516785
516786
516787
516788
516789
516790
516791
516792
516793
516794
516795
516796
516797
516798
516799
516800
516801
516802
516803
516804
516805
516806
516807
516808
516809
516810
516811
516812
516813
516814
516815
516816
516817
516818
516819
516820
516821
516822
516823
516824
516825
516826
516827
516828
516829
516830
516831
516832
516833
516834
516835
516836
563929
563930
563931
563932
563933
563934
563936
563937
563938
563939
563940
563941
563942
563943
563944
563945
563946
563949
563950
563951
563952
563953
563954
563955
563956
563957
563958
563985
563986
563987
563988
563989
563990
563991
563992
563993
563994
563995
563996
563997
563998
563999
564000
564001
564002
564003
564004
564005
564006
564007
564008
564009
564010
564011
564012
564013
564014
564015
564016
564017
564018
564019
564020
564487
564488
564489
564490
564491
564492
564493
564494
564495
564496
564499
564500
564501
564503
564504
564505
564507
564508
564509
564510
564511
564512
564513
564514
564515
564516
564517
564518
564519
564520
564521
564522
564523
564525
564526
564527
564528
564529
564530
564531
564532
564533
564534
564535
564536
564537
564538
564539
564540
564541
564543
564545
564547
564553
564554
564589
564590
564597
564598
564599
564600
564601
565077
565078
565079
565080
565081
565082
565083
565084
565085
565086
565087
565088
565089
565090
565091
565092
565093
565094
565095
565097
565098
565099
565100
565101
565102
565103
565104
565105
565106
565107
565108
565109
565110
565111
565112
565113
565114
565115
565116
565117
565118
565119
565120
565121
565122
565123
565124
565125
565138
565139
565140
565141
565142
565143
565144
565145
565146
565147
565148
565149
565150
565151
565152
565153
565154
565155
565156
565157
565158
565159
565160
565161
565162
565163
565164
565165
565166
565167
565168
565169
565170
565171
565172
565173
565174
565175
565176
565177
565178
565179
565180
565181
565182
565183
565184
565185
565186
565187
565188
565189
565190
565191
565192
565193
565194
565195
565196
565197
565198
565199
565200
566559
566560
566561
566562
566563
566564
566565
566566
566567
566568
566569
566570
566571
566572
566573
566574
566575
566576
566604
566605
566940
566941
566942
566943
566944
566945
566946
566947
566948
566949
566950
566951
566952
566953
566954
566955
566956
566958
566959
566960
567003
567004
567005
567006
567008
567009
567010
567011
567393
567394
567395
567396
567397
567398
567399
567400
567402
567403
567404
567405
567406
567407
567408
567409
567410
567411
567412
567413
567414
567465
567466
567467
567468
567469
567470
567471
567472
567473
567474
567475
567476
567477
567478
567479
567480
567836
567837
567838
567839
567840
567841
567842
567843
567844
567845
567846
567847
567848
567849
567850
567851
567852
567853
567854
567855
567856
567857
567858
567859
567860
567861
567862
567863
567864
567865
567884
567885
567886
567887
567888
567889
567890
567891
567892
567893
567894
567895
567896
567897
567898
567899
567900
567901
567902
567903
567904
567905
567906
567907
567908
567909
567910
567911
567912
567913
567914
567915
567916
567917
567918
567919
567920
567921
567922
567923
567924
567925
567926
567927
567928
567929
567930
567931
567932
567933
567934
567935
567936
567937
567938
567939
567940
567941
567942
567943
567944
567945
567946
567947
567948
567949
567950
567951
567952
567953
567954
567955
567956
567957
567958
567959
567960
567961
567962
567963
567964
567965
567966
568705
568706
568707
568708
568709
568710
568729
568730
568731
568732
568733
568734
568735
568736
568737
568738
568739
568740
568741
568742
568743
568744
568745
568746
568747
568748
568749
568750
568751
568752
568753
568754
568755
568756
568757
568758
568759
568760
568761
568762
568763
568764
568765
568766
568767
568768
568769
568770
568771
568772
568773
568774
568775
568776
568777
568778
568779
568780
568781
568782
568783
568784
568785
568786
568787
568788
568789
568790
568791
568792
568793
568794
568795
568796
568797
568798
568799
568800
568805
568806
568807
568808
568809
568810
568811
568812
568813
568814
568815
568816
568817
568818
568819
568820
568821
569131
569132
569133
569134
569135
569136
569137
569138
569144
569145
569146
569147
569148
569149
569150
569151
569152
569153
569154
569155
569156
569157
569170
569171
569172
569173
569174
569175
569176
569177
569178
569179
569180
569181
569182
569183
569184
569185
569186
569187
569188
569189
569190
569191
569192
569193
569194
569195
569196
569197
569198
569199
569200
569201
569202
569203
569204
569205
569206
569207
569208
569209
569210
569211
569212
569213
569214
569215
569216
569217
569218
569219
569220
569221
569222
569223
569224
569225
569226
569227
569228
569229
569230
569231
569232
569233
569234
569235
569236
569237
569238
569239
569240
569241
569242
569243
569244
569245
569246
569247
569248
569249
569250
569251
569252
569253
569561
569562
569563
569564
569565
569566
569567
569568
569569
569570
569571
569572
569573
569574
569575
569576
569583
569584
569585
569586
569587
569588
569589
569594
569595
569596
569597
569598
569599
569600
569601
569602
569603
569604
569605
569606
569607
569608
569609
569610
569611
569628
569629
569630
569631
569632
569633
569634
569635
569636
569637
569638
569639
569640
569641
569642
569643
569644
569645
569646
569647
569648
569649
569650
569651
569652
569653
569654
569655
569656
569657
569658
569659
569660
569661
569662
569663
569664
569665
569666
569667
569668
569669
569846
569847
569848
569849
569850
569851
569852
569853
569854
569855
569856
569857
569858
569859
569860
569861
569862
569863
569864
569865
569866
569867
569868
569869
569870
569871
569872
569873
569874
569875
569876
569877
569878
569879
569880
569881
569882
569883
569884
569885
569886
569887
569888
569889
569890
569891
569892
569893
569894
569895
569896
569897
569898
569899
569900
569901
569902
569903
569904
569905
569906
569907
569908
569909
569910
569911
569912
569913
569914
569916
569917
569918
569919
569920
569921
569922
569923
569924
569925
569926
569927
569928
569929
569930
569931
569932
569933
569934
569935
569936
569937
569938
569939
569940
569941
569942
569943
569944
569945
569946
569947
569948
569949
569950
569951
569952
569953
569954
569955
569956
569957
569958
569959
569960
569961
569962
569963
569964
569965
569966
569967
569968
569969
569970
569971
569972
569973
569974
569975
570157
570158
570159
570160
570161
570196
570197
570198
570205
570206
570223
570234
570235
570236
570237
570430
570431
570432
570433
570434
570435
570436
570437
570438
570439
570440
570441
570442
570443
570444
570445
570446
570447
570448
570449
570450
570451
570452
570453
570454
570455
570456
570457
570476
570477
570478
570479
570480
570481
570482
570483
570484
570485
570486
570487
570488
570489
570490
570491
570492
570493
570494
570495
570496
570497
570498
570499
570502
570506
570527
570529
570530
570531
570748
570749
571037
571038
571039
571040
571041
571052
571053
571054
571055
571056
571057
571058
571075
571076
571077
571078
571080
571081
571082
571083
571084
571085
571086
571087
571088
571089
571090
571091
571092
571093
571094
571103
571104
571105
571106
571107
571108
571109
571110
571111
571112
571113
571114
571115
571116
571117
571452
571485
571486
571487
571488
571489
571490
571491
571492
571493
571494
571495
571496
571497
571498
571499
571500
571501
571502
571503
571504
571505
571506
571507
571508
571509
571510
571511
571512
571514
571515
571516
571517
571518
571519
571673
571674
571676
571681
571683
571684
571686
571691
571692
571695
571696
571697
571698
571699
571709
571712
571715
571716
571717
571718
571719
571720
571721
571722
571723
571724
571725
571726
571727
571728
571729
571730
571737
571746
571747
571748
571749
571750
571751
571752
571753
571754
571755
571756
571757
571758
571759
571760
571761
571762
571763
571764
571765
571766
571767
571768
571769
571770
571771
571772
571773
571774
571775
571776
571777
571778
571779
571780
571781
571782
571783
571784
571785
571786
571787
571788
571789
571790
571791
571792
571793
571794
571795
571796
571797
571798
571799
571800
571801
571802
571803
571804
571805
571806
571807
571808
571809
571810
571811
571812
571813
571814
571815
571816
571817
571818
571820
571821
571822
571829
571830
571831
571832
571833
571834
571835
571836
571837
571838
571839
571840
571841
571842
571843
571844
571845
571846
571847
571848
571849
571850
571851
571852
571853
571854
571855
571856
571857
571858
571871
571872
571873
571874
571875
571876
571877
571878
571879
571880
571881
571882
571883
571884
571885
571886
571887
571888
571889
571890
571891
571892
571893
571894
571895
571896
571897
571898
571899
571900
571901
571902
571903
571904
571905
571906
571907
571908
571909
571910
571911
571912
571913
572083
572084
572085
572086
572087
572088
572089
572090
572091
572092
572093
572094
572095
572096
572097
572098
572099
572100
572101
572102
572103
572104
572106
572107
572108
572109
572110
572111
572113
572114
572115
572116
572117
572118
572119
572120
572121
572122
572123
572124
572125
572126
572127
572128
572129
572130
572131
572132
572133
572134
572135
572136
572137
572138
572139
572140
572141
572142
572143
572144
572145
572146
572147
572148
572149
572150
572151
572152
572153
572154
572155
572156
572157
572158
572159
572160
572161
572162
572163
572164
572165
572166
572167
572168
572169
572170
572171
572172
572173
572174
572175
572176
572177
572178
572179
572180
572181
572182
572183
572184
572185
572186
572187
572188
572189
572190
572191
572192
572193
572194
572195
572196
572197
572198
572199
572200
572201
572202
572203
572204
572205
572206
572207
572208
572209
572210
572211
572212
572213
572214
572215
572216
572217
572218
572219
572220
572221
572222
572223
572224
572225
572226
572227
572228
572229
572230
572231
572232
572233
572234
572235
572236
572237
572238
572239
572240
572241
572242
572243
572244
572245
572246
572247
572248
572249
572250
572251
572252
572253
572255
572256
572257
572258
572259
572260
572261
572262
572263
572264
572265
572266
572267
572268
572269
572270
572271
572272
572273
572274
572275
572276
572277
572278
572279
572280
572281
572282
572283
572284
572285
572286
572287
572288
572289
572290
572291
572292
572293
572294
572295
572296
572297
572298
572299
572300
572301
572302
572303
572304
572305
572306
572307
572308
572309
572310
572311
572312
572313
572314
572315
572316
572317
572318
572319
572320
572321
572322
572323
572324
572325
572326
572327
572328
572329
572330
572331
572332
572333
572334
572335
572336
572337
572338
572339
572340
572341
572342
572343
572344
572345
572346
572347
572348
572436
572437
572438
572439
572440
572441
572442
572443
572444
572445
572446
572447
572448
572449
572450
572451
572452
572453
572454
572455
572456
572457
572458
572459
572460
572461
572462
572463
572464
572465
572466
572467
572468
572469
572470
572471
572472
572473
572474
572475
572476
572477
572478
572479
572480
572481
572482
572483
572484
572485
572486
572487
572488
572489
572490
572491
572492
572493
572494
572495
572496
572497
572499
572500
572501
572502
572503
572504
572505
572506
572507
572508
572509
572510
572511
572512
572513
572514
572515
572516
572517
572518
572519
572520
572521
572522
572523
572524
572525
572526
572527
572528
572529
572530
572531
572532
572533
572534
572535
572536
572537
572538
572539
572540
572541
572542
572543
572544
572545
572546
572547
572548
572549
572550
572551
572552
572553
572554
572555
572556
572557
572558
572559
572560
572561
572562
572563
572564
572565
572566
572567
572568
572569
572570
572571
572572
572573
572574
572575
572576
572577
572578
572579
572580
572581
572582
572583
572584
572585
572586
572587
572588
572589
572590
572591
572592
572593
572614
572615
572616
572617
572618
572619
572621
572622
572623
572624
572625
572626
572627
572628
572629
572630
572631
572632
572633
572634
572636
572637
572638
572639
572640
572641
572642
572643
572644
572645
572646
572647
572648
572649
572650
572651
572652
572653
572654
572655
572656
572657
572658
572659
572660
572661
572662
572663
572664
572665
572666
572667
572668
572669
572670
572671
572672
572673
572674
572675
572676
572677
572678
572679
572680
572681
572682
572683
572684
572685
572686
572687
572688
572689
572690
572691
572692
572693
572694
572695
572696
572697
572698
572699
572700
572701
572702
572703
572704
572705
572706
572707
572708
572709
572710
572711
572712
572713
572714
572715
572716
572717
572718
572719
572720
572721
572722
572723
572724
572916
572917
572918
572919
572923
572924
572925
572929
572930
572931
573019
573020
573021
573022
573023
573024
573025
573026
573027
573028
573029
573030
573031
573032
573033
573034
573035
573036
573037
573068
573069
573070
573071
573072
573073
573074
573075
573076
573077
573078
573079
573080
573081
573082
573083
573084
573085
573086
573087
573088
573089
573090
573091
573092
573093
573094
573095
573096
573097
573098
573099
573100
573101
573102
573103
573104
573105
573106
573107
573108
573109
573110
573111
573112
573113
573114
573115
573116
573117
573118
573119
573120
573121
573122
573123
573124
573125
573126
573127
573128
573129
573130
573131
573132
573133
573134
573135
573136
573137
573138
573139
573140
573141
573142
573143
573144
573145
573146
573147
573148
573149
573150
573151
573152
573153
573154
573155
573156
573157
573158
573159
573160
573161
573162
573163
573164
573165
573166
573167
573168
573346
573349
573353
573354
573355
573357
573358
573359
573360
573361
573362
573363
573364
573365
573366
573373
573374
573375
573382
573392
573393
573394
573395
573396
573398
573399
573400
573401
573403
573405
573406
573407
573408
573409
573416
573417
573418
573419
573420
573421
573422
573423
573424
573425
573429
573430
573431
573440
573442
573443
573444
573445
573446
573447
573448
573449
573450
573451
573452
573453
573454
573463
573464
573465
573466
573468
573469
573470
573471
573472
573473
573474
573476
573477
573478
573479
573480
573481
573482
573483
573484
573486
573487
573488
573489
573490
573491
573492
573493
573494
573495
573496
573497
573512
573513
573514
573515
573516
573517
573518
573519
573520
573521
573522
573523
573524
573525
573526
573527
573528
573530
573531
573532
573533
573534
573535
573536
573537
573538
573549
573550
573551
573552
573553
573556
573557
573559
573577
573578
573579
573580
573581
573582
573583
573584
573778
573780
573781
573785
573786
573790
573792
573793
573794
573795
573803
573804
573805
573806
573807
573808
573816
573819
573820
573823
573824
573825
573826
573827
573828
573829
573830
573831
573832
573833
573834
573835
573836
573837
573838
573840
573841
573842
573843
573844
573845
573896
573906
573921
573922
573927
573928
573929
573935
573937
573942
574288
574289
574293
574294
574295
574303
574304
574305
574306
574307
574308
574309
574311
574312
574319
574320
574321
574324
574343
574344
574357
574705
574706
574708
574709
574740
574741
575676
575677
575678
575679
575680
575681
575682
575683
575684
575685
575686
575687
575688
575689
575690
575691
575692
575693
575694
575695
575696
575697
575698
575699
575700
575701
575702
575703
575704
575705
575706
575707
575708
575709
575710
575711
575712
575713
575714
575715
575717
575718
575731
575732
575733
575734
575735
575736
575737
575738
575739
575740
575741
575742
575743
575744
575745
575746
575747
575748
575749
575750
575751
575752
575753
575754
575755
575756
575757
575758
575759
575760
575761
575762
575763
575764
575765
575766
575767
575768
575769
575770
575771
575772
575773
575774
575775
575776
575777
575778
575779
575780
575781
575782
575783
575784
575785
575786
575863
576020
576021
576022
576023
576024
576025
576026
576027
576028
576029
576030
576031
576032
576033
576034
576035
576036
576037
576038
576039
576040
576041
576042
576043
576044
576045
576046
576048
576049
576050
576051
576052
576053
576054
576055
576056
576057
576058
576059
576060
576061
576062
576063
576064
576065
576066
576067
576068
576069
576070
576071
576072
576073
576074
576075
576076
576077
576078
576079
576080
576081
576082
576083
576084
576085
576086
576087
576088
576089
576090
576091
576092
576093
576094
576095
576096
576098
576099
576100
576101
576102
576103
576104
576106
576107
576108
576109
576110
576111
576112
576113
576114
576115
576116
576117
576118
576119
576120
576121
576122
576123
576124
576125
576126
576127
576128
576129
576130
576131
576132
576133
576134
576135
576136
576137
576138
576139
576140
576141
576142
576143
576144
576145
576146
576147
576148
576149
576162
576163
576164
576165
576166
576167
576168
576169
576170
576171
576172
576173
576174
576175
576176
576177
576178
576179
576180
576181
576182
576183
576184
576185
576186
576187
576188
576189
576190
576191
576192
576193
576194
576196
576197
576198
576199
576200
576201
576202
576203
576204
576205
576206
576207
576208
576209
576211
576212
576213
576214
576215
576216
576217
576218
576219
576220
576221
576222
576223
576224
576225
576226
576227
576228
576229
576230
576231
576232
576233
576234
576235
576236
576237
576238
576239
576240
576241
576242
576243
576244
576245
576246
576247
576248
576249
576250
576251
576252
576253
576254
576255
576256
576257
576258
576259
576416
576417
576418
576419
576420
576421
576422
576423
576424
576425
576426
576427
576428
576429
576430
576431
576432
576433
576434
576435
576436
576437
576438
576439
576440
576441
576442
576443
576444
576445
576446
576447
576448
576450
576451
576452
576453
576454
576455
576456
576457
576458
576459
576460
576461
576462
576463
576464
576465
576466
576467
576468
576469
576470
576471
576472
576473
576474
576475
576476
576477
576478
576479
576480
576481
576482
576483
576484
576485
576486
576487
576488
576489
576490
576491
576492
576493
576494
576495
576496
576497
576498
576499
576500
576501
576502
576503
576504
576505
576506
576507
576508
576509
576510
576511
576512
576513
576514
576515
576516
576517
576518
576519
576520
576521
576522
576523
576524
576525
576526
576527
576528
576529
576530
576531
576532
576533
576534
576535
576536
576537
576538
576539
576540
576551
576552
576553
576554
576555
576556
576557
576558
576559
576560
576561
576562
576563
576564
576565
576566
576567
576568
576569
576570
576571
576572
576573
576574
576575
576576
576577
576578
576579
576580
576581
576582
576583
576584
576585
576586
576587
576588
576589
576590
576591
576592
576593
576594
576595
576596
576597
576598
576599
576600
576601
576602
576603
576604
576605
576606
576607
576608
576609
576610
576611
576612
576613
576614
576615
576616
576617
576618
576619
576620
576621
576622
576623
576624
576625
576626
576627
576628
576629
576630
576631
576632
576633
576634
576635
576636
576637
576638
576639
576640
576641
576642
576643
576644
576645
576646
576647
576648
576649
576650
576651
576652
576653
576654
576655
576656
576657
576658
576659
576660
576661
576662
576663
576664
576665
576666
576667
576668
576669
576670
576671
576672
576825
576826
576827
576828
576829
576830
576831
576832
576833
576834
576835
576836
576837
576838
576839
576840
576841
576842
576843
576844
576845
576846
576847
576848
576849
576850
576851
576852
576853
576854
576855
576856
576857
576858
576859
576860
576861
576862
576863
576864
576865
576866
576869
576870
576871
576872
576873
576874
576875
576876
576877
576878
576879
576880
576881
576882
576883
576884
576885
576886
576887
576888
576889
576890
576891
576892
576893
576894
576895
576896
576897
576898
576899
576900
576902
576903
576904
576905
576906
576908
576909
576910
576911
576912
576913
576914
576915
576916
576917
576918
576919
576920
576921
576922
576923
576927
576928
576929
576930
576931
576932
576933
576934
576935
576936
576937
576938
576939
576940
576941
576942
576943
576944
576945
576946
576947
576948
576949
576950
576951
576952
576953
576954
576955
576956
576957
576958
576959
576960
576961
576962
576963
576964
576965
576966
576967
576968
576969
576970
576971
576972
576973
576974
576975
576976
576977
576978
576979
576980
576981
576982
576983
576984
576985
576986
576987
576988
576989
576990
576991
576992
576993
576994
576995
576996
576997
576998
576999
577000
577001
577002
577003
577004
577005
577006
577007
577008
577009
577010
577011
577012
577013
577014
577015
577016
577017
577018
577019
577020
577021
577022
577023
577024
577025
577026
577027
577028
577029
577030
577031
577032
577033
577034
577035
577036
577037
577038
577039
577040
577041
577042
577043
577044
577045
577046
577047
577048
577049
577050
577051
577052
577053
577054
577055
577056
577057
577058
577059
577060
577061
577062
577063
577064
577065
577066
577067
577068
577069
577070
577071
577072
577073
577074
577075
577076
577077
577078
577079
577080
577081
577082
577083
577084
577085
577086
577087
577088
577089
577090
577091
577251
577252
577253
577254
577255
577256
577257
577258
577259
577260
577261
577262
577263
577264
577265
577266
577267
577268
577269
577270
577271
577272
577273
577274
577275
577276
577277
577278
577279
577280
577281
577282
577283
577284
577285
577286
577287
577288
577290
577291
577292
577293
577294
577295
577296
577297
577298
577299
577300
577301
577302
577303
577304
577305
577306
577307
577308
577309
577310
577311
577312
577313
577314
577315
577316
577317
577318
577319
577320
577321
577322
577323
577324
577325
577326
577327
577328
577329
577330
577331
577332
577333
577334
577335
577336
577337
577338
577339
577340
577341
577342
577343
577344
577345
577346
577347
577348
577349
577350
577351
577352
577353
577354
577355
577356
577357
577358
577359
577360
577361
577362
577363
577364
577365
577366
577367
577368
577369
577370
577371
577372
577373
577374
577375
577376
577377
577378
577379
577380
577381
577382
577383
577384
577385
577386
577387
577388
577389
577390
577391
577392
577393
577394
577395
577396
577421
577422
577423
577424
577425
577426
577427
577428
577429
577430
577435
577436
577437
577438
577439
577440
577441
577442
577443
577444
577445
577446
577447
577448
577449
577450
577451
577452
577453
577454
577455
577456
577457
577458
577459
577460
577461
577462
577463
577464
577465
577466
577467
577468
577469
577470
577471
577472
577473
577474
577475
577476
577477
577478
577479
577480
577481
577482
577483
577484
577485
577486
577487
577488
577489
577490
577491
577492
577493
577494
577495
577496
577497
577498
577499
577502
577503
577504
577671
577672
577673
577674
577675
577676
577677
577678
577679
577680
577681
577682
577683
577684
577685
577686
577687
577688
577689
577690
577691
577692
577693
577694
577695
577696
577697
577698
577699
577700
577701
577702
577703
577704
577705
577706
577707
577708
577709
577710
577711
577712
577713
577714
577715
577716
577717
577718
577719
577720
577721
577722
577723
577724
577725
577726
577727
577728
577729
577730
577731
577732
577733
577734
577735
577738
577739
577740
577741
577742
577743
577744
577745
577746
577747
577748
577749
577750
577751
577752
577753
577754
577755
577756
577757
577758
577759
577760
577761
577762
577763
577764
577765
577766
577767
577768
577769
577770
577771
577772
577773
577774
577775
577776
577777
577778
577779
577780
577781
577782
577783
577784
577785
577786
577787
577788
577789
577790
577791
577792
577793
577794
577795
577796
577797
577798
577799
577800
577801
577802
577803
577804
577805
577806
577807
577808
577809
577810
577811
577812
577813
577814
577815
577816
577817
577818
577819
577820
577821
577822
577823
577824
577825
577826
577827
577829
577830
577831
577832
577833
577834
577835
577836
577837
577838
577839
577840
577841
577843
577844
577845
577846
577847
577848
577849
577850
577851
577852
577853
577854
577855
577856
577857
577858
577859
577860
577861
577862
577863
577864
577865
577866
577867
577868
577869
577870
577871
577872
577873
577874
577875
577876
577877
577878
577879
577880
577881
577882
577883
577884
577885
577886
577887
577888
577889
577890
577891
577892
577893
577894
577895
577896
577897
577898
577899
577900
577901
577902
577903
577905
577906
577907
577908
577909
577910
577911
577912
577913
577914
577915
577916
577917
577918
577927
577929
577930
577931
577932
577933
577934
577935
577936
577938
577941
577943
577947
577948
577949
578113
578114
578115
578116
578117
578118
578119
578120
578121
578122
578123
578124
578125
578126
578127
578128
578129
578130
578131
578132
578133
578134
578135
578136
578137
578138
578139
578140
578141
578142
578143
578144
578145
578146
578147
578148
578149
578150
578151
578152
578153
578154
578155
578156
578157
578158
578159
578160
578161
578162
578163
578164
578165
578166
578167
578168
578169
578170
578171
578172
578173
578174
578175
578176
578177
578178
578179
578180
578181
578182
578183
578184
578185
578186
578187
578188
578189
578190
578191
578192
578193
578194
578195
578196
578197
578198
578199
578200
578201
578202
578203
578204
578205
578206
578207
578208
578209
578210
578211
578212
578213
578214
578215
578216
578217
578218
578219
578220
578221
578222
578223
578224
578225
578226
578227
578228
578229
578230
578231
578232
578233
578234
578235
578236
578237
578238
578239
578240
578241
578242
578243
578244
578245
578246
578247
578248
578249
578250
578251
578252
578253
578254
578255
578256
578257
578258
578259
578260
578261
578262
578263
578264
578265
578266
578267
578268
578269
578270
578271
578272
578273
578274
578275
578276
578277
578278
578279
578280
578284
578289
578290
578292
578293
578294
578295
578296
578297
578298
578299
578300
578301
578310
578312
578313
578314
578315
578316
578317
578319
578325
578326
578327
578328
578329
578330
578331
578332
578333
578335
578412
578570
578571
578572
578573
578574
578575
578576
578577
578578
578579
578580
578581
578582
578583
578584
578585
578586
578587
578588
578589
578590
578591
578592
578593
578594
578595
578596
578597
578598
578599
578600
578601
578602
578603
578604
578605
578606
578607
578608
578609
578610
578611
578612
578613
578614
578615
578616
578617
578618
578619
578620
578621
578622
578623
578624
578625
578626
578627
578628
578629
578630
578631
578632
578633
578634
578635
578636
578637
578638
578639
578640
578641
578642
578643
578644
578645
578646
578647
578648
578649
578650
578651
578652
578653
578654
578655
578656
578657
578658
578659
578660
578661
578662
578663
578664
578665
578666
578667
578668
578669
578670
578671
578672
578717
578718
578719
578720
578721
578722
578723
578724
578725
578726
578747
578748
578749
578750
578751
578752
578753
578915
578916
578917
578918
578919
578920
578921
578922
578924
578925
578926
578927
578928
578929
578930
578931
578932
578933
578936
578937
578938
578939
578940
578941
578942
578943
578944
578946
578947
578948
578949
578950
578951
578952
578953
578954
578955
578956
578957
578964
578965
578966
578967
578968
578969
578970
578971
578972
578973
578974
578975
578976
578977
578978
578979
578980
578981
578982
578983
578984
578985
578986
578987
578988
578989
578990
578991
578992
578993
578994
578995
578996
578997
578998
578999
579000
579001
579002
579003
579004
579005
579006
579007
579008
579009
579010
579011
579012
579013
579014
579015
579016
579017
579018
579019
579020
579021
579022
579023
579024
579025
579026
579027
579028
579029
579030
579031
579032
579033
579034
579035
579036
579037
579038
579039
579040
579041
579042
579043
579044
579045
579046
579047
579048
579049
579050
579051
579052
579053
579054
579055
579056
579057
579058
579059
579060
579061
579062
579063
579064
579065
579066
579067
579068
579069
579070
579071
579072
579073
579074
579075
579076
579077
579078
579079
579080
579081
579082
579083
579084
579085
579086
579087
579088
579089
579090
579091
579092
579093
579094
579095
579096
579097
579098
579099
579100
579101
579102
579103
579104
579105
579106
579107
579108
579109
579110
579111
579112
579113
579114
579115
579116
579117
579118
579119
579120
579121
579122
579123
579125
579126
579127
579128
579129
579131
579135
579138
579140
579141
579142
579143
579144
579145
579146
579147
579148
579149
579150
579151
579152
579153
579154
579155
579156
579157
579158
579159
579160
579161
579162
579163
579164
579165
579166
579167
579168
579169
579170
579171
579172
579173
579174
579175
579176
579177
579336
579337
579338
579339
579340
579341
579343
579344
579345
579347
579348
579349
579350
579351
579352
579353
579354
579355
579356
579357
579358
579359
579360
579361
579362
579363
579364
579365
579366
579367
579368
579369
579370
579371
579372
579373
579374
579375
579376
579377
579378
579379
579380
579381
579382
579383
579384
579385
579386
579387
579388
579389
579390
579391
579392
579393
579394
579395
579396
579397
579398
579399
579400
579401
579402
579403
579404
579405
579406
579407
579408
579409
579410
579411
579412
579413
579414
579415
579416
579417
579418
579419
579420
579421
579422
579423
579424
579425
579426
579427
579428
579429
579430
579431
579432
579433
579434
579435
579436
579437
579438
579439
579440
579441
579442
579443
579444
579445
579446
579447
579454
579455
579456
579457
579458
579459
579460
579461
579462
579463
579464
579465
579466
579467
579468
579469
579470
579471
579472
579473
579474
579475
579476
579477
579478
579479
579480
579481
579482
579483
579484
579485
579486
579487
579488
579489
579490
579491
579492
579493
579494
579495
579496
579497
579498
579505
579506
579507
579508
579509
579510
579511
579512
579513
579514
579515
579516
579517
579518
579519
579520
579521
579522
579523
579524
579525
579526
579527
579528
579529
579530
579531
579532
579533
579534
579535
579536
579537
579538
579539
579540
579541
579542
579543
579544
579545
579546
579547
579548
579549
579550
579551
579552
579553
579560
579561
579562
579563
579564
579565
579566
579567
579568
579569
579570
579571
579572
579573
579574
579575
579576
579577
579578
579579
579580
579583
579584
579585
579586
579587
579588
579589
579758
579760
579761
579762
579763
579764
579765
579766
579767
579768
579769
579770
579771
579772
579773
579774
579775
579776
579777
579778
579779
579780
579781
579782
579783
579784
579785
579786
579787
579788
579789
579790
579791
579792
579793
579794
579795
579796
579797
579798
579799
579800
579801
579802
579803
579804
579805
579806
579807
579808
579809
579810
579811
579812
579813
579814
579815
579816
579817
579818
579819
579820
579821
579822
579823
579824
579825
579826
579827
579828
579829
579830
579831
579832
579833
579834
579835
579836
579837
579838
579839
579840
579841
579842
579843
579844
579845
579846
579847
579848
579849
579850
579851
579852
579853
579854
579855
579856
579857
579858
579859
579860
579861
579862
579863
579864
579865
579866
579867
579868
579869
579870
579871
579872
579877
579878
579879
579880
579881
579882
579883
579884
579885
579886
579887
579888
579889
579890
579891
579892
579893
579894
579895
579896
579897
579898
579899
579900
579901
579902
579903
579904
579905
579906
579907
579908
579909
579910
579911
579912
579913
579914
579915
579916
579917
579918
579919
579920
579921
579922
579923
579924
579925
579926
579927
579928
579929
579930
579931
579932
579933
579934
579935
579936
579937
579938
579939
579940
579941
579942
579943
579944
579945
579946
579947
579948
579949
579950
579951
579952
579953
579954
579955
579956
579957
579958
579959
579960
579961
579962
579963
579964
579965
579966
579967
579968
579969
579970
579971
579972
579973
579974
579975
579976
579977
579984
579985
579986
579987
579988
579989
579990
579991
579992
579993
579994
579995
579996
579997
579998
579999
580000
580001
580002
580004
580005
580006
580007
580008
580009
580010
580011
580012
580013
580014
580015
580016
580018
580019
580020
580021
580022
580023
580024
580025
580026
580027
580028
580029
580189
580191
580200
580201
580202
580204
580205
580206
580207
580208
580209
580210
580211
580212
580214
580215
580216
580217
580218
580219
580220
580221
580222
580223
580224
580225
580226
580227
580228
580229
580230
580231
580232
580233
580234
580235
580236
580237
580238
580239
580240
580241
580242
580243
580244
580245
580246
580247
580248
580249
580250
580251
580252
580253
580254
580255
580256
580257
580258
580259
580260
580261
580262
580263
580264
580265
580266
580267
580268
580269
580270
580271
580272
580273
580274
580275
580276
580277
580278
580279
580280
580281
580282
580283
580284
580285
580286
580287
580288
580289
580290
580291
580292
580293
580298
580299
580300
580301
580302
580303
580304
580305
580306
580307
580308
580309
580310
580311
580312
580313
580314
580315
580328
580329
580330
580331
580332
580333
580334
580335
580336
580337
580338
580339
580340
580341
580342
580343
580344
580345
580346
580347
580348
580349
580350
580351
580352
580353
580354
580355
580356
580357
580358
580359
580360
580361
580362
580363
580364
580365
580366
580367
580368
580369
580370
580371
580372
580373
580374
580375
580376
580377
580378
580379
580380
580381
580382
580383
580384
580385
580386
580387
580388
580389
580390
580391
580392
580393
580394
580395
580396
580397
580398
580399
580400
580401
580402
580403
580404
580405
580406
580407
580408
580409
580410
580411
580412
580413
580414
580415
580416
580417
580418
580419
580420
580421
580422
580423
580424
580425
580426
580427
580428
580429
580430
580431
580432
580433
580434
580435
580436
580437
580630
580784
580786
580787
580788
580789
580790
580791
580792
580793
580794
580795
580796
580797
580810
580811
580812
580815
580816
580817
580818
580819
580820
580821
580822
580823
580824
580825
580826
580827
580828
580829
580830
580831
580832
580833
580834
580835
580836
580837
580838
580839
580840
580841
580842
580843
580844
580845
580846
580847
580848
580849
580850
580851
580852
580853
580854
580855
580856
580857
580858
580859
580860
580861
580862
580863
580864
580865
580866
580867
580868
580869
580870
580871
580872
580873
580874
580875
580876
580877
580878
580879
580880
580881
580882
580883
580884
580885
580886
580887
580888
580889
580890
580891
580892
580893
580894
580901
580902
580903
580904
580905
580910
580911
580912
580913
580914
580915
580916
580917
580918
580919
580920
580921
580922
580923
580924
580925
580926
580927
580928
580929
580930
580931
580932
580933
580934
580935
580936
580937
580938
580939
580940
580941
580942
580943
580944
580945
580946
580947
580948
580949
580950
580951
580952
580953
580954
580955
580956
580957
580958
580959
580960
580961
580962
580964
580965
580966
580967
580968
580969
580970
580971
580972
580973
580974
580975
580976
580977
580978
580979
580980
580987
580999
581000
581001
581002
581003
581004
581005
581006
581007
581008
581009
581010
581011
581012
581013
581014
581015
581016
581177
581178
581179
581180
581181
581182
581183
581184
581185
581186
581187
581188
581189
581190
581191
581192
581193
581194
581195
581196
581198
581199
581200
581201
581202
581203
581204
581205
581206
581207
581208
581209
581210
581211
581212
581213
581214
581215
581216
581217
581218
581219
581220
581221
581222
581223
581224
581225
581226
581228
581229
581230
581231
581232
581233
581234
581235
581236
581237
581238
581239
581240
581241
581242
581243
581244
581245
581246
581247
581248
581249
581250
581251
581252
581253
581254
581255
581256
581257
581258
581259
581260
581261
581262
581263
581264
581265
581266
581267
581268
581269
581270
581271
581272
581273
581274
581275
581276
581277
581278
581279
581280
581293
581294
581295
581296
581297
581492
581493
581494
581495
581496
581497
581498
581499
581500
581501
581502
581503
581504
581505
581506
581507
581508
581509
581510
581511
581512
581513
581514
581515
581516
581517
581518
581519
581520
581522
581523
581527
581528
581529
581530
581531
581532
581533
581534
581535
581537
581539
581540
581541
581542
581543
581544
581545
581546
581547
581548
581549
581550
581551
581552
581553
581554
581555
581556
581557
581558
581564
581565
581566
581567
581568
581581
581582
581583
581584
581585
581586
581587
581588
581589
581590
581591
581784
581785
581786
581787
581788
581789
581790
581791
581792
581794
581796
581799
581800
581801
581802
581803
581804
581805
581807
581808
581809
581810
581811
581812
581813
581814
581815
581816
581817
581818
581819
581820
581821
581822
581823
581824
581825
581826
581829
581831
581832
581834
581835
581836
581837
581838
581839
581840
581841
581842
581843
581844
581845
581846
581847
581866
581867
581868
581869
581870
581871
581872
581873
581874
581875
581876
581877
581878
581879
581880
581881
581882
581883
581884
581885
581886
581887
581888
582069
582070
582071
582072
582073
582074
582075
582076
582077
582078
582079
582080
582081
582082
582083
582084
582085
582087
582091
582092
582093
582094
582095
582096
582097
582098
582099
582100
582101
582111
582112
582113
582114
582116
582120
582121
582122
582123
582124
582125
582126
582127
582128
582129
582130
582131
582132
582138
582148
582155
582156
582157
582158
582159
582160
582162
582163
582164
582165
582166
582167
582168
582169
582170
582171
582172
582173
582174
582175
582176
582177
582178
582179
582180
582181
582182
582183
582184
582185
582186
582187
582372
582373
582374
582375
582376
582377
582378
582379
582380
582381
582382
582383
582384
582385
582386
582387
582388
582389
582390
582391
582392
582393
582394
582395
582396
582397
582398
582400
582401
582402
582403
582404
582405
582406
582407
582408
582411
582412
582444
582625
582626
582628
582641
582642
582644
582928
582930
582931
582932
582933
582934
582935
582936
582937
582938
582939
582940
582941
582942
582943
582944
582945
582946
582947
582948
582949
582950
582951
582952
582953
582954
582955
582956
582957
582958
582959
582960
582961
582962
583767
583768
583789
583790
584074
584075
584076
584077
584078
584079
584080
584081
584082
584083
584084
584085
584086
584087
584089
584091
584092
584093
584094
584095
584096
584097
584098
584187
584189
584194
584195
584197
584198
584199
584376
584377
584379
584380
584381
584382
584383
584384
584385
584388
584389
584391
584405
584408
584409
584410
584411
584412
584413
584414
584415
584416
584417
584418
584419
584420
584421
584423
584425
584426
584435
584437
584439
584441
584442
584443
584444
584445
584446
584448
584449
584450
584451
584452
584453
584454
584455
584456
584457
584463
584465
584472
584473
584475
584477
584479
584481
584483
584485
584487
584491
584493
584495
584496
584498
584500
584502
584503
584505
584507
584509
584510
584511
584513
584515
584517
584519
584520
584522
584523
584526
584528
584530
584531
584533
584535
584537
584538
584540
584541
584544
584546
584548
584550
584551
584552
584556
584558
584564
584575
584585
584586
584588
584590
584592
584594
584596
584597
584598
584599
584601
584603
584605
584607
584609
584611
584613
584615
584617
584619
584620
584622
584624
584625
584795
584796
584798
584799
584800
584801
584802
584803
584804
584805
584806
584807
584808
584809
584810
584811
584812
584813
584814
584815
584816
584817
584823
584824
584825
584826
584827
584828
584829
584830
584831
584832
584833
584834
584835
584836
584837
584838
584839
584840
584841
584842
584843
584844
584845
584846
584847
584848
584849
584850
584851
584855
584856
584858
584884
584898
584899
584901
584902
584903
584905
584912
584913
584914
584915
584916
584917
584918
584919
584920
584921
584922
584924
584925
584926
584934
584936
584938
584940
584942
584943
584944
584946
584947
584949
584950
584952
584954
584956
584957
584958
584960
584961
584963
584964
584965
584966
584968
584969
584970
584971
584973
584974
584976
584978
584979
584980
584982
584983
584985
584987
584988
584990
584992
584994
584995
584996
584998
584999
585001
585002
585007
585008
585009
585010
585011
585013
585015
585017
585021
585022
585024
585040
585041
585043
585228
585229
585233
585234
585235
585236
585237
585245
585246
585247
585249
585250
585251
585252
585253
585254
585255
585256
585257
585258
585259
585260
585261
585262
585263
585264
585265
585266
585267
585268
585269
585270
585271
585272
585273
585274
585275
585276
585277
585278
585279
585280
585281
585283
585284
585285
585286
585287
585288
585289
585290
585293
585294
585296
585297
585298
585299
585300
585301
585302
585303
585305
585306
585307
585308
585309
585311
585312
585313
585314
585315
585317
585318
585319
585320
585321
585322
585325
585326
585328
585329
585331
585333
585335
585336
585377
585379
585398
585919
585923
585927
585928
585929
585937
585954
585955
585972
585974
585977
585978
586167
586169
586170
586171
586172
586173
586174
586175
586176
586178
586189
586190
586191
586201
586202
586240
586241
586242
586243
586257
586258
586259
586261
586262
586263
586264
586265
586275
586278
586279
586281
586284
586286
586288
586293
586295
586297
586299
586302
586304
586306
586308
586314
586319
586320
586321
586322
586323
586324
586325
586326
586327
586328
586329
586330
586331
586333
586334
586335
586336
586337
586338
586339
586341
586342
586343
586344
586346
586347
586349
586351
586353
586354
586356
586357
586359
586521
586522
586523
586524
586525
586526
586527
586528
586529
586530
586531
586532
586533
586534
586535
586536
586537
586538
586539
586540
586541
586542
586543
586544
586545
586546
586547
586548
586549
586550
586551
586552
586553
586554
586555
586556
586557
586558
586559
586560
586561
586562
586563
586564
586565
586566
586567
586568
586569
586570
586571
586572
586573
586574
586575
586576
586577
586578
586579
586580
586581
586582
586595
586596
586597
586598
586599
586600
586601
586602
586603
586604
586605
586606
586607
586608
586609
586610
586611
586612
586613
586622
586623
586624
586625
586626
586627
586628
586629
586630
586631
586632
586633
586634
586635
586636
586637
586638
586639
586640
586643
586644
586645
586646
586647
586648
586652
586653
586654
586655
586656
586657
586658
586659
586660
586661
586662
586663
586664
586665
586666
586667
586668
586670
586671
586672
586673
586674
586675
586676
586677
586678
586679
586680
586681
586682
586683
586684
586685
586686
586687
586688
586689
586690
586691
586692
586693
586694
586696
586697
586698
586699
586700
586701
586702
586703
586704
586705
586706
586707
586708
586709
586710
586711
586712
586713
586714
586715
586716
586717
586718
586719
586720
586721
586722
586723
586724
586725
586726
586727
586728
586729
586730
586731
586732
586733
586734
586735
586736
586737
586738
586739
586740
586741
586742
586743
586744
586745
586746
586747
586748
586750
586751
586753
586754
586756
586757
586759
586921
586922
586923
586924
586925
586926
586927
586928
586929
586930
586931
586932
586933
586934
586935
586936
586937
586938
586939
586940
586941
586942
586943
586944
586945
586946
586947
586948
586949
586950
586951
586952
586953
586954
586955
586956
586957
586958
586959
586960
586961
586962
586963
586964
586965
586966
586967
586968
586969
586970
586971
586972
586973
586974
586975
586976
586977
586978
586979
586980
586981
586982
586983
586984
586985
586986
586987
586988
586989
586990
586991
586992
586993
586994
586995
586996
586997
586998
586999
587000
587001
587002
587003
587004
587005
587006
587007
587008
587009
587010
587011
587012
587013
587014
587015
587016
587017
587018
587019
587020
587021
587022
587023
587024
587025
587026
587027
587028
587029
587030
587031
587032
587033
587034
587035
587036
587037
587038
587039
587040
587041
587042
587043
587044
587045
587046
587047
587048
587049
587050
587051
587052
587053
587054
587055
587056
587057
587058
587059
587060
587061
587062
587063
587064
587065
587066
587067
587068
587069
587070
587071
587072
587073
587074
587075
587076
587077
587078
587079
587080
587081
587082
587083
587084
587085
587086
587087
587089
587090
587091
587092
587093
587094
587095
587096
587097
587098
587099
587100
587101
587102
587103
587104
587105
587106
587107
587108
587109
587110
587111
587112
587113
587114
587115
587116
587117
587118
587119
587120
587121
587122
587123
587124
587125
587126
587127
587128
587129
587130
587131
587132
587133
587134
587136
587137
587138
587139
587140
587141
587142
587143
587144
587145
587146
587147
587149
587150
587151
587152
587153
587154
587155
587156
587157
587158
587159
587160
587161
587162
587163
587164
587165
587300
587301
587302
587303
587304
587305
587306
587307
587308
587309
587310
587311
587312
587313
587314
587315
587316
587317
587318
587319
587320
587321
587322
587323
587324
587325
587326
587327
587328
587329
587330
587331
587332
587333
587334
587335
587336
587337
587338
587339
587340
587341
587342
587343
587344
587345
587346
587347
587348
587349
587350
587351
587352
587353
587354
587356
587357
587358
587360
587361
587362
587363
587364
587365
587366
587367
587368
587369
587370
587371
587372
587373
587374
587375
587376
587377
587378
587379
587380
587381
587382
587383
587386
587387
587388
587389
587390
587391
587392
587393
587394
587395
587396
587397
587398
587399
587400
587401
587402
587403
587404
587405
587406
587407
587408
587409
587410
587411
587412
587413
587414
587415
587416
587417
587418
587419
587420
587421
587422
587423
587424
587425
587426
587427
587428
587429
587430
587431
587432
587433
587434
587435
587436
587437
587438
587439
587440
587441
587442
587443
587444
587445
587446
587447
587448
587449
587450
587451
587452
587453
587454
587455
587456
587457
587458
587459
587460
587461
587462
587463
587464
587465
587466
587467
587468
587469
587470
587471
587472
587473
587474
587475
587476
587477
587478
587479
587480
587481
587482
587483
587484
587485
587486
587487
587488
587489
587490
587491
587492
587493
587494
587495
587496
587497
587498
587499
587500
587501
587502
587503
587504
587505
587506
587507
587508
587509
587510
587511
587512
587513
587514
587515
587516
587517
587518
587519
587520
587521
587522
587523
587524
587525
587526
587527
587528
587529
587530
587531
587532
587533
588600
588601
588602
588603
588604
588605
588606
588607
588608
588609
588610
588611
588612
588868
588870
588872
588874
588875
588877
588878
588879
588881
588882
588883
588886
588890
588898
588899
588942
588943
588944
588945
588946
588947
588948
588949
588950
588951
588952
588953
588954
588955
588956
588957
588958
588959
588960
588961
588962
588963
588964
588965
588966
588967
588968
588969
588970
588971
588972
588973
588974
588975
588976
588977
588978
588979
588980
588981
588982
588983
588984
588985
588986
588987
588988
588989
588990
588991
588992
588993
588994
588995
588996
588997
588998
588999
589000
589001
589002
589003
589004
589005
589006
589007
589008
589009
589010
589011
589012
589013
589014
589015
589016
589017
589018
589019
589020
589021
589022
589023
589024
589025
589026
589027
589028
589029
589030
589031
589032
589033
589034
589035
589036
589037
589038
589039
589040
589041
589042
589043
589044
589045
589046
589047
589048
589049
589050
589051
589052
589053
589054
589055
589056
589057
589058
589059
589060
589061
589062
589063
589064
589065
589066
589067
589068
589069
589070
589071
589072
589073
589074
589241
589242
589243
589244
589245
589247
589248
589249
589250
589252
589253
589254
589255
589257
589259
589261
589263
589264
589266
589268
589270
589272
589274
589276
589277
589278
589280
589281
589282
589283
589284
589285
589292
589293
589294
589295
589296
589297
589298
589299
589300
589301
589302
589303
589304
589305
589306
589307
589308
589309
589310
589311
589312
589313
589314
589315
589316
589317
589318
589319
589320
589321
589322
589323
589324
589326
589327
589328
589329
589330
589331
589332
589333
589334
589335
589336
589337
589338
589339
589340
589341
589342
589343
589344
589345
589346
589347
589348
589349
589350
589351
589352
589353
589354
589355
589356
589357
589358
589359
589360
589361
589362
589363
589364
589365
589366
589367
589368
589369
589370
589371
589372
589373
589374
589375
589376
589377
589378
589379
589380
589381
589382
589383
589384
589385
589386
589387
589388
589389
589390
589391
589392
589393
589394
589395
589396
589397
589398
589399
589400
589401
589402
589403
589404
589405
589406
589407
589408
589409
589410
589411
589412
589413
589414
589415
589416
589417
589418
589419
589420
589421
589422
589423
589424
589425
589427
589428
589429
589430
589431
589432
589433
589434
589435
589436
589437
589438
589439
589440
589441
589442
589443
589444
589445
589446
589447
589448
589449
589450
589451
589452
589453
589454
589455
589456
589457
589458
589459
589460
589461
589462
589463
589464
589465
589466
589467
589468
589469
589470
589471
589472
589473
589474
589475
589476
589477
589478
589479
589480
589481
589482
589483
589484
589672
589674
589675
589677
589679
589681
589683
589685
589687
589689
589691
589693
589695
589697
589699
589701
589703
589705
589707
589708
589709
589711
589712
589713
589715
589717
589719
589720
589721
589722
589723
589724
589725
589726
589727
589728
589729
589730
589731
589732
589733
589734
589735
589736
589737
589738
589739
589740
589741
589742
589743
589744
589745
589746
589747
589748
589749
589750
589751
589753
589754
589755
589756
589758
589760
589761
589762
589763
589764
589765
589766
589767
589768
589769
589770
589771
589772
589773
589774
589775
589776
589777
589778
589779
589780
589781
589782
589783
589784
589785
589786
589787
589788
589789
589790
589791
589792
589793
589794
589795
589796
589797
589798
589799
589800
589801
589802
589803
589804
589805
589806
589807
589808
589809
589810
589811
589812
589813
589814
589815
589816
589817
589818
589819
589820
589821
589822
589823
589824
589825
589826
589827
589828
589829
589830
589831
589832
589833
589834
589835
589836
589837
589838
589839
589840
589841
589842
589843
589844
589845
589846
589847
589848
589849
589850
589851
589852
589853
589854
589855
589856
589857
589858
589859
589860
589861
589862
589863
589864
589865
589866
589867
589868
589869
589870
589871
589872
589873
589874
589875
589876
589877
589878
589879
589880
589881
589882
589883
589884
589885
589886
589887
589888
589889
589890
589891
589892
589893
589894
589895
589896
589897
589898
589899
589900
589901
589902
589903
589904
589905
589906
589907
589908
589909
589910
589911
589912
589913
589914
589915
589916
589917
589918
589919
589920
589921
589922
590083
590085
590087
590089
590091
590093
590095
590096
590098
590100
590102
590104
590106
590108
590110
590112
590113
590114
590116
590117
590118
590120
590121
590123
590125
590126
590127
590128
590130
590132
590134
590136
590138
590139
590140
590141
590142
590143
590144
590145
590146
590147
590148
590150
590151
590152
590153
590154
590155
590156
590158
590160
590161
590163
590165
590167
590169
590171
590173
590175
590177
590179
590181
590190
590192
590194
590196
590197
590198
590200
590201
590202
590203
590204
590205
590206
590207
590208
590209
590210
590211
590212
590213
590214
590215
590216
590217
590218
590219
590220
590221
590222
590223
590224
590225
590226
590227
590228
590230
590231
590232
590233
590234
590235
590236
590237
590238
590239
590240
590241
590242
590243
590244
590245
590246
590247
590248
590249
590250
590251
590252
590253
590254
590255
590256
590257
590258
590259
590260
590261
590262
590263
590264
590265
590266
590267
590268
590270
590272
590273
590274
590276
590277
590279
590280
590281
590282
590283
590284
590285
590286
590287
590288
590289
590290
590291
590292
590293
590294
590295
590296
590297
590298
590299
590300
590301
590302
590303
590304
590305
590306
590307
590308
590309
590310
590311
590312
590313
590314
590315
590316
590317
590318
590319
590320
590321
590322
590323
590324
590325
590326
590327
590328
590329
590330
590331
590332
590333
590334
590335
590336
590337
590338
590339
590507
590508
590509
590510
590512
590513
590515
590517
590519
590521
590522
590524
590526
590528
590529
590530
590531
590532
590533
590534
590536
590537
590539
590540
590541
590542
590543
590544
590545
590546
590547
590548
590549
590550
590552
590553
590555
590557
590558
590559
590560
590561
590563
590565
590567
590569
590570
590572
590574
590576
590578
590580
590581
590582
590584
590585
590586
590588
590590
590592
590593
590594
590596
590597
590598
590600
590602
590604
590606
590607
590609
590610
590612
590613
590615
590616
590618
590620
590621
590623
590624
590625
590627
590632
590634
590635
590637
590638
590640
590641
590642
590643
590644
590645
590646
590647
590648
590649
590650
590651
590652
590653
590654
590655
590656
590657
590658
590659
590660
590661
590662
590663
590664
590665
590666
590667
590668
590669
590670
590671
590672
590673
590674
590675
590676
590677
590678
590679
590680
590681
590682
590683
590684
590685
590686
590687
590688
590689
590690
590691
590692
590693
590694
590695
590696
590697
590698
590699
590700
590701
590702
590703
590704
590705
590706
590707
590709
590710
590711
590712
590713
590714
590715
590716
590717
590718
590719
590720
590722
590723
590724
590725
590726
590727
590728
590729
590730
590731
590732
590733
590734
590735
590736
590737
590738
590739
590740
590741
590742
590743
590744
590745
590746
590747
590748
590749
590750
590751
591025
591026
591027
591028
591029
591031
591033
591035
591037
591039
591041
591043
591045
591047
591048
591050
591051
591053
591054
591056
591057
591059
591060
591062
591063
591065
591067
591068
591070
591071
591073
591074
591076
591077
591079
591080
591082
591083
591085
591086
591088
591090
591092
591094
591096
591097
591098
591100
591101
591103
591105
591113
591115
591117
591118
591120
591122
591123
591125
591126
591128
591130
591131
591132
591134
591138
591139
591141
591143
591145
591146
591147
591148
591149
591151
591152
591153
591154
591156
591158
591160
591162
591164
591165
591167
591169
591170
591171
591173
591174
591178
591180
591181
591182
591183
591184
591185
591186
591187
591188
591190
591191
591192
591193
591194
591195
591197
591198
591199
591200
591201
591202
591203
591204
591205
591206
591207
591208
591209
591210
591211
591212
591213
591214
591215
591216
591217
591218
591219
591220
591221
591222
591223
591224
591225
591226
591227
591228
591229
591230
591231
591232
591233
591234
591235
591236
591237
591238
591239
591240
591241
591242
591243
591244
591245
591246
591247
591248
591249
591250
591251
591252
591253
591254
591255
591256
591257
591258
591259
591260
591261
591262
591263
591264
591265
591266
591267
591268
591269
591270
591271
591272
591273
591274
591275
591276
591277
591494
591496
591498
591500
591502
591504
591505
591507
591508
591509
591510
591511
591512
591513
591514
591515
591516
591517
591518
591519
591520
591521
591522
591523
591524
591525
591526
591527
591528
591529
591530
591531
591532
591533
591534
591535
591536
591537
591538
591539
591540
591541
591542
591543
591544
591545
591546
591547
591548
591549
591550
591551
591552
591553
591554
591555
591556
591557
591558
591559
591560
591561
591562
591563
591564
591565
591566
591567
591568
591569
591570
591571
591572
591573
591574
591575
591576
591577
591578
591579
591580
591581
591582
591583
591785
591787
591790
591792
591794
591801
591803
591809
591811
591813
591815
591817
591819
591821
591823
591825
591827
591839
591842
591845
591859
591863
591870
591871
591875
591877
591878
591880
591881
591882
591884
591886
591887
591889
591890
591892
591893
591894
591896
591897
591898
591899
591901
591902
591904
591905
591906
591907
591908
591909
591910
591913
591914
591915
591916
591917
591918
591919
591920
591921
591922
591923
591924
591925
591926
591927
591928
591929
591930
591931
591932
591933
591934
591935
591936
591937
591938
591939
591940
591941
591942
591943
591944
591945
591946
591947
591948
591949
591950
591951
591952
591953
591954
591955
591956
591957
591958
591959
591960
592121
592122
592123
592134
592136
592152
592153
592154
592155
592156
592171
592181
592183
592186
592187
592189
592192
592193
592194
592195
592197
592198
592200
592201
592202
592204
592205
592206
592210
592212
592220
592225
592230
592231
592232
592233
592234
592235
592237
592238
592245
592248
592250
592254
592259
592263
592265
592269
592271
592273
592275
592277
592279
592281
592283
592285
592287
592289
592291
592297
592299
592303
592305
592309
592311
592313
592315
592317
592318
592320
592322
592324
592326
592328
592329
592330
592331
592332
592333
592334
592335
592336
592337
592338
592339
592340
592341
592342
592343
592344
592345
592346
592347
592348
592349
592350
592351
592352
592353
592354
592355
592356
592357
592358
593113
593114
593115
593116
593117
593118
593119
593121
593123
593125
593127
593129
593131
593133
593134
593135
593137
593139
593140
593142
593144
593146
593147
593148
593150
593151
593152
593153
593155
593157
593158
593160
593161
593163
593164
593165
593167
593169
593171
593173
593175
593177
593179
593181
593183
593185
593187
593189
593191
593193
593197
593204
593430
593432
593434
593436
593438
593439
593441
593443
593444
593452
593454
593456
593458
593459
593461
593462
593463
593464
593466
593468
593469
593470
593472
593476
593478
593480
593482
593484
593486
593488
593490
593499
593514
593515
593516
593518
593519
593521
593522
593523
593541
593543
593556
593572
593733
593734
593735
593736
593737
593738
593739
593740
593753
593754
593755
593756
593757
593758
593759
593760
593761
593762
593763
593764
593765
593766
593767
593768
593769
593770
593771
593772
593773
593774
593775
593776
593777
593778
593779
593780
593781
593782
593783
593784
593785
593786
593787
593788
593789
593790
593792
593794
593795
593797
593799
593801
593802
593808
593809
593811
593813
593815
593817
593819
593821
593823
593824
593825
593827
593828
593830
593832
593833
593835
593837
593839
593841
593843
593844
593846
593848
593850
593852
593854
593856
593857
593859
593861
593863
593865
593866
593868
593870
593872
593874
593876
593877
593878
593880
593882
593884
593885
593887
593889
593891
593893
593895
593897
593898
593900
593901
594184
594185
594186
594187
594188
594189
594190
594191
594192
594196
594198
594201
594202
594203
594204
594205
594208
594212
594215
594222
594223
594224
594226
594229
594230
594231
594232
594233
594234
594235
594236
594237
594246
594247
594248
594249
594250
594251
594252
594253
594254
594255
594258
594259
594260
594261
594262
594263
594264
594265
594266
594268
594269
594270
594271
594273
594274
594276
594278
594279
594281
594282
594284
594285
594294
594297
594302
594304
594305
594306
594307
594309
594310
594311
594312
594314
594316
594318
594320
594321
594325
594326
594327
594328
594329
594331
594332
594333
594334
594335
594337
594339
594341
594342
594343
594345
594352
594358
594359
594360
594383
594384
594385
594387
594389
594390
594391
594392
595036
595037
595038
595039
595040
595041
595042
595096
595097
595098
595099
595100
595101
595102
595103
595104
595105
595106
595107
595108
595109
595110
595111
595112
595113
595114
595115
595116
595117
595169
595184
595351
595352
595353
595354
595355
595356
595357
595817
595847
595848
596084
596085
596086
596087
596088
596089
596090
596091
596092
596093
596094
596095
596096
596097
596098
596099
596100
596101
596102
596103
596104
596105
596106
596107
596108
596109
596110
596111
596112
596113
596114
596115
596116
596117
596118
596119
596120
596121
596122
596123
596124
596125
596127
596129
596131
596132
596133
596134
596135
596136
596137
596138
596139
596140
596141
596142
596143
596144
596145
596146
596147
596148
596149
596150
596151
596152
596153
596154
596155
596156
596157
596158
596159
596160
596161
596162
596163
596164
596165
596166
596167
596168
596169
596170
596171
596172
596173
596174
596175
596176
596177
596178
596179
596180
596181
596183
596184
596185
596186
596187
596188
596189
596190
596191
596192
596193
596194
596195
596196
596197
596198
596199
596200
596201
596202
596203
596204
596205
596206
596207
596208
596209
596210
596211
596212
596213
596214
596215
596216
596217
596218
596219
596220
596221
596222
596223
596224
596225
596226
596227
596228
596229
596230
596231
596232
596233
596234
596235
596236
596237
596238
596239
596240
596241
596242
596243
596244
596245
596246
596247
596248
596249
596250
596251
596252
596253
596254
596255
596256
596257
596258
596259
596260
596261
596262
596263
596264
596265
596266
596268
596269
596270
596271
596273
596274
596276
596279
596281
596282
596285
596287
596477
596478
596479
596480
596481
596482
596483
596484
596485
596486
596487
596488
596489
596490
596491
596492
596493
596494
596495
596496
596497
596498
596499
596500
596501
596502
596503
596504
596505
596506
596507
596508
596510
596511
596512
596515
596528
596529
596530
596531
596532
596533
596534
596535
596536
596537
596538
596539
596540
596541
596543
596544
596545
596546
596547
596548
596555
596556
596567
596568
596569
596570
596571
596572
596573
596574
596575
596576
596577
596578
596579
596580
596581
596582
596583
596584
596585
596586
596587
596588
596589
596590
596591
596592
596593
596594
596595
596596
596597
596598
596599
596600
596601
596602
596603
596604
596605
596606
596607
596608
596609
596611
596613
596615
596617
596618
596786
596787
596806
596807
596808
596809
596810
596811
596812
596813
596814
596815
596816
596817
596818
596819
596820
596821
596822
596823
596824
596825
596826
596827
596828
596829
596830
596831
596832
596833
596834
596835
596836
596837
596838
596839
596840
596841
596842
596843
596844
596845
596846
596847
596848
596849
596850
596851
596852
596853
596854
596855
596856
596857
596858
596859
596860
596861
596862
596863
596864
596865
596866
596867
596868
596869
596870
596871
596872
596873
596874
596875
596876
596877
596878
596879
596880
596881
596882
596883
596884
596885
596886
596887
596888
596889
596890
596891
596892
596893
596894
596895
596896
596897
596898
596899
596900
596901
596902
596903
596904
596905
596906
596907
596908
596909
596910
596911
596912
596913
596914
596915
596916
596917
596918
596919
596920
596921
596922
596923
596924
596925
596926
596927
596928
596929
596930
596931
596932
596933
596934
596935
596936
596938
596939
596940
596941
596942
596943
596944
596945
596946
596947
596948
596949
596950
596951
596952
596953
596954
596955
596956
596957
596958
596959
596960
596961
596962
596963
596964
596965
596966
596967
596968
596969
596970
596971
596972
596973
596974
596975
596976
597138
597139
597140
597141
597142
597143
597144
597145
597146
597147
597148
597149
597150
597157
597158
597159
597160
597161
597162
597163
597164
597165
597166
597167
597168
597169
597170
597171
597172
597173
597175
597176
597177
597178
597179
597180
597181
597182
597183
597184
597185
597186
597187
597188
597189
597190
597191
597192
597193
597194
597195
597196
597197
597198
597201
597202
597203
597204
597205
597206
597207
597208
597209
597210
597211
597212
597213
597214
597215
597216
597217
597218
597219
597220
597221
597222
597223
597224
597225
597226
597227
597228
597229
597230
597231
597232
597233
597234
597235
597236
597246
597247
597248
597249
597251
597252
597253
597254
597255
597256
597257
597258
597259
597260
597261
597262
597263
597264
597266
597268
597269
597270
597271
597272
597276
597277
597278
597279
597280
597281
597282
597283
597284
597285
597286
597287
597288
597289
597290
597291
597292
597293
597294
597295
597296
597297
597298
597299
597300
597301
597302
597303
597304
597305
597306
597307
597308
597309
597310
597311
597312
597313
597314
597315
597316
597317
597318
597319
597320
597321
597322
597323
597324
597325
597326
597328
597329
597330
597331
597332
597533
597534
597537
597538
597551
597552
597553
597554
597555
597556
597557
597558
597559
597560
597561
597562
597563
597564
597565
597566
597567
597568
597569
597570
597571
597572
597573
597574
597575
597576
597577
597578
597579
597580
597581
597582
597583
597584
597585
597586
597587
597588
597589
597590
597591
597592
597593
597594
597595
597596
597597
597598
597599
597600
597601
597602
597603
597604
597605
597606
597607
597608
597609
597610
597612
597613
597614
597615
597616
597617
597618
597619
597620
597621
597622
597623
597624
597625
597626
597627
597628
597629
597630
597631
597632
597633
597634
597635
597636
597637
597638
597639
597640
597641
597642
597643
597644
597645
597646
597647
597648
597649
597650
597651
597652
597653
597654
597655
597656
597657
597658
597659
597660
597661
597662
597663
597664
597665
597666
597667
597668
597669
597670
597671
597672
597673
597675
597676
597678
597679
597680
597681
597682
597683
597684
597685
597686
597687
597688
597689
597690
597691
597692
597693
597694
597695
597696
597697
597698
597699
597700
597701
597702
597703
597704
597869
597870
597883
597884
597885
597886
597887
597888
597895
597896
597897
597898
597899
597900
597901
597902
597903
597904
597905
597906
597907
597908
597909
597910
597911
597912
597913
597914
597915
597916
597917
597918
597919
597920
597921
597922
597923
597924
597925
597926
597927
597928
597929
597930
597931
597932
597933
597934
597935
597936
597937
597938
597939
597940
597941
597942
597943
597944
597945
597946
597947
597948
597949
597950
597951
597952
597953
597954
597955
597956
597957
597958
597959
597960
597961
597962
597963
597964
597965
597966
597967
597968
597969
597970
597971
597972
597973
597974
597975
597976
597977
597978
597979
597980
597981
597982
597983
597984
597985
597986
597987
597988
597989
597990
597991
597992
597993
597994
597995
597996
597997
597998
597999
598000
598001
598002
598003
598004
598005
598006
598007
598008
598009
598010
598011
598012
598013
598014
598015
598016
598017
598018
598019
598020
598021
598022
598023
598024
598025
598030
598031
598032
598033
598034
598035
598036
598037
598038
598039
598040
598041
598042
598043
598044
598045
598046
598047
598048
598049
598050
598051
598052
598053
598054
598055
598056
598057
598058
598059
598060
598061
598062
598063
598064
598065
598066
598229
598241
598242
598243
598244
598245
598246
598283
598284
598285
598286
598287
598288
598289
598290
598291
598292
598293
598294
598295
598296
598297
598298
598299
598300
598301
598302
598303
598304
598305
598306
598307
598308
598309
598310
598311
598312
598313
598314
598315
598316
598317
598318
598319
598320
598321
598322
598323
598324
598325
598326
598327
598328
598329
598330
598331
598332
598333
598334
598335
598336
598337
598338
598339
598340
598341
598342
598343
598344
598345
598346
598347
598348
598349
598350
598351
598352
598353
598354
598355
598356
598357
598358
598359
598360
598361
598362
598363
598364
598365
598366
598367
598368
598369
598370
598371
598372
598373
598374
598375
598376
598377
598378
598379
598380
598381
598382
598383
598384
598385
598386
598387
598388
598389
598390
598391
598392
598393
598551
598552
598553
598555
598557
598559
598561
598562
598564
598566
598567
598568
598569
598570
598571
598572
598573
598574
598575
598576
598577
598578
598579
598580
598581
598582
598583
598584
598585
598586
598587
598588
598589
598590
598591
598592
598593
598594
598595
598596
598597
598598
598599
598600
598601
598602
598603
598604
598605
598606
598607
598608
598609
598610
598611
598612
598613
598614
598615
598616
598617
598618
598619
598620
598621
598622
598623
598624
598625
598626
598627
598628
598629
598630
598631
598632
598633
598634
598635
598636
598637
598638
598639
598640
598641
598642
598643
598644
598645
598646
598647
598648
598649
598650
598651
598652
598653
598654
598655
598656
598657
598658
598659
598660
598661
598662
598663
598664
598665
598666
598667
598668
598669
598670
598671
598672
598673
598674
598675
598676
598677
598678
598679
598680
598681
598682
598683
598684
598685
598686
598687
598688
598689
598690
598691
598692
598693
598694
598695
598696
598697
598698
598699
598700
598701
598702
598703
598704
598705
598706
598708
598709
598710
598711
598712
598713
598714
598715
598716
598717
598718
598719
598720
598721
598722
598723
598724
598725
598726
598727
598728
598729
598730
598731
598732
598733
598734
598735
598736
598737
598738
598739
598740
598741
598742
598743
598744
598745
598746
598747
598748
598749
598750
598751
598752
598753
598754
598755
598756
598757
598758
598759
598760
598761
598762
598763
598764
598765
598766
598767
598768
598769
598770
598771
598772
598773
598774
598775
598776
598777
598778
598779
598780
598781
598953
598955
598957
598958
598959
598960
598962
598963
598964
598965
598966
598967
598968
598969
598970
598971
598972
598991
598992
598993
598994
598995
598996
598997
598998
598999
599000
599001
599002
599003
599004
599005
599006
599007
599010
599011
599012
599013
599014
599015
599016
599017
599018
599019
599020
599021
599022
599023
599024
599025
599026
599027
599028
599029
599030
599031
599032
599033
599034
599035
599036
599037
599038
599039
599040
599041
599042
599043
599044
599045
599046
599047
599048
599049
599050
599051
599052
599053
599054
599055
599056
599057
599058
599059
599060
599061
599062
599063
599064
599065
599066
599067
599068
599069
599070
599071
599072
599074
599075
599076
599077
599078
599079
599080
599081
599082
599083
599084
599085
599086
599087
599088
599089
599090
599091
599092
599093
599094
599095
599096
599097
599098
599099
599100
599101
599102
599103
599104
599105
599106
599107
599108
599109
599110
599111
599112
599113
599114
599115
599116
599117
599118
599119
599120
599122
599124
599295
599297
599299
599301
599303
599305
599306
599308
599310
599312
599314
599315
599316
599317
599320
599322
599324
599326
599328
599334
599336
599338
599340
599341
599342
599344
599346
599347
599348
599349
599351
599354
599355
599358
599359
599360
599361
599362
599363
599364
599365
599366
599367
599368
599369
599370
599371
599372
599373
599374
599376
599377
599378
599379
599380
599381
599382
599383
599384
599385
599386
599387
599388
599389
599390
599391
599392
599393
599394
599395
599396
599397
599398
599399
599400
599401
599402
599403
599404
599405
599406
599407
599408
599409
599410
599411
599412
599413
599414
599415
599416
599417
599418
599419
599420
599421
599422
599423
599424
599425
599426
599427
599428
599429
599430
599431
599432
599433
599434
599435
599436
599437
599438
599439
599440
599441
599442
599443
599444
599445
599446
599447
599448
599449
599450
599451
599452
599453
599454
599455
599456
599457
599458
599459
599460
599461
599462
599463
599464
599465
599466
599467
599468
599469
599470
599471
599472
599473
599474
599475
599476
599477
599478
599479
599480
599481
599482
599483
599484
599485
599486
599487
599488
599489
599490
599491
599492
599493
599494
599495
599496
599497
599498
599499
599500
599501
599502
599503
599504
599505
599506
599507
599508
599509
599510
599511
599512
599513
599514
599515
599516
599517
599518
599519
599520
599521
599522
599523
599524
599688
599690
599691
599693
599695
599697
599699
599700
599707
599708
599710
599711
599712
599714
599715
599718
599719
599720
599721
599722
599724
599726
599728
599730
599734
599736
599737
599738
599739
599740
599741
599742
599743
599744
599745
599746
599748
599749
599750
599751
599752
599753
599754
599755
599756
599757
599758
599759
599761
599762
599763
599764
599765
599766
599767
599768
599769
599770
599771
599772
599773
599774
599775
599776
599777
599778
599779
599780
599781
599782
599783
599784
599785
599786
599787
599788
599789
599790
599791
599792
599793
599794
599795
599796
599797
599798
599799
599800
599801
599802
599803
599804
599805
599806
599807
599808
599809
599810
599811
599812
599813
599814
599815
599816
599817
599818
599819
599820
599821
599822
599823
599824
599825
599826
599827
599828
599830
599831
599832
599833
599834
599835
599836
599837
599838
599839
599840
599841
599842
599843
599844
599845
599846
599847
599848
599849
599850
599851
599852
599853
599854
599855
599856
599857
599858
599859
599860
599861
599862
599863
599864
599865
599866
599867
599868
599869
599870
599871
599872
599873
599874
599875
599876
599877
599878
599879
599880
599881
599882
599883
599884
599885
599886
599887
599888
599889
599890
599891
599892
599893
599894
599895
599896
599897
599898
599899
599900
599901
599902
599903
599904
599905
600079
600081
600083
600085
600086
600088
600090
600092
600093
600095
600097
600099
600101
600102
600108
600109
600111
600112
600113
600114
600115
600116
600117
600118
600119
600121
600123
600125
600126
600128
600130
600131
600132
600134
600135
600137
600139
600141
600142
600144
600145
600147
600148
600150
600152
600154
600156
600158
600159
600160
600161
600162
600163
600164
600165
600166
600167
600168
600169
600170
600171
600172
600176
600177
600178
600179
600180
600181
600182
600183
600184
600185
600186
600187
600188
600189
600190
600191
600192
600193
600194
600195
600196
600197
600198
600199
600200
600201
600202
600203
600204
600205
600206
600207
600208
600209
600210
600211
600212
600214
600215
600216
600217
600218
600219
600220
600221
600222
600223
600224
600225
600226
600227
600228
600229
600230
600231
600232
600233
600234
600235
600236
600237
600238
600239
600240
600241
600242
600243
600244
600245
600246
600247
600248
600249
600250
600251
600252
600253
600254
600255
600256
600257
600258
600259
600260
600261
600262
600263
600264
600265
600266
600267
600268
600269
600270
600271
600272
600273
600274
600275
600276
600277
600278
600279
600280
600281
600282
600283
600284
600285
600286
600287
600288
600289
600464
600466
600467
600469
600471
600473
600475
600480
600481
600482
600483
600485
600486
600488
600489
600490
600492
600493
600494
600495
600497
600498
600499
600501
600502
600503
600504
600505
600506
600507
600509
600511
600512
600514
600515
600517
600519
600520
600521
600523
600524
600526
600527
600529
600531
600532
600533
600534
600536
600538
600540
600541
600542
600544
600546
600548
600549
600551
600553
600555
600557
600559
600561
600562
600563
600564
600565
600566
600567
600568
600569
600570
600571
600572
600573
600574
600575
600576
600577
600578
600579
600580
600581
600582
600583
600584
600585
600586
600587
600588
600589
600590
600591
600592
600593
600594
600595
600596
600597
600598
600599
600600
600601
600602
600603
600604
600605
600606
600607
600608
600609
600610
600611
600612
600613
600614
600615
600616
600617
600618
600619
600620
600621
600622
600623
600624
600625
600626
600627
600628
600629
600630
600631
600632
600633
600634
600635
600636
600637
600638
600639
600640
600641
600642
600644
600645
600646
600647
600648
600649
600650
600651
600652
600653
600654
600655
600656
600657
600658
600659
600660
600661
600662
600663
600665
600666
600667
600668
600669
600670
600893
600897
600898
600899
600900
600901
600902
600903
600904
600905
600906
600907
600908
600909
600910
600911
600912
600913
600914
600915
600917
600918
600919
600920
600922
600958
601499
601500
601501
601502
601503
601504
601505
601506
601508
601509
601510
601512
601514
601515
601516
601517
601519
601522
601523
601524
601525
601529
601530
601534
601536
601538
601539
601549
601551
601552
601553
601555
601556
601557
601558
601560
601573
601574
601575
601791
601792
601793
601794
601796
601797
601798
601799
601801
601803
601804
601806
601807
601809
601810
601811
601812
601813
601814
601815
601816
601817
601818
601819
601820
601821
601823
601825
601827
601829
601831
601833
601834
601835
601836
601838
601839
601840
601842
601844
601845
601846
601848
601849
601850
601851
601852
601853
601855
601856
601858
601861
601863
601865
601867
601868
601870
601872
601874
601876
601878
601880
601882
601884
601886
601888
601890
601891
601893
601894
601896
601897
601898
601899
601901
601902
601904
601905
601906
601907
601908
601909
601910
601911
601912
601914
601915
601916
601918
601920
601921
601922
601923
601925
601926
601927
601928
601930
601932
601933
601935
601937
601938
601940
601942
601944
601946
601947
601948
601949
601950
601951
601952
601953
601954
601956
601958
601959
601961
601963
601965
601968
601969
601971
602127
602128
602129
602130
602131
602132
602133
602134
602135
602136
602137
602138
602139
602140
602141
602142
602143
602144
602145
602146
602147
602148
602149
602150
602151
602152
602153
602154
602155
602156
602157
602159
602160
602161
602162
602163
602164
602165
602166
602167
602168
602169
602170
602171
602172
602173
602174
602175
602176
602177
602178
602179
602180
602181
602182
602183
602184
602185
602186
602187
602188
602189
602190
602191
602192
602193
602194
602195
602196
602197
602198
602199
602200
602201
602202
602203
602204
602205
602207
602208
602209
602211
602213
602215
602217
602218
602220
602222
602224
602226
602228
602229
602231
602232
602234
602235
602237
602239
602241
602243
602245
602246
602247
602249
602251
602253
602255
602257
602259
602261
602263
602265
602267
602269
602270
602272
602274
602276
602278
602280
602284
602286
602287
602289
602291
602292
602294
602295
602297
602299
602301
602303
602305
602307
602309
602311
602312
602313
602315
602317
602318
602319
602321
602323
602325
602327
602329
602331
602333
602335
602337
602339
602341
602343
602345
602347
602349
602350
602352
602353
602354
602355
602357
602360
602362
602364
602366
602367
602526
602527
602528
602529
602530
602532
602533
602534
602535
602536
602537
602538
602539
602540
602541
602542
602543
602544
602545
602546
602547
602548
602549
602550
602551
602552
602553
602554
602555
602556
602558
602559
602561
602562
602563
602564
602565
602566
602567
602568
602569
602570
602571
602572
602573
602575
602576
602577
602578
602579
602580
602581
602582
602583
602584
602585
602586
602587
602588
602589
602590
602591
602592
602593
602594
602595
602596
602597
602598
602599
602600
602601
602602
602603
602604
602605
602606
602607
602608
602609
602610
602611
602612
602613
602614
602615
602616
602617
602618
602619
602620
602622
602624
602626
602627
602628
602630
602632
602634
602636
602638
602639
602641
602642
602644
602645
602646
602647
602648
602649
602650
602651
602653
602654
602655
602656
602657
602658
602660
602662
602664
602666
602667
602668
602669
602670
602671
602672
602673
602674
602675
602676
602677
602678
602680
602681
602683
602685
602687
602689
602691
602693
602695
602697
602699
602700
602702
602703
602705
602707
602709
602710
602711
602712
602713
602715
602716
602717
602718
602720
602721
602722
602723
602724
602726
602727
602728
602729
602730
602731
602732
602734
602735
602736
602737
602739
602740
602741
602742
602743
602744
602745
602746
602748
602907
602908
602909
602910
602911
602912
602913
602914
602915
602916
602917
602918
602919
602920
602921
602922
602923
602924
602925
602926
602927
602928
602929
602930
602931
602932
602933
602934
602935
602936
602937
602938
602939
602940
602941
602942
602943
602944
602945
602946
602947
602948
602949
602950
602951
602952
602953
602954
602955
602956
602957
602958
602959
602960
602961
602962
602963
602964
602965
602966
602967
602968
602969
602970
602971
602972
602973
602974
602975
602976
602977
602978
602979
602980
602981
602982
602983
602984
602985
602986
602987
602988
602989
602990
602991
602992
602993
602994
602995
602996
602997
602998
602999
603000
603001
603002
603003
603004
603005
603006
603007
603008
603272
603274
603303
603308
603309
603311
603312
603313
603314
603330
603331
603332
603333
603334
603335
603336
603337
603338
603339
603340
603341
603342
603343
603344
603345
603346
603347
603348
603349
603350
603351
603352
603353
603354
603355
603356
603357
603358
603359
603360
603361
603362
603363
603364
603365
603366
603367
603368
603369
603370
603371
603372
603373
603375
603376
603378
603380
603386
603390
603392
603394
603396
603398
603405
603406
603410
603411
603412
603413
603414
603415
603417
603418
603419
603421
603423
603424
603425
603426
603427
603428
603430
603431
603432
603433
603435
603436
603440
603444
603446
603452
603453
603454
603461
603462
603463
603465
603617
603618
603619
603620
603621
603622
603623
603624
603625
603626
603627
603628
603629
603631
603632
603633
603634
603635
603636
603637
603638
603639
603640
603641
603642
603643
603644
603646
603647
603648
603649
603650
603651
603652
603658
603659
603660
603661
603662
603667
603669
603670
603671
603672
603673
603674
603675
603676
603677
603678
603679
603680
603681
603684
603685
603686
603687
603689
603690
603691
603692
603693
603694
603698
603699
603700
603701
603702
603703
603704
603705
603706
603707
603708
603709
603710
603711
603712
603713
603714
603715
603716
603717
603718
603719
603720
603721
603722
603723
603724
603725
603726
603727
603728
603729
603730
603731
603732
603733
603734
603735
603736
603737
603738
603739
603740
603741
603742
603743
603744
603745
603746
603747
603748
603749
603750
603751
603752
603753
603754
603755
603756
603757
603758
603760
603761
603762
603764
603766
603768
603769
603771
603772
603773
603775
603776
603777
603778
603779
603781
603782
603786
603788
603789
603791
603792
603793
603794
603795
603796
603798
603799
603801
603802
603803
603804
603805
603806
603807
603808
603810
603814
603815
603816
603818
603821
603822
603823
603824
603825
603826
603827
604033
604034
604035
604036
604037
604038
604039
604040
604041
604042
604043
604044
604045
604046
604047
604048
604049
604050
604051
604052
604053
604054
604055
604056
604057
604058
604059
604060
604061
604062
604063
604064
604065
604066
604067
604068
604069
604070
604071
604072
604073
604074
604075
604076
604077
604078
604079
604080
604081
604082
604083
604084
604085
604086
604087
604088
604089
604090
604091
604092
604093
604094
604095
604096
604097
604098
604099
604100
604101
604102
604103
604104
604106
604107
604108
604109
604111
604112
604114
604115
604116
604117
604118
604119
604120
604121
604123
604124
604125
604126
604127
604128
604129
604130
604131
604132
604133
604134
604135
604136
604137
604139
604140
604141
604143
604144
604145
604146
604147
604148
604149
604151
604152
604154
604159
604349
604350
604351
604352
604353
604354
604355
604356
604357
604358
604359
604360
604361
604362
604363
604364
604365
604366
604368
604369
604370
604371
604372
604373
604374
604375
604376
604377
604378
604379
604380
604381
604382
604383
604384
604385
604386
604387
604388
604389
604390
604391
604392
604393
604394
604395
604396
604397
604398
604399
604400
604401
604402
604403
604404
604405
604406
604407
604408
604409
604410
604411
604412
604413
604414
604415
604416
604417
604418
604419
604420
604421
604422
604423
604424
604425
604426
604427
604428
604429
604430
604431
604432
604433
604434
604435
604436
604437
604438
604439
604440
604441
604442
604443
604444
604445
604446
604447
604448
604449
604450
604451
604452
604453
604454
604455
604456
604457
604458
604459
604460
604461
604462
604463
604464
604465
604466
604468
604469
604472
604474
604475
604476
604477
604478
604479
604480
604481
604482
604483
604484
604485
604486
604487
604488
604491
604492
604495
604497
604499
604504
604505
604977
604978
604979
604980
604981
604982
604983
604984
604985
604986
604987
604988
604989
604990
604991
604992
604993
604994
604995
604996
604997
604998
604999
605000
605001
605232
605233
605234
605235
605236
605237
605238
605239
605240
605247
605248
605249
605250
605251
605252
605253
605258
605259
605260
605261
605262
605263
605264
605271
605272
605273
605274
605275
605276
605277
605278
605279
605280
605281
605282
605283
605286
605287
605289
605290
605291
605292
605293
605294
605295
605296
605297
605298
605299
605300
605301
605302
605303
605304
605564
605565
605566
605567
605568
605569
605570
605571
605572
605573
605574
605575
605576
605577
605578
605579
605580
605581
605582
605583
605584
605586
605587
605588
605589
605590
605591
605592
605593
605594
605595
605596
605597
605598
605599
605600
605601
605602
605603
605604
605605
605606
605607
605608
605609
605610
605611
605612
605613
605614
605615
605616
605617
605618
605619
605620
605621
605622
605623
605624
605625
605626
605627
605628
605629
605630
605631
605632
605633
605634
605635
605636
605637
605638
605639
605640
605641
605642
605643
605644
605645
605646
605647
605648
605649
605650
605651
605652
605653
605654
605655
605656
605657
605658
605659
605660
605661
605662
605663
605664
605665
605977
606307
606309
606311
606312
606317
606330
606331
606332
606333
606334
606335
606336
606337
606338
606339
606340
606341
606342
606343
606344
606345
606346
606347
606348
606349
606350
606351
606352
606353
606354
606355
606582
606632
606634
606635
606637
606638
606651
606652
606653
606661
606662
606849
606856
606870
606873
606877
606881
606882
606883
606884
606885
606886
606892
606893
606894
606896
606919
606920
607190
607192
607193
607194
607195
607196
607201
607212
607214
607217
607218
607219
607221
607222
607223
607224
607230
607232
607234
607236
607238
607239
607242
607243
607245
607247
607249
607251
607253
607255
607256
607257
607258
607260
607262
607264
607266
607267
607268
607270
607271
607273
607274
607275
607276
607277
607278
607279
607280
607281
607555
607558
607559
607561
607563
607565
607568
607575
608509
609610
609611
609612
609613
609614
609615
609616
609617
609618
609619
609620
609622
609623
609625
609626
609628
609630
609631
609633
609634
609636
609638
609640
610023
610024
610025
610026
610027
610028
610029
610030
610031
610032
610033
610034
610035
610036
610037
610038
610039
610040
610041
610042
610043
610044
610045
610046
610047
610048
610049
610050
610051
610052
610053
610054
610055
610056
610057
610058
610060
610061
610062
610064
610065
610067
610068
610069
610070
610071
610072
610074
610472
610475
610480
610486
610487
610488
610490
610492
610493
610498
610501
610502
610503
610506
610507
610508
610515
610516
610517
610520
610521
610522
610523
610524
610525
610526
610527
610528
610529
610530
610531
610532
610533
610534
610535
610537
610538
610540
610541
610542
610543
610957
610958
610959
610960
610961
610962
610963
610964
610965
610966
610967
610968
610969
610970
610971
610972
610973
610974
610975
610976
610977
610978
610979
610980
610981
610982
610983
610984
610985
610986
610987
610988
610989
610990
610991
610992
610993
610994
610995
610996
610997
610998
610999
611000
611001
611002
611003
611004
611005
611006
611007
611008
611009
611010
611011
611012
611013
611014
611015
611016
611017
611018
611019
611020
611021
611022
611024
611025
611027
611029
611366
611369
611372
611373
611379
611383
611384
611385
611386
611387
611388
611389
611390
611391
611392
611393
611427
611428
611429
611430
611431
611432
611433
611434
611435
611436
611437
611438
611439
611440
611441
611442
611443
611444
611445
611446
611447
611451
611452
611453
611454
611455
611456
611457
611458
611459
611460
611461
611462
611463
611464
611465
611466
611467
611468
611469
611470
611471
611472
611473
611474
611475
611476
611477
611478
611479
611480
611481
611845
611846
611847
611848
611849
611850
611851
611852
611853
611854
611856
611857
611858
611859
611860
611861
611862
611863
611864
611865
611866
611867
611868
611869
611870
611871
611872
611873
611876
611877
611878
611883
611884
611885
611886
611887
611888
611889
611890
611891
611892
611893
611894
611895
611896
611898
611899
611900
611901
611902
611903
611904
611905
611906
611907
611908
611909
611911
611912
611923
611924
611925
611926
611927
611929
611930
611931
611932
611933
611934
611935
611936
611937
611938
611939
611940
611941
611942
611943
611944
611945
612706
612707
612708
612709
612710
612711
612712
612713
612714
612715
612716
612717
612718
612722
612723
612724
612725
612726
612727
612728
612729
612730
612731
612732
612733
612734
612735
612736
612737
612738
612739
612740
612741
612742
612743
612991
612993
612994
613000
613001
613002
613003
613005
613012
613013
613014
613015
613017
613018
613019
613020
613021
613022
613023
613024
613025
613026
613027
613028
613029
613030
613031
613032
613033
613034
613035
613036
613037
613038
613039
613040
613041
613317
613321
613322
613323
613327
613328
613329
613330
613331
613332
613334
613335
613336
613337
613338
613339
613340
613341
613342
613343
613344
613345
613346
613347
613348
613349
613350
613351
613359
613360
613361
613362
613363
613364
613365
613366
613367
613368
613370
613371
613372
613373
613374
613375
613376
613377
613378
613379
613380
613381
613382
613383
613384
613385
613386
613387
613388
613389
613390
613391
613396
613686
613687
613688
613689
613690
613691
613692
613693
613694
613695
613711
613712
613713
613714
613715
613716
613717
613718
613719
613720
613721
613722
613723
613724
613725
613726
613727
613728
613729
613730
613731
613732
613733
613734
613735
613736
613737
613738
613739
613740
613741
613742
613743
613744
613745
613746
613747
613748
613749
613750
613751
613752
613753
613754
613755
613756
613757
613758
613759
613761
613762
613763
613764
613765
613767
613768
613769
613770
613771
613772
613773
613774
613775
613776
613777
614052
614053
614054
614055
614056
614090
614091
614092
614093
614094
614095
614096
614097
614098
614099
614100
614101
614102
614103
614104
614105
614106
614107
614108
614109
614110
614111
614112
614113
614114
614115
614116
614117
614118
614119
614120
614121
614122
614123
614124
614125
614126
614127
614128
614390
614392
614393
614394
614395
614396
614397
614398
614399
614400
614401
614402
614403
614404
614405
614406
614407
614408
614409
614410
614411
614412
614413
614414
614415
614416
614417
614418
614419
614420
614421
614422
614423
614424
614425
614426
614427
614428
614429
614430
614431
614432
614433
614434
614435
614436
614437
614438
614439
614440
614441
614442
614443
614444
614445
614446
614448
614449
614450
614451
614452
614453
614454
614455
614456
614457
614458
614459
614460
614461
614462
614463
614464
614465
614466
614467
614468
614469
614470
614471
614472
614473
614474
614475
614476
614477
614478
614479
614480
614481
614482
614483
614484
614485
614486
614487
614488
614489
614490
614491
614713
614714
614719
614720
614721
614722
614729
614730
614731
614732
614733
614734
614735
614742
614743
614744
614745
614746
614747
614748
614749
614750
614751
614752
614753
614754
614755
614756
614757
614758
614759
614760
614761
614762
614763
614764
614765
614766
614767
614768
614769
614770
614772
614773
614774
614775
614776
614777
614778
614779
614780
614781
614782
614783
614784
614785
614786
614787
614788
614789
614791
614792
614793
614794
614795
614796
614797
614798
614799
614800
614802
614803
614804
615072
615074
615077
615079
615081
615083
615085
615087
615089
615091
615092
615093
615094
615096
615097
615098
615100
615102
615104
615105
615106
615107
615108
615109
615110
615111
615112
615113
615114
615115
615116
615117
615118
615121
615122
615123
615124
615125
615126
615127
615128
615129
615130
615131
615132
615133
615134
615135
615136
615137
615138
615139
615140
615141
615142
615143
615144
615145
615146
615147
615148
615149
615150
615151
615152
615153
615154
615155
615156
615157
615158
615159
615160
615161
615162
615163
615164
615165
615166
615167
615168
615169
615170
615453
615460
615461
615465
615467
615469
615471
615472
615473
615474
615479
615481
615483
615484
615485
615486
615487
615488
615489
615490
615491
615492
615493
615494
615495
615496
615498
615500
615501
615502
615503
615504
615505
615506
615507
615508
615509
615510
615511
615512
615518
615519
615520
615521
615522
615523
615524
615525
615526
615527
615528
615529
615530
615531
615532
615533
615534
615535
615536
615537
615538
615539
615540
615541
615542
615543
615544
615545
615546
615547
615548
615549
615550
615551
615940
615941
615943
615945
615947
615948
615950
615952
615954
615956
615957
615959
615961
615963
615965
615967
615968
615970
615971
615973
615975
615976
615978
615979
615980
615982
615984
615986
615988
615990
615992
615994
615996
615997
615999
616001
616002
616004
616006
616008
616010
616012
616014
616016
616017
616019
616020
616021
616022
616023
616024
616025
616026
616027
616028
616029
616030
616031
616032
616033
616034
616035
616036
616037
616038
616039
616040
616041
616042
616043
616044
616045
616619
616633
616635
616637
616639
616641
616643
616645
616647
616649
616651
616653
616655
616657
616659
616661
616662
616664
616665
616667
616669
616671
616673
616675
616677
616679
616681
616683
616685
617097
617101
617102
617104
617106
617108
617110
617112
617114
617116
617117
617118
617120
617122
617125
617126
617128
617129
617131
617133
617135
617137
617138
617140
617141
617142
617143
617144
617145
617147
617149
617150
617152
617153
617154
617155
617156
617157
617159
617162
617164
617165
617167
617169
617170
617172
617173
617177
617181
617183
617186
617189
617190
617192
617194
617195
617197
617649
617650
617651
617653
617655
617657
617659
617660
617662
617664
617666
617668
617670
617672
617674
617676
617677
617679
617681
617683
617684
617685
617687
617689
617691
617693
617695
617697
617699
617701
617702
617704
617706
617707
617708
617709
617710
617712
617714
617716
617718
617719
618141
618143
618146
618147
618148
618149
618151
618152
618160
618161
618163
618165
618167
618174
618175
618177
618179
618183
618184
618185
618187
618191
618193
618504
618505
618506
618508
618510
618512
618514
618516
618518
618520
618521
618522
618523
618524
618526
618528
618530
618532
618533
618535
618537
618539
618541
618543
618545
618546
618547
618548
618549
618550
618551
618552
618553
618554
618555
618556
618557
618558
618559
618561
618563
618565
618567
618569
618571
618573
618575
618577
618578
618580
618582
618583
618584
618585
618586
618587
618588
618589
618591
618593
618595
618597
618600
618605
618607
618609
618610
618611
618612
618613
618614
618615
618618
618619
618620
618622
618624
618625
618626
621167
621168
621169
621170
621171
621172
621173
621174
621175
621176
621177
621179
621181
621182
621183
621184
621185
621186
621187
621188
621209
621210
621211
621212
621213
621214
621215
621216
621217
621219
621221
621223
621225
621226
621227
621228
621229
621231
621233
621235
621237
621238
621240
621241
621242
621243
621244
621247
621248
621534
621535
621536
621537
621538
621539
621540
621541
621542
621543
621544
621545
621546
621547
621548
621549
621550
621551
621552
621553
621554
621555
621556
621557
621558
621559
621560
621561
621562
621563
621564
621565
621566
621567
621568
621569
621570
621571
621572
621573
621574
621575
621576
621577
621578
621579
621580
621581
621582
621583
621584
621585
621586
621587
621588
621589
621590
621591
621592
621593
621594
621595
621596
621597
621598
621599
621600
621601
621602
621603
621604
621616
621617
621618
621620
621621
621622
621623
621624
621625
621626
621627
621628
621904
621905
621906
621907
621908
621909
621910
621911
621912
621913
621914
621915
621916
621917
621918
621919
621920
621921
621922
621923
621924
621925
621926
621927
621928
621929
621930
621931
621932
621933
621934
621935
621936
621937
621938
621939
621940
621941
621942
621943
621944
621945
621946
621947
621948
621949
621950
621951
621952
621953
621954
621955
621956
621957
621958
621959
621960
621961
621962
621963
621964
621965
621966
621967
621968
621969
621970
621971
621972
621978
621979
621980
621981
621982
621983
621984
621985
621986
621987
621988
621989
621990
621991
621992
621994
621995
621996
621997
621998
621999
622001
622002
622003
622004
622005
622006
622007
622008
622009
622011
622012
622013
622014
622015
622016
622292
622293
622294
622295
622296
622297
622298
622299
622300
622301
622308
622309
622310
622311
622312
622313
622314
622315
622316
622317
622318
622319
622320
622321
622322
622323
622324
622325
622326
622327
622328
622329
622330
622331
622332
622333
622334
622335
622336
622337
622338
622339
622340
622341
622342
622343
622344
622345
622346
622347
622348
622349
622350
622351
622352
622353
622354
622355
622362
622363
622364
622365
622366
622367
622368
622369
622370
622371
622372
622373
622374
622375
622376
622377
622378
622379
622380
622381
622382
622383
622384
622385
622386
622387
622388
622389
622390
622391
622394
667113
667122
667133
667134
667137
667139
667140
667141
667142
667145
667146
667151
667163
667168
667171
667172
667173
667174
667175
667177
667178
667179
667180
667182
667183
667184
667189
667190
667192
667193
667195
667196
667197
667198
667200
667201
667202
667203
667218
667223
667572
667573
667574
667575
667576
667577
667578
667579
667580
667581
667582
667611
667620
667621
667624
667630
667631
667670
667672
667690
667691
667692
667693
668025
668026
668027
668029
668030
668031
668032
668033
668034
668035
668036
668037
668038
668039
668040
668041
668042
668043
668044
668045
668046
668047
668048
668049
668050
668051
668052
668053
668054
668055
668056
668057
668058
668059
668060
668061
668062
668063
668064
668065
668066
668067
668068
668069
668070
668071
668072
668073
668074
668075
668076
668077
668078
668079
668092
668093
668098
668104
668146
668147
668611
668612
668613
668614
668615
668616
668617
668618
668619
668620
668621
668622
668623
668624
668625
668626
668627
668628
668629
668630
668637
668638
668639
668640
668641
668642
668643
668644
668645
668646
668647
668648
668649
668650
668651
668652
668653
668654
668655
668656
668657
668658
668659
668660
668661
668662
668663
668664
668665
668666
668667
668668
668669
668670
668671
668672
668673
668674
668675
668676
668677
668678
668679
668680
668681
668682
668683
668684
668685
668686
668687
668688
668689
668690
668691
668692
668694
668699
668700
668701
668702
668703
668704
668705
668707
668708
668709
668710
668711
668712
668713
668714
668715
668716
668717
668718
668719
668720
668722
669128
669129
669484
669485
669486
669487
669488
669489
669490
669497
669498
669499
669500
669501
669502
669503
669504
669505
669506
669507
669508
669509
669510
669511
669513
669514
669515
669516
669517
669519
669520
669521
669522
669523
669524
669525
669526
669527
669528
669529
669531
669532
669533
669535
669537
669540
669541
669542
669543
669546
669547
669548
669550
669551
669552
669553
669567
669573
669574
669969
669970
669971
669972
669973
669974
669975
669976
669977
669978
669979
669980
669981
669982
669983
669984
669985
669986
669987
669988
669989
669990
669991
669992
669993
669994
669995
669996
669997
669998
669999
670000
670001
670002
670003
670004
670005
670006
670007
670008
670010
670011
670012
670025
670026
670027
670028
670041
670042
670043
670056
670057
670058
670059
670060
670061
670062
670377
670378
670379
670380
670381
670382
670383
670384
670385
670386
670387
670388
670389
670390
670391
670393
670394
670395
670396
670397
670398
670399
670400
670401
670402
670403
670404
670405
670406
670418
670419
670420
670421
670422
670423
670424
670425
670426
670427
670428
670429
670430
670431
670432
670433
670434
670435
670436
670437
670438
670439
670440
670441
670442
670443
670444
670445
670446
670447
670448
670449
670450
670451
670452
670453
670454
670455
670456
670457
670458
670459
670460
670461
670462
670463
670464
670465
670466
670467
670468
670469
670470
670471
670472
670473
670474
670475
670476
670477
670478
670479
670480
670481
670482
670483
670484
670485
670486
670487
670488
670489
670490
670491
670492
670493
670494
670495
670496
670497
670855
671228
671595
671596
671597
671598
671599
671600
671601
671602
671603
671604
671605
671606
671609
671640
671695
671696
671697
671698
671699
671700
671701
671702
671704
671705
671706
671707
671986
671987
671988
671989
671990
671991
671994
671995
671996
671997
671998
671999
672000
672001
672002
672003
672004
672005
672006
672007
672008
672009
672010
672014
672015
672017
672051
672052
672053
672055
672056
672057
672058
672059
672064
672065
672066
672067
672069
672070
672071
672072
672073
672075
672076
672077
672078
672079
672080
672081
672082
672083
672084
672085
672086
672087
672088
672089
672090
672091
672092
672093
672094
672095
672104
672105
672106
672107
672364
672365
672366
672385
672386
672387
672388
672389
672390
672391
672392
672393
672394
672395
672396
672397
672398
672399
672400
672401
672402
672403
672404
672405
672406
672407
672408
672409
672410
672411
672412
672413
672414
672415
672416
672417
672418
672419
672420
672421
672422
672423
672424
672425
672426
672427
672428
672429
672430
672431
672432
672433
672434
672435
672436
672437
672438
672439
672440
672441
672442
672443
672444
672445
672446
672713
672714
672715
672716
672717
672718
672719
672720
672721
672722
672723
672724
672725
672726
672727
672728
672729
672730
672731
672732
672733
672734
672735
672736
672737
672738
672739
672740
672741
672742
672743
672744
672745
672746
672747
672748
672749
672750
672751
672752
672753
672754
672755
672756
672757
672758
672759
672760
672761
672762
672763
672764
672765
672766
672767
672768
672769
672770
672771
672772
672773
672774
672775
672776
672777
672778
672779
672780
672781
672782
672783
672784
672785
672786
672787
672788
672789
672790
672791
672792
672793
672794
672795
672796
672797
672798
672799
672800
672801
672802
672803
672804
672805
672806
672807
672808
672809
672810
672811
672812
672813
672814
672815
672816
672817
672818
672819
672820
672821
672822
672823
672824
672825
672826
672827
672828
672829
673139
673140
673141
673145
673423
673428
673431
673450
673678
673680
673682
673683
673706
673707
673708
673711
673713
673715
673716
673717
673733
673742
673749
673767
673768
673769
673770
673995
673996
673997
673998
673999
674000
674001
674055
674073
674074
674075
674076
674077
674078
674079
674081
674082
674304
674326
674327
674328
674329
674332
674333
674334
674335
674336
674337
674338
674339
674340
674341
674342
674343
674344
674345
674346
674347
674348
674349
674351
674352
674353
674354
674355
674356
674357
674358
674359
674360
674361
674362
674365
674368
674369
674374
674375
674376
674377
674378
674379
674380
674381
674382
674435
674436
674437
674438
674439
674443
674723
674731
674755
674813
674815
674818
674819
674822
674823
674824
674825
674826
674827
674828
674829
674830
674831
674832
674833
675118
675119
675120
675121
675122
675123
675124
675125
675126
675127
675128
675129
675130
675131
675132
675133
675254
675256
675257
675258
675259
675260
675261
675262
675270
675271
675272
675273
675274
675275
675276
675277
675278
675279
675280
675281
675282
675283
675506
675507
675508
675509
675510
675511
675514
675515
675516
675523
675524
675525
675526
675527
675528
675529
675531
675532
675533
675534
675535
675536
675537
675538
675539
675540
675541
675542
675543
675544
675545
675546
675547
675548
675549
675550
675551
675552
675553
675554
675555
675561
675562
675564
675565
675566
675567
675568
675569
675570
675571
675574
675575
675578
675579
675580
675581
675582
675583
675584
675585
675586
675587
675588
675589
675590
675591
675592
675593
675594
675595
675596
675597
675599
675600
675601
675602
675641
675642
675644
675645
675757
675759
676310
676311
676312
676313
676314
676315
676316
676317
676318
676319
676320
676321
676323
676324
676325
676326
676327
676328
676329
676330
676331
676332
676333
676334
676335
676336
676337
676338
676339
676340
676341
676342
676344
676345
676346
676347
676348
676349
676350
676351
676352
676353
676354
676355
676356
676357
676358
676359
676360
676361
676362
676366
676367
676368
676438
676717
676718
676719
676720
676721
676722
676726
676727
676728
676729
676730
676731
676732
676733
676737
676738
676739
676740
676742
676746
676747
676748
676749
676752
676753
676754
676755
676756
676757
676758
676759
676760
676761
676762
676764
676765
676766
676768
676769
676770
676771
676772
676773
676774
676775
676776
676777
676778
676779
676780
676781
676782
676783
676784
676785
676786
676787
676788
676789
676790
676791
676792
676793
676794
676795
676796
676797
676798
676799
676800
676801
676805
676807
676809
676812
676813
676814
676815
676816
676818
676819
676820
676822
676823
676824
676825
676826
676828
676829
676831
676896
676897
676898
677165
677166
677167
677168
677169
677170
677171
677172
677173
677174
677175
677180
677213
677214
677215
677216
677217
677218
677219
677220
677221
677222
677223
677224
677225
677226
677227
677228
677229
677230
677231
677232
677233
677234
677235
677236
677237
677238
677239
677240
677241
677242
677243
677244
677245
677246
677247
677248
677249
677250
677251
677252
677253
677254
677255
677256
677257
677258
677259
677260
677261
677262
677263
677264
677265
677266
677267
677268
677269
677270
677271
677272
677273
677274
677275
677276
677277
677278
677279
677280
677281
677282
677283
677284
677285
677286
677287
677288
677289
677290
677291
677292
677293
677294
677295
677296
677297
677298
677299
677300
677301
677302
677303
677304
677305
677306
677343
677344
677345
677346
677347
677348
677349
677350
677351
677352
677353
677354
677355
677356
677357
677358
677359
677360
677361
677362
677363
677364
677365
677367
677368
677369
677370
677371
677372
677373
677374
677375
677376
677377
677378
677379
677380
677381
677382
677383
677384
677385
677386
677387
677388
677389
677390
677391
677392
677393
677394
677395
677396
677397
677398
677399
677400
677401
677402
677403
677404
677405
677406
677407
677408
677409
678739
678740
678741
678742
678743
678744
678745
678746
678747
678748
678749
678750
678751
678752
678753
678754
678755
678756
678757
678758
678759
678760
678761
678762
678763
678764
678765
678766
678768
678769
678770
678771
678772
678773
678774
678775
678776
678777
678778
678779
678780
678781
678782
678783
678784
678785
678786
678787
678788
678789
678802
678803
678804
678805
678806
678807
678808
678809
678810
678811
678812
678813
678814
678815
678816
678817
678818
678819
678820
678821
678822
678823
678824
678825
678826
678827
678828
678829
678830
678831
678832
678833
678834
678835
678836
678838
678839
678840
678841
678842
678843
678844
678845
678846
678847
678848
678849
678850
678851
678852
678853
678854
678855
678856
678857
678858
678859
678860
678861
678862
678863
678864
678865
678866
678867
678868
678869
678870
678871
678872
678873
678874
678875
678876
678885
678886
678887
678888
678889
678890
678891
678892
678893
678894
678895
678896
678897
678898
678899
678900
678901
678902
678903
678904
678905
678906
678907
678908
678909
678910
678911
678912
678913
678914
678915
678916
678917
678918
678919
678920
678921
678922
678923
678924
678925
678926
678927
678928
678929
678930
678931
678932
678933
678934
678935
678936
678937
678938
678939
678940
678941
678942
678943
678944
678945
678946
678947
678948
678949
678950
678951
678952
678953
678954
678955
678956
678957
678958
678959
678960
678961
678962
678963
678964
678965
678966
678967
678968
678969
678970
678971
678974
678975
678976
678977
678978
678979
678980
678981
678982
678983
678984
678985
678986
678987
678988
678989
678990
678991
678992
678993
678994
678995
678996
678997
678998
678999
679000
679001
679002
679003
679004
679005
679006
679007
679221
679222
679223
679224
679252
679253
679255
679257
679258
679259
679260
679261
679262
679264
679265
679266
679267
679268
679269
679270
679273
679275
679277
679279
679281
679282
679284
679285
679286
679288
679331
679384
679385
679387
679388
679389
679390
679391
680397
680398
680399
680400
680401
680402
680403
680404
680405
680406
680407
680408
680409
680410
680411
680412
680413
680414
680415
680416
680417
680418
680419
680420
680421
680422
680423
680424
680425
680426
680427
680428
680429
680430
680431
680432
680433
680434
680435
680436
680437
680438
680439
680440
680441
680442
680443
680444
680445
680446
680447
680448
680449
680450
680451
680452
680453
680454
680455
680456
680457
680458
680459
680460
680461
680462
680463
680464
680465
680466
680467
680468
680469
680470
680471
680472
680473
680474
680475
680476
680477
680478
680479
680480
680481
680482
680483
680484
680485
680486
680487
680488
680489
680490
680491
680492
680493
680494
680495
680496
680497
680498
680499
680500
680502
680503
680504
680505
680506
680507
680508
680509
680510
680511
680512
680513
680514
680515
680516
680517
680518
680519
680520
680521
680522
680523
680524
680649
680650
680651
680652
680653
680654
680655
680656
680657
680658
680659
680660
680661
680662
680663
680664
680665
680666
680667
680668
680669
680670
680671
680672
680673
680674
680675
680676
680677
680678
680679
680680
680681
680682
680683
680684
680685
680686
680687
680688
680689
680690
680691
680692
680693
680694
680695
680696
680697
680698
680699
680700
680701
680702
680703
680704
680705
680706
680707
680708
680709
680710
680711
680712
680713
680714
680715
680716
680717
680718
680719
680720
680721
680722
680723
680724
680725
680726
680727
680728
680729
680730
680731
680732
680733
680734
680735
680736
680737
680738
680739
680740
680741
680742
680743
680744
680745
680746
680747
680748
680749
680750
680751
680752
680753
680754
680755
680756
680757
680758
680759
680760
680761
680762
680763
680764
680765
680766
680767
680768
680769
680770
680771
680772
680773
680774
680775
680776
680777
680778
680779
680780
680781
680782
680783
680784
680785
680786
680787
680788
680789
680790
680791
680792
680793
680794
680795
680796
680797
680798
680799
680800
680801
680802
680803
680804
680805
680806
680807
680808
680809
680810
680811
680812
680813
680814
680815
680816
680817
680818
680819
680820
680821
680822
680823
680824
680825
680826
680827
680828
680829
680830
680831
680832
680833
680834
680835
680836
680837
680838
680839
680840
680841
680842
680843
680844
680845
680846
680847
680848
680849
680850
680851
680852
680853
680854
680855
680856
680857
680858
680859
680860
680861
680862
680863
680864
680865
680866
680867
680868
680869
680870
680871
680872
680873
680875
680876
680877
680878
680879
680880
680881
680882
680883
680884
680885
680886
680887
680888
680889
680890
680891
680892
680893
680894
680895
680896
680897
680898
680899
680900
680901
680902
680903
680904
680905
680906
680907
680908
680909
680910
680923
680924
680926
680927
681086
681112
681113
681133
681142
681143
681144
681145
681146
681147
681148
681149
681150
681151
681152
681153
681154
681155
681156
681157
681158
681159
681160
681161
681162
681163
681164
681166
681167
681169
681170
681171
681172
681173
681174
681175
681176
681177
681178
681179
681180
681181
681182
681183
681184
681185
681186
681187
681188
681189
681190
681191
681192
681193
681194
681195
681196
681197
681212
681213
681214
681215
681216
681217
681218
681219
681220
681221
681222
681223
681224
681225
681226
681227
681228
681229
681230
681231
681232
681233
681234
681235
681236
681237
681238
681239
681240
681241
681242
681243
681244
681245
681246
681247
681248
681249
681250
681263
681264
681265
681266
681267
681268
681269
681270
681271
681272
681273
681274
681275
681276
681277
681278
681279
681280
681281
681282
681283
681284
681285
681286
681287
681288
681289
681290
681291
681292
681293
681294
681295
681296
681297
681298
681299
681300
681301
681458
681459
681460
681461
681462
681463
681464
681465
681466
681467
681468
681469
681470
681471
681472
681473
681474
681475
681476
681477
681478
681479
681480
681481
681482
681483
681484
681485
681486
681487
681488
681489
681490
681491
681492
681493
681494
681495
681496
681497
681498
681499
681500
681501
681502
681503
681504
681505
681506
681507
681508
681509
681510
681511
681512
681513
681514
681515
681516
681517
681518
681519
681520
681521
681522
681523
681524
681525
681526
681527
681528
681529
681530
681531
681532
681533
681534
681535
681536
681537
681538
681539
681540
681541
681542
681543
681544
681545
681546
681547
681548
681549
681550
681551
681552
681553
681554
681555
681556
681557
681558
681559
681560
681561
681562
681563
681564
681565
681566
681567
681568
681569
681570
681571
681572
681573
681574
681575
681576
681577
681578
681579
681580
681581
681582
681583
681584
681585
681586
681587
681588
681589
681590
681591
681592
681593
681594
681595
681596
681597
681598
681599
681600
681601
681602
681603
681604
681605
681606
681607
681608
681609
681610
681611
681612
681613
681614
681615
681616
681617
681618
681619
681620
681621
681622
681624
681625
681626
681627
681628
681629
681630
681631
681632
681633
681634
681635
681636
681637
681638
681639
681640
681642
681643
681644
681645
681646
681647
681648
681649
681650
681651
681652
681653
681654
681655
681656
681657
681658
681659
681660
681661
681662
681663
681664
681665
681666
681667
681668
681669
681670
681671
681672
681673
681674
681675
681676
681677
681678
681679
681680
681681
681682
681683
681684
681685
681686
681687
681688
681689
681690
681691
681692
681693
681694
681695
681696
681697
681698
681699
681700
681701
681702
681703
681704
681705
681706
681707
681708
681709
681710
681711
681712
681713
681714
681715
681716
681717
681718
681719
681720
681721
681722
681723
681724
681725
681726
681727
681728
681729
681730
681731
681732
681733
681734
681735
681736
681897
681898
681899
681900
681901
681902
681903
681904
681905
681906
681907
681908
681909
681910
681911
681912
681913
681914
681915
681916
681917
681918
681919
681920
681921
681922
681923
681924
681925
681926
681927
681928
681929
681930
681931
681932
681933
681934
681935
681936
681937
681938
681939
681940
681941
681942
681943
681944
681946
681948
681949
681950
681951
681952
681953
681954
681955
681956
681957
681958
681959
681960
681961
681962
681963
681964
681965
681966
681967
681968
681969
681970
681971
681972
681973
681974
681975
681976
681977
681978
681979
681980
681981
681982
681983
681984
681985
681986
681987
681988
681989
681990
681991
681992
681993
681994
681995
681996
681997
681998
681999
682000
682001
682002
682003
682004
682005
682006
682007
682008
682009
682010
682011
682012
682013
682014
682015
682016
682017
682018
682019
682020
682021
682022
682023
682024
682025
682026
682027
682028
682029
682030
682031
682032
682033
682034
682035
682036
682037
682038
682039
682040
682041
682042
682043
682044
682045
682046
682047
682048
682049
682050
682051
682052
682053
682054
682055
682056
682057
682058
682059
682060
682061
682062
682063
682064
682065
682066
682067
682068
682069
682070
682071
682072
682073
682074
682075
682076
682077
682078
682079
682080
682081
682082
682083
682084
682085
682086
682087
682088
682089
682090
682091
682092
682093
682094
682095
682096
682097
682098
682099
682100
682101
682102
682103
682104
682105
682106
682107
682108
682109
682110
682111
682112
682113
682114
682115
682116
682117
682118
682119
682120
682121
682122
682123
682124
682125
682126
682127
682128
682129
682130
682131
682132
682133
682134
682135
682136
682137
682138
682139
682140
682141
682142
682143
682144
682145
682146
682147
682148
682149
682150
682151
682152
682153
682154
682155
682156
682157
682158
682159
682160
682161
682162
682163
682164
682165
682168
682169
682171
682172
682173
682174
682176
682177
682178
682179
682180
682181
682182
682315
682316
682317
682319
682327
682328
682330
682331
682332
682333
682334
682335
682336
682337
682338
682339
682340
682341
682350
682351
682352
682354
682360
682361
682362
682363
682364
682365
682366
682367
682375
682395
682434
682435
682438
682439
682440
682441
682442
682443
682444
682446
682447
682448
682449
682450
682451
682454
682455
682456
682457
682458
682459
682460
682461
682462
682463
682464
682465
682698
682699
682700
682701
682702
682703
682704
682705
682706
682707
682708
682709
682710
682713
682714
682715
682716
682717
683032
683033
683034
683044
683045
683046
683047
683048
683049
683050
683051
683052
683053
683054
683057
683059
683060
683061
683062
683063
683064
683065
683066
683067
683068
683069
683070
683071
683072
683074
683586
683587
683588
683589
683590
683591
683592
683593
683594
683595
683596
683597
683599
683600
683601
683798
683799
683800
683801
683802
683803
683804
683811
683812
683813
683814
683833
683834
683835
683843
683850
683877
683878
683880
683881
683897
683899
683900
683901
683902
683906
683907
683908
683909
683910
683911
683912
683915
683916
683925
683926
683927
683940
683941
683942
683943
683944
683947
683948
683949
683950
683951
683952
683953
683954
683955
683956
683957
683958
683959
683960
683961
683962
683964
683965
683966
683967
683968
683969
683970
683973
683974
683975
683977
683978
683979
683980
683981
683982
683983
683984
683985
683986
683987
683988
683989
683990
683991
683992
684003
684004
684005
684006
684007
684008
684009
684010
684011
684012
684013
684014
684015
684016
684017
685345
685346
685347
685348
685349
685362
685363
685364
685365
685366
685367
685368
685369
685370
685371
685372
685373
685374
685375
685376
685377
685378
685380
685381
685382
685383
685384
685385
685386
685387
685389
685390
685391
685392
685393
685394
685395
685396
685397
685398
685399
685400
685402
685403
685404
685405
685406
685407
685408
685409
685410
685411
685494
685495
685501
685646
685647
685648
685649
685650
685651
685652
685653
685654
685655
685656
685657
685658
685659
685660
685661
685662
685663
685664
685665
685666
685667
685669
685670
685671
685672
685673
685674
685675
685676
685677
685678
685679
685680
685681
685682
685683
685684
685685
685686
685687
685688
685689
685690
685691
685692
685693
685694
685695
685696
685697
685698
685699
685700
685701
685702
685703
685704
685705
685706
685707
685708
685709
685710
685711
685712
685713
685714
685715
685716
685717
685718
685719
685720
685721
685722
685723
685724
685725
685726
685727
685734
685735
685736
685737
685738
685739
685740
685741
685742
685743
685744
685745
685746
685747
685748
685749
685750
685751
685752
685753
685754
685755
685756
685757
685758
685759
685760
685761
685762
685763
685764
685765
685766
685767
685768
685769
685770
685771
685772
685773
685774
685775
685776
685777
685778
685779
685780
685781
685782
685783
685784
685785
685786
685787
685788
685789
685790
685791
685792
685793
685794
685795
685796
685797
685798
685799
685800
685801
685802
685803
685804
685805
685806
685807
685808
685809
685810
685811
685812
685813
685814
685815
685816
685817
685818
685819
685820
685821
685822
685823
685824
685825
685826
685827
685828
685829
685830
685831
685832
685833
685834
685835
685836
685837
685838
685839
685840
685841
685842
685843
685844
685845
685846
685847
685848
685849
685850
685851
685852
685853
685854
685855
685856
685857
685858
685860
685861
685862
685863
685864
685865
685866
685867
685868
685869
685870
685871
685872
685873
685874
685875
685876
685877
685878
685879
685880
686103
686104
686106
686107
686108
686109
686111
686112
686386
686387
686388
686389
686390
686391
686392
686393
686394
686395
686396
686397
686398
686399
686400
686401
686402
686403
686404
686405
686406
686407
686408
686409
686410
686411
686412
686413
686414
686415
686416
686417
686418
686419
686420
686421
686422
686423
686424
686425
686426
686427
686428
686429
686430
686431
686432
686433
686434
686435
686436
686437
686438
686439
686440
686441
686442
686443
686444
686445
686446
686447
686448
686449
686450
686451
686452
686453
686454
686455
686456
686457
686458
686459
686460
686461
686462
686463
686464
686465
686466
686467
686468
686469
686470
686471
686472
686473
686474
686475
686476
686477
686478
686479
686480
686481
686482
686483
686484
686485
686486
686487
686488
686489
686490
686491
686492
686493
686494
686495
686496
686497
686498
686499
686500
686501
686502
686503
686504
686505
686506
686507
686508
686509
686510
686511
686512
686513
686514
686515
686526
686527
686528
686529
686530
686531
686532
686533
686534
686535
686536
686537
686538
686539
686540
686541
686542
686543
686544
686545
686546
686547
686548
686549
686550
686551
686552
686553
686554
686555
686556
686557
686558
686559
686560
686561
686562
686563
686564
686565
686566
686567
686568
686569
686570
686571
686572
686573
686574
686575
686576
686577
686578
686579
686580
686581
686582
686583
686584
686585
686586
686587
686588
686589
686590
686591
686592
686593
686594
686595
686596
686597
686598
686599
686600
686601
686602
686603
686604
686605
686606
686607
686608
686609
686610
686611
686612
686613
686614
686615
686784
686785
686786
686787
686788
686789
686790
686791
686792
686794
686796
686804
686806
686825
686841
686867
686868
686869
686870
686871
686878
686891
686892
686893
686920
686921
686922
686923
686924
686925
686932
686933
687086
687088
687091
687092
687093
687094
687095
687096
687098
687100
687103
687104
687106
687107
687108
687109
687111
687112
687113
687114
687115
687116
687117
687118
687119
687120
687121
687122
687123
687124
687125
687126
687127
687128
687129
687130
687131
687132
687133
687134
687135
687136
687137
687138
687139
687140
687141
687142
687143
687144
687145
687146
687147
687148
687149
687150
687151
687152
687153
687154
687155
687165
687166
687232
687233
687235
687237
687238
687239
687240
687241
687242
687243
687244
687245
687246
687247
687248
687249
687250
687251
687253
687254
687255
687256
687257
687258
687259
687260
687261
687262
687263
687264
687265
687266
687267
687268
687269
687270
687271
687272
687273
687274
687275
687276
687277
687278
687279
687280
687281
687283
687284
687285
687286
687287
687288
687289
687290
687291
687292
687293
687294
687295
687296
687297
687298
687299
687300
687301
687302
687303
687304
687305
687306
687307
687308
687310
687311
687312
687313
687314
687315
687316
687317
687318
687319
687320
687471
687472
687473
687474
687475
687476
687477
687478
687479
687480
687481
687482
687483
687484
687485
687486
687487
687488
687489
687490
687491
687492
687493
687496
687497
687500
687501
687502
687515
687516
687518
687519
687522
687523
687524
687525
687526
687527
687528
687529
687530
687532
687533
687534
687535
687536
687537
687538
687539
687540
687541
687542
687543
687544
687545
687546
687547
687548
687549
687550
687551
687552
687553
687554
687555
687556
687557
687558
687559
687560
687561
687562
687563
687564
687565
687566
687567
687568
687569
687570
687571
687572
687573
687576
687580
687609
687611
687620
687747
687748
687749
687750
687751
687752
687753
687754
687755
687757
687758
687759
687760
687761
687762
687763
687764
687766
687767
687768
687769
687770
687771
687772
687773
687774
687775
687776
687777
687778
687779
687780
687781
687782
687783
687784
687785
687786
687787
687788
687789
687790
687791
687792
687793
687794
687795
687796
687797
687798
687799
687800
687801
687802
687803
687804
687805
687806
687807
687808
687809
687810
687811
687812
687813
687814
687815
687816
687817
687818
687819
687820
687821
687822
687823
687824
687825
687826
687827
687828
687829
687830
687831
687832
687833
687834
687835
687836
687837
687838
687839
687840
687841
687842
687843
687844
687845
687846
687847
687848
687849
687850
687851
687852
687853
687854
687855
687856
687857
687858
687859
687860
687861
687862
687863
687864
687865
687866
687867
687868
687870
687871
687872
687873
687874
687875
687876
687877
687878
687879
687880
687881
687882
687883
687884
687885
687886
687887
687888
687889
687890
687891
687892
687893
687894
687895
687896
687897
687898
687899
687900
687901
687902
687903
687904
687905
687906
687907
687908
687909
687910
687911
687912
687915
687916
687917
687918
687919
687920
687921
687926
687927
687928
687929
687930
687931
687932
687933
687934
687935
687936
687937
687938
687939
687940
687941
687942
687943
687944
687945
687946
687947
687948
687949
687950
687951
687952
687953
687954
687955
687956
687957
687958
687959
687960
687961
687962
687963
687964
687965
687966
687967
687968
687969
687970
687971
687972
687973
687974
687975
687976
687977
687978
687979
687980
687981
687982
687983
688164
688165
688166
688167
688170
688171
688193
688194
688195
688196
688197
688198
688199
688200
688201
688202
688203
688204
688205
688206
688207
688208
688209
688210
688211
688212
688213
688214
688215
688216
688217
688230
688231
688232
688233
688234
688235
688236
688237
688238
688239
688240
688241
688242
688243
688244
688245
688246
688247
688248
688249
688250
688251
688252
688253
688254
688255
688256
688257
688258
688259
688260
688261
688262
688424
688428
688430
688431
688432
688433
688434
688435
688436
688437
688438
688440
688441
688442
688444
688445
688447
688448
688449
688450
688451
688453
688455
688456
688457
688458
688459
688460
688461
688462
688463
688464
688465
688466
688468
688485
688486
688487
688488
688489
688490
688503
688504
688505
688506
688507
688508
688509
688510
688511
688512
688513
688514
688515
688516
688517
688518
688519
688520
688521
688522
688523
688524
688525
688526
688527
688528
688529
688530
688531
688532
688539
688540
688541
688542
688543
688544
688553
688555
688556
688557
688570
688571
688572
688573
688574
688575
688576
688577
688578
688580
688835
688836
688837
688838
688839
688840
688841
688842
688843
688844
688845
688846
688847
688848
688849
688851
688852
688853
688854
688855
688856
688857
688858
688859
688860
688861
688862
688863
688864
688866
688867
688868
688869
688872
688874
688875
688878
688880
688881
688882
688883
688884
688885
688887
688888
688889
688890
688891
688892
688893
688894
688895
688896
688899
688900
688901
688902
688903
688904
688905
688906
688907
688914
688915
688916
688917
688918
688919
688920
688927
688928
688929
688930
688931
688932
688933
688934
688935
688936
688937
688938
688939
688940
688941
688942
688943
688944
688945
688946
688947
688948
688949
688950
688951
688952
688953
688954
688955
688956
688957
688958
688959
688960
688961
688962
688963
688964
688965
688966
688967
688968
688969
688970
688971
688972
688973
688974
688975
688976
688977
688978
688979
688980
688981
688982
688983
688984
688985
688986
688987
688988
688989
688990
688991
688992
688993
688994
688995
688996
688997
688998
688999
689000
689001
689002
689003
689004
689005
689006
689007
689008
689009
689010
689011
689012
689013
689014
689015
689016
689017
689018
689019
689020
689021
689022
689023
689024
689025
689026
689027
689028
689029
689030
689031
689032
689033
689034
689035
689036
689037
689038
689039
689040
689041
689042
689043
689044
689045
689046
689047
689048
689049
689050
689051
689052
689053
689054
689055
689056
689057
689058
689059
689060
689061
689062
689063
689064
689065
689066
689067
689068
689069
689070
689226
689227
689228
689229
689230
689231
689232
689233
689234
689235
689236
689237
689238
689239
689240
689241
689242
689243
689244
689245
689246
689247
689248
689249
689250
689251
689252
689253
689254
689255
689256
689257
689258
689259
689260
689261
689262
689263
689264
689265
689266
689267
689268
689269
689270
689271
689272
689273
689274
689275
689276
689277
689278
689279
689290
689291
689292
689293
689294
689295
689296
689297
689298
689299
689300
689301
689302
689303
689304
689305
689306
689313
689318
689319
689320
689321
689322
689323
689324
689325
689326
689327
689328
689329
689330
689331
689332
689333
689334
689335
689336
689337
689338
689339
689340
689341
689342
689343
689344
689345
689346
689347
689348
689349
689350
689351
689352
689353
689354
689355
689356
689357
689358
689359
689360
689361
689362
689363
689364
689365
689366
689367
689368
689369
689370
689371
689372
689373
689374
689375
689376
689377
689378
689379
689380
689381
689382
689383
689384
689385
689386
689387
689388
689389
689390
689391
689392
689393
689394
689395
689396
689397
689398
689399
689400
689401
689402
689403
689404
689405
689406
689407
689408
689409
689410
689411
689412
689413
689414
689415
689416
689417
689418
689419
689420
689421
689422
689423
689424
689425
689426
689427
689428
689429
689430
689431
689432
689433
689434
689435
689436
689437
689438
689439
689440
689599
689600
689601
689602
689603
689604
689605
689606
689607
689608
689609
689610
689611
689612
689613
689614
689615
689616
689617
689618
689619
689620
689621
689622
689623
689624
689625
689626
689627
689628
689629
689630
689631
689632
689633
689634
689635
689636
689637
689638
689639
689640
689641
689642
689643
689644
689645
689646
689647
689648
689649
689650
689651
689652
689653
689654
689655
689656
689657
689658
689659
689660
689661
689662
689663
689664
689665
689666
689667
689668
689669
689670
689671
689672
689673
689674
689675
689676
689677
689678
689679
689680
689682
689683
689684
689685
689686
689687
689688
689689
689690
689691
689692
689693
689694
689695
689696
689697
689698
689699
689700
689701
689702
689703
689704
689705
689706
689707
689708
689709
689710
689711
689712
689713
689714
689715
689716
689717
689718
689719
689720
689721
689722
689723
689724
689725
689726
689727
689728
689729
689730
689731
689732
689733
689734
689735
689736
689737
689738
689739
689740
689741
689742
689743
689744
689745
689746
689747
689748
689749
689750
689751
689752
689753
689754
689755
689756
689757
689758
689759
689760
689761
689762
689763
689764
689765
689766
689767
689768
689769
689770
689771
689772
689773
689774
689775
689776
689777
689778
689779
689780
689781
689782
689783
689784
689785
689786
689787
689788
689789
689790
689791
689792
689793
689794
689795
689796
689797
689798
689799
689800
689801
689802
689803
689804
689805
689806
689807
689808
689809
689810
689811
689812
689813
689814
689815
689816
689817
689818
689819
689820
689821
689822
689823
689824
689825
689826
689827
689828
689829
689830
689831
689832
689833
689834
689835
689836
689837
689838
689839
689840
689841
689842
689843
689844
689845
689846
690797
690799
690800
690801
690802
690803
690804
690805
690806
690807
690808
690809
690810
690811
690812
690813
690814
690815
690816
690819
690820
690821
690822
690823
690824
690825
690892
690893
690894
690895
690896
690897
690898
690899
690900
690901
690902
690903
690904
690905
690906
690907
690908
690909
690910
690911
690912
690913
690914
690915
690916
690917
690918
690919
690920
690921
690922
690923
690924
690925
690926
690927
690928
690929
690930
690931
690932
690933
690934
690935
690936
690937
690938
690939
690940
690941
691095
691096
691097
691098
691099
691100
691101
691102
691103
691104
691105
691106
691107
691108
691109
691110
691111
691112
691116
691117
691118
691119
691120
691121
691122
691123
691124
691125
691126
691127
691128
691129
691130
691131
691132
691133
691134
691135
691136
691137
691138
691139
691140
691141
691142
691155
691156
691157
691158
691159
691160
691161
691162
691163
691164
691165
691166
691167
691168
691169
691170
691171
691172
691173
691174
691175
691176
691177
691178
691179
691180
691181
691182
691183
691184
691185
691186
691187
691188
691189
691190
691191
691192
691193
691194
691195
691196
691197
691198
691199
691200
691201
691202
691203
691204
691205
691206
691207
691208
691209
691210
691211
691212
691213
691214
691215
691216
691217
691218
691219
691220
691221
691222
691223
691224
691225
691226
691227
691228
691229
691230
691231
691232
691233
691234
691235
691236
691237
691238
691239
691240
691241
691242
691243
691244
691245
691246
691247
691248
691249
691250
691251
691252
691253
691254
691255
691256
691257
691258
691259
691260
691261
691262
691263
691264
691265
691266
691268
691269
691271
691272
691273
691274
691275
691276
691278
691279
691280
691281
691282
691283
691284
691285
691286
691287
691288
691289
691290
691291
691292
691293
691294
691295
691296
691297
691298
691299
691300
691301
691302
691303
691304
691305
691306
691307
691308
691309
691310
691311
691312
691475
691476
691477
691478
691479
691480
691481
691482
691483
691484
691485
691486
691487
691488
691489
691490
691491
691492
691493
691494
691496
691497
691498
691499
691500
691502
691503
691504
691505
691506
691508
691509
691510
691511
691512
691513
691514
691515
691516
691517
691518
691519
691520
691521
691522
691523
691528
691529
691530
691537
691538
691539
691540
691541
691542
691543
691544
691545
691549
691550
691551
691552
691553
691554
691555
691556
691557
691558
691559
691560
691561
691562
691563
691564
691565
691566
691568
691569
691573
691574
691576
691577
691578
691579
691594
691595
691596
691598
691599
691600
691601
691602
691634
691639
691640
691641
691642
691645
691646
691648
691652
691654
691655
691657
691658
691659
691661
691662
691663
691664
691665
691666
691667
691668
691669
691670
691671
691672
691673
691674
691675
691678
691680
691681
691682
691683
691684
691685
691686
691687
691688
691689
691690
691691
691692
691693
691694
691695
691696
691697
691698
691699
691700
691701
691702
691703
691704
691705
691706
691707
691708
691709
691710
691711
691712
691713
691882
691883
691884
691885
691886
691887
691888
691889
691890
691891
691892
691893
691894
691895
691896
691897
691898
691899
691900
691901
691902
691903
691904
691905
691906
691907
691908
691909
691910
691911
691912
691913
691914
691915
691916
691917
691918
691919
691920
691921
691922
691923
691924
691925
691926
691927
691928
691929
691930
691931
691932
691933
691934
691935
691936
691937
691938
691939
691940
691941
691942
691943
691944
691945
691946
691947
691948
691949
691950
691951
691952
691953
691954
691955
691956
691957
691958
691959
691960
691961
691962
691963
691964
691965
691966
691967
691968
691969
691970
691971
691972
691973
691974
691975
691976
691977
691978
691979
691980
691981
691982
691983
691984
691985
691986
691987
691988
691989
691990
691991
691992
691993
691994
691995
691996
691997
691998
691999
692000
692001
692002
692003
692004
692005
692006
692007
692008
692009
692010
692011
692012
692013
692014
692015
692016
692017
692018
692019
692020
692021
692022
692023
692025
692026
692027
692028
692029
692030
692031
692032
692033
692034
692035
692036
692037
692038
692039
692040
692041
692042
692043
692044
692045
692046
692047
692048
692049
692050
692051
692052
692053
692054
692055
692056
692057
692058
692059
692060
692061
692062
692063
692064
692065
692066
692067
692068
692069
692070
692071
692072
692073
692074
692075
692076
692077
692078
692079
692080
692081
692082
692083
692084
692085
692086
692087
692088
692089
692090
692091
692092
692093
692094
692095
692096
692097
692098
692099
692100
692101
692102
692103
692104
692105
692106
692107
692108
692109
692110
692111
692112
692113
692114
692115
692116
692117
692118
692119
692120
692121
692122
692123
692124
692125
692126
692127
692128
692129
692130
692131
692297
692298
692299
692300
692301
692302
692304
692306
692307
692309
692310
692311
692312
692313
692314
692315
692316
692317
692318
692319
692320
692321
692322
692323
692324
692325
692326
692327
692328
692329
692330
692331
692332
692333
692334
692335
692336
692337
692338
692339
692340
692341
692342
692343
692344
692345
692346
692347
692348
692349
692350
692351
692352
692353
692354
692355
692356
692357
692358
692359
692360
692361
692362
692363
692364
692365
692366
692367
692368
692369
692370
692371
692372
692373
692374
692375
692376
692377
692378
692379
692380
692381
692382
692383
692384
692385
692386
692387
692388
692389
692390
692391
692392
692393
692394
692395
692396
692397
692398
692399
692400
692401
692402
692403
692404
692405
692406
692407
692408
692409
692410
692411
692412
692413
692414
692415
692416
692417
692418
692419
692420
692421
692422
692423
692424
692425
692426
692427
692428
692429
692430
692431
692432
692433
692434
692435
692436
692437
692438
692439
692440
692443
692444
692445
692446
692447
692448
692449
692450
692451
692452
692453
692454
692455
692456
692457
692458
692459
692460
692461
692462
692463
692464
692465
692466
692467
692468
692469
692470
692471
692472
692473
692474
692475
692476
692477
692478
692479
692480
692481
692482
692483
692484
692485
692486
692487
692488
692489
692490
692491
692492
692493
692494
692495
692496
692497
692498
692499
692500
692501
692502
692503
692504
692505
692506
692507
692508
692509
692510
692511
692512
692513
692514
692515
692516
692517
692518
692519
692520
692521
692522
692523
692711
692800
692801
692802
692803
692804
692805
692806
692807
692808
692809
692810
692811
692812
692813
692814
692972
692973
692974
692975
692976
692977
692978
692979
692980
692981
692982
692983
692984
692985
692986
692987
692988
692989
692990
692991
692992
692993
692994
692995
692996
692997
692998
692999
693000
693001
693002
693003
693004
693005
693006
693007
693008
693009
693010
693011
693012
693013
693014
693015
693016
693017
693018
693019
693020
693021
693022
693023
693024
693025
693026
693027
693028
693029
693030
693031
693032
693033
693034
693035
693036
693037
693038
693039
693040
693041
693042
693044
693045
693046
693047
693048
693049
693050
693051
693052
693053
693054
693055
693056
693057
693058
693059
693060
693061
693062
693063
693064
693065
693066
693067
693068
693069
693070
693071
693072
693073
693074
693075
693076
693077
693078
693079
693080
693081
693082
693083
693084
693085
693086
693087
693088
693089
693090
693091
693092
693093
693094
693095
693096
693097
693098
693099
693100
693101
693102
693103
693104
693105
693106
693107
693113
693114
693115
693116
693117
693118
693120
693121
693122
693123
693124
693125
693126
693134
693135
693136
693137
693138
693139
693140
693141
693142
693143
693144
693145
693146
693147
693148
693149
693150
693151
693152
693153
693154
693155
693156
693157
693158
693159
693160
693161
693162
693163
693164
693165
693166
693167
693168
693169
693170
693171
693172
693173
693174
693175
693176
693177
693178
693179
693180
693181
693182
693183
693184
693185
693186
693187
693188
693189
693190
693191
693192
693193
693194
693195
693196
693197
693198
693199
693200
693201
693202
693203
693204
693597
693598
693599
693851
693852
693853
693854
693855
693856
693857
693858
693859
693860
693861
693862
693874
693875
693876
693877
693878
693879
693880
693881
693882
693883
693884
693885
693886
693890
693892
693894
693902
693903
693904
693905
693906
693907
693908
693909
693910
693911
693912
693913
693914
693915
693916
693917
693918
693919
693920
693921
693922
693923
693924
693925
693927
693928
693929
693930
693931
693932
693933
694142
694143
694144
694145
694146
694147
694148
694149
694150
694151
694152
694153
694154
694155
694156
694157
694158
694159
694160
694161
694162
694163
694164
694165
694166
694167
694168
694169
694170
694171
694172
694173
694174
694175
694176
694177
694178
694179
694180
694181
694182
694183
694184
694185
694186
694187
694188
694189
694190
694191
694192
694193
694194
694195
694196
694197
694198
694199
694200
694201
694202
694203
694204
694205
694206
694207
694208
694209
694210
694211
694212
694213
694214
694215
694216
694217
694218
694219
694220
694221
694222
694223
694224
694225
694226
694227
694228
694229
694230
694232
694233
694234
694235
694236
694237
694238
694239
694240
694241
694242
694243
694244
694245
694246
694247
694248
694249
694250
694251
694252
694253
694254
694255
694256
694257
694258
694259
694260
694261
694262
694263
694264
694265
694266
694267
694268
694269
694270
694271
694272
694273
694274
694275
694276
694277
694278
694279
694280
694281
694282
694283
694284
694285
694286
694287
694288
694289
694290
694291
694292
694293
694294
694295
694296
694297
694298
694299
694300
694301
694302
694303
694304
694305
694306
694307
694308
694309
694310
694311
694312
694313
694318
694346
694350
694351
694352
694353
694354
694355
694356
694357
694358
694359
694360
694361
694362
694363
694364
694365
694366
694367
694368
694369
694370
694371
694372
694373
694374
694375
694376
694377
694378
694535
694536
694537
694539
694540
694541
694543
694544
694549
694550
694551
694552
694553
694554
694555
694556
694557
694558
694559
694560
694561
694562
694563
694566
694567
694568
694569
694570
694571
694572
694573
694574
694575
694576
694577
694578
694579
694580
694581
694582
694583
694584
694585
694586
694587
694588
694589
694590
694591
694592
694593
694594
694595
694596
694597
694598
694599
694600
694601
694602
694603
694604
694605
694606
694607
694608
694609
694610
694611
694612
694613
694614
694615
694617
694618
694619
694620
694621
694622
694623
694624
694625
694626
694627
694628
694629
694630
694631
694632
694633
694634
694635
694641
694642
694643
694644
694645
694646
694647
694648
694649
694650
694651
694652
694653
694655
694656
694657
694658
694659
694660
694661
694662
694663
694664
694665
694666
694667
694668
694669
694670
694671
694672
694673
694674
694675
694676
694677
694679
694680
694681
694682
694683
694684
694685
694686
694687
694688
694689
694690
694691
694692
694693
694694
694695
694698
694699
694701
694702
694703
694704
694705
694706
694707
694708
694709
694710
694711
694712
694713
694714
694715
694716
694717
694718
694719
694720
694721
694722
694723
694724
694725
694726
694727
694728
694729
694730
694731
694732
694733
694734
694735
694736
694737
694738
694739
694740
694741
694742
694743
694744
694745
694746
694747
694748
694749
694750
694751
694752
694753
696063
696064
696065
696066
696067
696068
696069
696070
696071
696072
696073
696074
696075
696076
696077
696078
696079
696080
696081
696082
696088
696089
696090
696091
696259
696260
696261
696262
696263
696264
696265
696266
696267
696268
696269
696270
696271
696272
696273
696274
696275
696276
696277
696278
696279
696280
696281
696282
696283
696284
696285
696286
696287
696289
696290
696291
696292
696293
696294
696295
696296
696297
696298
696299
696300
696301
696302
696303
696304
696305
696306
696307
696308
696309
696310
696311
696312
696313
696314
696315
696316
696317
696318
696319
696320
696321
696323
696324
696325
696326
696327
696328
696329
696330
696331
696332
696333
696334
696335
696336
696337
696338
696339
696340
696341
696342
696343
696344
696345
696346
696347
696348
696349
696350
696351
696352
696353
696354
696355
696356
696357
696358
696359
696360
696361
696362
696363
696364
696365
696366
696367
696368
696369
696370
696371
696372
696373
696374
696375
696376
696377
696378
696379
696381
696382
696383
696384
696385
696386
696387
696416
696417
696419
696420
696421
696425
696426
696427
696428
696429
696430
696431
696432
696433
696434
696435
696436
696437
696438
696514
696515
696516
696517
696518
696519
696520
696521
696522
696523
696524
696525
696526
696527
696528
696529
696530
696531
696532
696533
696534
696535
696536
696537
696538
696539
696540
696541
696542
696543
696544
696545
696546
696547
696548
696549
696550
696551
696552
696554
696556
696557
696559
696560
696561
696562
696563
696564
696565
696566
696567
696568
696569
696570
696571
696572
696573
696574
696575
696576
696577
696578
696579
696580
696581
696582
696583
696584
696585
696586
696587
696588
696589
696590
696591
696592
696593
696594
696595
696596
696597
696598
696599
696600
696601
696602
696603
696604
696605
696606
696607
696608
696609
696610
696611
696627
696628
696629
696630
696631
696632
696633
696634
696635
696636
696637
696638
696639
696640
696641
696642
696643
696644
696645
696646
696647
696648
696649
696650
696651
696652
696653
696654
696655
696656
696657
696658
696659
696660
696661
696662
696663
696664
696665
696666
696667
696668
696669
696670
696671
696677
696678
696679
696680
696681
696682
696857
696858
696859
696860
696861
696862
696863
696864
696865
696866
696871
696872
696873
696874
696875
696876
696877
696878
696879
696880
696881
696882
696883
696884
696885
696886
696887
696888
696889
696890
696891
696892
696893
696894
696895
696896
696897
696898
696899
696900
696901
696902
696903
696904
696905
696906
696907
696908
696909
696910
696911
696912
696913
696914
696915
696916
696917
696918
696919
696920
696921
696922
696923
696924
696925
696926
696927
696928
696929
696930
696931
696932
696933
696934
696935
696936
696937
696938
696939
696940
696941
696942
696943
696944
696945
696946
696947
696948
696949
696950
696951
696952
696953
696954
696955
696956
696962
696963
696964
696965
696966
696967
696968
696969
696986
696987
696988
696989
696990
696991
696992
696993
696994
696995
696996
696997
696998
696999
697000
697001
697002
697003
697004
697005
697006
697007
697008
697009
697010
697011
697012
697013
697014
697015
697016
697017
697018
697019
697020
697021
697022
697023
697024
697025
697026
697027
697028
697029
697030
697031
697032
697033
697034
697035
697036
697037
697038
697039
697040
697041
697042
697043
697216
697217
697218
697219
697220
697221
697222
697223
697224
697225
697226
697227
697228
697229
697230
697231
697232
697233
697234
697235
697236
697237
697238
697239
697240
697241
697242
697243
697244
697245
697246
697247
697248
697249
697250
697251
697252
697253
697254
697255
697256
697257
697258
697259
697260
697261
697262
697263
697264
697265
697266
697267
697268
697270
697271
697272
697273
697274
697275
697276
697277
697278
697279
697280
697281
697282
697283
697284
697285
697286
697287
697288
697289
697290
697291
697292
697293
697294
697295
697296
697297
697298
697299
697300
697301
697302
697303
697304
697305
697306
697307
697308
697309
697310
697311
697312
697313
697314
697315
697316
697317
697318
697319
697320
697321
697339
697340
697341
697342
697343
697344
697345
697346
697347
697348
697349
697350
697351
697352
697353
697354
697355
697356
697357
697358
697359
697360
697361
697362
697363
697364
697365
697366
697367
697368
697369
697370
697371
697372
697373
697374
697375
697376
697377
697378
697379
697380
697381
697382
697383
697384
697385
697386
697387
697388
697389
697390
697391
697392
697393
697394
697395
697570
697571
697572
697573
697574
697575
697576
697577
697578
697585
697586
697587
697588
697589
697590
697591
697592
697593
697594
697595
697596
697597
697598
697599
697600
697601
697602
697603
697604
697605
697606
697607
697608
697609
697610
697611
697612
697613
697614
697615
697616
697617
697618
697637
697638
697639
697640
697641
697642
697643
697644
697645
697646
697647
697648
697653
697654
697655
697656
697673
697674
697675
697676
697677
697684
697685
697686
697687
697688
697689
697694
697695
697696
697703
697704
697705
697712
697713
697714
697715
697716
697717
697718
697719
697720
697721
697722
697892
697893
697894
697895
697896
697897
697898
697899
697900
697901
697902
697903
697904
697905
697909
697910
697911
697914
697915
697916
697917
697918
697919
697920
697921
697922
697923
697924
697925
697926
697927
697928
697929
697930
697931
697932
697934
697935
697936
697937
697938
697939
697940
697941
697942
697943
697944
697945
697946
697947
697948
697949
697950
697951
697952
697953
697954
697955
697956
697957
697958
697959
697960
697961
697962
697963
697964
697965
697966
697967
697968
697969
697970
697971
697972
697973
697974
697975
697977
697978
697979
697980
697981
697982
697983
697984
697985
697986
697987
697988
697989
697990
697991
697992
697993
697994
697995
697996
697997
697998
697999
698000
698001
698002
698003
698004
698005
698006
698007
698008
698009
698010
698011
698012
698013
698014
698015
698016
698017
698018
698019
698020
698021
698022
698023
698024
698025
698026
698027
698028
698029
698030
698031
698032
698033
698034
698035
698036
698037
698038
698039
698040
698041
698042
698043
698044
698045
698046
698047
698048
698049
698050
698051
698052
698053
698054
698055
698056
698057
698058
698059
698060
698061
698062
698063
698064
698065
698066
698067
698068
698069
698070
698071
698072
698073
698074
698075
698076
698077
698078
698079
698080
698081
698082
698083
698084
698085
698086
698087
698432
698433
698438
698439
698440
698441
698442
698443
698444
698445
698446
698447
698448
698449
698450
698451
698452
698454
698455
698456
698457
698458
698459
698460
698461
698462
698463
698465
698466
698467
698468
698470
698471
698472
698473
698474
698476
698477
698478
698479
698480
698481
698482
698483
698484
698485
698486
698487
698488
698489
698490
698491
698492
698493
698494
698495
698496
698497
698498
698499
698500
698501
698502
698503
698504
698505
698506
698507
698508
698509
698510
698511
698512
698513
698514
698515
698516
698517
698518
698519
698520
698521
698522
698523
698524
698525
698526
698527
698528
698529
698530
698531
698532
698533
698534
698535
698536
698537
698538
698539
698540
698541
698542
698548
698549
698550
698551
698552
698553
698554
698555
698556
698557
698558
698559
698560
698561
698562
698563
698564
698565
698566
698731
698732
698733
698734
698735
698736
698737
698738
698739
698740
698741
698742
698743
698744
698745
698746
698747
698748
698749
698750
698751
698752
698753
698754
698755
698756
698757
698758
698759
698760
698761
698762
698763
698764
698765
698766
698767
698768
698769
698770
698771
698772
698773
698774
698775
698776
698777
698778
698779
698780
698781
698782
698783
698784
698785
698786
698787
698788
698789
698790
698791
698792
698793
698794
698795
698796
698797
698798
698799
698800
698801
698802
698803
698804
698805
698806
698807
698808
698809
698810
698811
698812
698813
698814
698815
698816
698817
698818
698819
698820
698821
698822
698823
698824
698825
698826
698827
698828
698829
698830
698831
698832
698833
698834
698835
698836
698837
698838
698839
698840
698841
698842
698843
698844
698845
698846
698847
698848
698849
698850
698851
698852
698853
698854
698855
698856
698857
698858
698859
698860
698861
698862
698863
698864
698865
698866
698867
698868
698869
698870
698871
698872
698873
698874
698875
698876
698877
698878
698879
698880
698881
698882
698883
698884
698885
698886
698887
698888
698889
698890
698892
698894
698895
698896
698897
698898
698899
698900
698901
698902
698903
698904
698905
698906
698907
698908
698909
698910
698911
698912
698913
698914
698915
698916
698917
698918
698919
698920
698921
698922
698923
698924
698925
698926
698927
698928
698929
698930
698931
698932
698933
698934
698935
698936
698937
698938
698939
698940
698941
698942
698943
698944
698945
698946
698947
699108
699109
699110
699111
699112
699113
699114
699115
699116
699123
699124
699125
699126
699127
699128
699129
699130
699131
699132
699133
699134
699135
699136
699137
699138
699139
699140
699141
699142
699143
699144
699145
699146
699147
699148
699149
699150
699151
699152
699153
699154
699155
699156
699157
699158
699159
699160
699161
699168
699169
699170
699171
699172
699173
699174
699175
699176
699177
699178
699179
699180
699181
699182
699183
699184
699185
699186
699187
699188
699189
699190
699191
699192
699193
699194
699195
699196
699197
699198
699199
699200
699201
699202
699203
699204
699205
699206
699207
699208
699209
699210
699211
699212
699213
699214
699215
699216
699217
699218
699219
699220
699221
699222
699223
699224
699225
699226
699227
699228
699229
699230
699231
699232
699233
699234
699235
699236
699237
699238
699239
699240
699241
699242
699243
699244
699245
699246
699247
699248
699249
699250
699251
699252
699253
699254
699255
699256
699257
699258
699259
699260
699261
699262
699263
699264
699265
699266
699267
699268
699269
699270
699271
699272
699273
699274
699275
699276
699277
699278
699279
699280
699281
699282
699283
699284
699285
699286
699287
699288
699289
699290
699291
699292
699293
699294
699295
699296
699297
699298
699299
699300
699301
699302
699303
699304
699305
699306
699307
699308
699309
699310
699311
699312
699313
699314
699315
699316
699317
699318
699319
699320
699321
699322
699323
699324
699325
699446
699447
699452
699453
699454
699455
699456
699457
699458
699459
699460
699461
699462
699463
699464
699465
699466
699493
699494
699495
699496
699497
699498
699499
699500
699501
699502
699503
699504
699505
699506
699507
699508
699509
699510
699511
699517
699540
699541
699543
699545
699553
699554
699555
699556
699557
699558
699559
699560
699561
699562
699563
699564
699565
699566
699567
699568
699569
699570
699571
699572
699573
699574
699575
699576
699577
699578
699579
699580
699581
699582
699586
699587
699588
699589
699590
699591
699593
699594
699595
699596
699597
699598
699599
699600
699601
699602
699603
699604
699605
699860
699861
699862
699863
699864
699865
699866
699867
699868
699869
699870
699871
699872
699873
699874
699875
699876
699877
699878
699879
699880
699881
699882
699883
699884
699885
699886
699887
699888
699889
699890
699891
699892
699893
699894
699895
699896
699897
699898
699899
699900
699901
699902
699903
699904
699905
699906
699907
699908
699909
699910
699911
699912
699913
699914
699915
699916
699917
699918
699919
699920
699921
699922
699923
699924
699925
699926
699927
699928
699929
699930
699931
699932
699933
699934
699935
699936
699937
699938
699939
699940
699941
699942
699943
699944
699945
699946
699947
699948
699949
699950
699951
699952
699953
699954
699955
699956
699957
699958
699959
699960
699961
699962
699963
699964
699965
699966
699967
699968
699969
699970
699971
699972
699973
699974
699975
699976
699977
699978
699979
699980
699981
699982
699983
699984
699985
699986
699987
699988
699989
699990
699991
699992
699993
699994
699995
699996
699997
699998
699999
700000
700001
700002
700003
700004
700005
700006
700007
700008
700009
700010
700011
700012
700013
700014
700015
700016
700017
700018
700019
700020
700021
700022
700023
700024
700025
700026
700027
700028
700029
700030
700031
700032
700033
700034
700035
700036
700037
700038
700039
700040
700041
700042
700043
700044
700045
700046
700047
700048
700049
700050
700051
700052
700053
700054
700055
700056
700057
700058
700059
700060
700061
700062
700063
700064
700065
700066
700067
700068
700069
700070
700071
700072
700073
700074
700075
700076
700077
700078
700079
700080
700081
700082
700083
700084
700085
700086
700240
700241
700242
700243
700245
700246
700247
700248
700249
700250
700251
700252
700253
700254
700255
700256
700257
700258
700259
700260
700261
700262
700263
700264
700265
700266
700267
700268
700269
700270
700271
700272
700273
700274
700275
700276
700277
700278
700279
700280
700281
700282
700286
700287
700288
700289
700290
700291
700292
700293
700294
700295
700298
700300
700301
700302
700303
700304
700305
700306
700307
700308
700309
700310
700311
700312
700313
700314
700315
700316
700317
700318
700319
700320
700321
700322
700323
700324
700325
700326
700327
700328
700329
700330
700331
700332
700333
700334
700335
700336
700337
700338
700339
700341
700342
700343
700344
700345
700346
700348
700349
700350
700351
700352
700353
700354
700355
700356
700357
700358
700359
700360
700361
700362
700363
700364
700365
700366
700367
700368
700369
700370
700371
700372
700389
700390
700391
700392
700394
700395
700396
700397
700398
700399
700407
700408
700409
700410
700411
700412
700413
700414
700415
700416
700417
700418
700419
700420
700421
700422
700423
700424
700425
700426
700427
700428
700429
700430
700431
700432
700433
700593
700594
700595
700596
700624
700625
700626
700627
700628
700629
700630
700631
700632
700633
700634
700635
700636
700637
700638
700639
700640
700641
700642
700643
700644
700645
700646
700647
700648
700649
700650
700651
700652
700653
700654
700655
700656
700657
700658
700659
700660
700661
700662
700663
700664
700665
700666
700667
700668
700669
700670
700671
700672
700673
700674
700675
700676
700677
700678
700679
700680
700681
700682
700683
700684
700685
700686
700687
700688
700689
700690
700691
700692
700693
700694
700695
700696
700697
700698
700699
700700
700701
700702
700703
700704
700705
700706
700707
700708
700709
700710
700711
700712
700713
700714
700715
700716
700717
700718
700719
700720
700721
700722
700723
700724
700725
700726
700729
700733
700734
700735
700736
700737
700738
700739
700740
700741
700742
700743
700744
700745
700746
700747
700748
700749
700750
700751
700752
700753
700754
700755
700756
700758
700759
700760
700761
700762
700763
700764
700765
700766
700767
700768
700769
700979
700980
700982
700983
700985
700986
700988
700989
700990
700991
700992
700993
700994
700995
700996
700997
700998
700999
701000
701001
701002
701003
701008
701009
701010
701011
701012
701014
701015
701016
701017
701018
701020
701021
701022
701023
701024
701026
701027
701028
701029
701030
701034
701035
701036
701037
701038
701039
701040
701041
701042
701043
701044
701045
701046
701047
701048
701049
701050
701051
701052
701053
701054
701055
701056
701057
701058
701059
701060
701061
701062
701063
701064
701065
701066
701067
701068
701069
701070
701071
701072
701073
701074
701075
701076
701077
701078
701079
701081
701082
701083
701084
701085
701086
701087
701088
701089
701090
701092
701093
701094
701095
701096
701097
701098
701099
701100
701101
701102
701103
701104
701105
701106
701107
701108
701109
701110
702090
702091
702092
702093
702094
702095
702096
702097
702098
702099
702100
702101
702102
702103
702104
702106
702108
702112
702113
702115
702117
702118
702119
702120
702121
702122
702123
702124
702125
702134
702135
702136
702137
702138
702139
702141
702153
702154
702155
702156
702157
702178
702180
702182
702183
702184
702188
702189
702190
702191
702249
702250
702251
702252
702253
702254
702255
702256
702257
702258
702259
702260
702261
702262
702263
702264
702265
702266
702267
702268
702269
702270
702271
702272
702273
702274
702275
702276
702278
702279
702280
702281
702282
702283
702284
702285
702286
702293
702294
702295
702296
702297
702298
702299
702300
702307
702308
702309
702336
702337
702338
702339
702340
702341
702342
702343
702344
702345
702346
702347
702348
702349
702350
702351
702352
702353
702354
702355
702356
702357
702358
702359
702360
702361
702362
702363
702364
702365
702366
702367
702368
702369
702370
702371
702372
702373
702374
702375
702381
702382
702383
702384
702385
702386
702387
702388
702389
702390
702391
702392
702393
702394
702395
702396
702397
702398
702399
702400
702401
702402
702403
702404
702405
702406
702407
702408
702409
702410
702411
702412
702413
702415
702416
702417
702418
702419
702420
702421
702422
702423
702424
702425
702426
702427
702428
702429
702430
702431
702432
702435
702436
702437
702438
702439
702444
702445
702446
702448
702709
702710
702711
702712
702713
702714
702715
702716
702717
702718
702719
702720
702721
702722
702723
702724
702725
702726
702727
702728
702729
702730
702731
702732
702733
702734
702735
702736
702737
702743
702744
702746
702747
702748
702749
702750
702752
702754
702755
702756
702757
702758
702759
702760
702761
702762
702763
702764
702765
702766
702767
702768
702769
702770
702771
702772
702773
702774
702775
702776
702777
702778
702779
702780
702781
702782
702783
702784
702785
702786
702787
702788
702791
702792
702801
702802
702803
702804
702805
702806
702807
702808
702809
702810
702811
702812
702813
702814
702815
702816
702817
702818
702819
702820
702821
702822
702823
702824
702825
702826
702827
702828
702829
702830
702831
702832
702833
702837
702838
702839
702842
702846
702847
702848
702849
702850
702851
702852
702853
702854
702855
702856
702857
702858
702859
702860
702861
702862
702863
702864
702865
702866
702867
702868
702869
702870
702871
702872
702873
702874
702875
702876
702877
702878
702879
702880
702881
702882
702883
702884
702885
702886
702887
702888
702889
702890
702891
702892
702893
702894
702895
702896
702897
702898
702899
702900
702901
702902
702903
702904
702905
702906
702907
702908
702909
702910
702911
702912
702913
702914
702915
702916
702917
702918
702919
702920
702921
702922
702923
702924
703075
703076
703077
703078
703079
703080
703081
703082
703083
703084
703089
703090
703091
703092
703093
703094
703095
703096
703097
703098
703099
703100
703101
703102
703103
703104
703105
703106
703107
703108
703109
703110
703111
703112
703113
703114
703115
703116
703117
703118
703119
703120
703121
703122
703123
703124
703125
703126
703127
703128
703129
703130
703131
703132
703133
703134
703135
703136
703137
703138
703139
703140
703141
703142
703143
703144
703145
703146
703147
703148
703149
703150
703151
703152
703153
703154
703155
703156
703157
703158
703159
703160
703161
703162
703163
703164
703165
703166
703167
703168
703169
703170
703171
703172
703173
703174
703175
703176
703177
703178
703179
703180
703181
703182
703183
703184
703185
703186
703187
703188
703189
703194
703201
703202
703203
703204
703205
703206
703207
703208
703209
703210
703211
703212
703213
703215
703216
703217
703218
703219
703220
703221
703222
703223
703224
703225
703226
703227
703228
703229
703230
703231
703232
703233
703234
703235
703236
703237
703238
703239
703240
703241
703242
703243
703244
703245
703246
703247
703248
703249
703250
703251
703252
703253
703254
703255
703256
703257
703258
703259
703260
703261
703262
703263
703264
703265
703266
703267
703268
703269
703270
703271
703272
703273
703274
703275
703276
703277
703278
703279
703280
703281
703282
703283
703436
703437
703438
703439
703440
703441
703442
703449
703450
703451
703452
703453
703454
703455
703457
703458
703459
703460
703461
703462
703463
703464
703465
703466
703467
703468
703469
703470
703471
703472
703473
703474
703475
703476
703477
703478
703479
703480
703481
703493
703494
703501
703502
703503
703504
703505
703506
703507
703508
703509
703510
703511
703512
703513
703514
703515
703516
703517
703518
703519
703520
703521
703522
703523
703524
703525
703526
703527
703528
703529
703530
703531
703532
703533
703534
703535
703536
703537
703538
703539
703540
703541
703542
703547
703548
703549
703550
703551
703552
703559
703560
703561
703562
703563
703564
703565
703566
703567
703568
703569
703570
703571
703572
703573
703574
703575
703576
703577
703578
703579
703580
703581
703582
703583
703584
703585
703586
703587
703588
703589
703590
703591
703592
703593
703594
703595
703596
703597
703598
703599
703600
703601
703602
703603
703604
703605
703606
703607
703608
703609
703610
703611
703612
703614
703615
703616
703617
703769
703770
703771
703772
703773
703774
703775
703776
703777
703778
703779
703780
703781
703782
703783
703784
703785
703786
703787
703788
703789
703790
703791
703792
703793
703794
703795
703796
703797
703798
703799
703800
703801
703802
703803
703804
703805
703806
703807
703808
703809
703810
703811
703812
703813
703814
703815
703816
703817
703818
703819
703820
703821
703822
703823
703824
703825
703826
703827
703828
703829
703830
703831
703837
703838
703839
703840
703841
703842
703843
703844
703845
703846
703847
703848
703849
703850
703851
703852
703853
703854
703855
703856
703857
703858
703859
703860
703861
703863
703866
703867
703868
703869
703870
703871
703872
703873
703874
703876
703877
703878
703879
703880
703881
703882
703883
703884
703885
703886
703887
703888
703889
703890
703891
703892
703893
703894
703895
703896
703897
703898
703899
703900
703901
703902
703903
703904
703905
703906
703907
703908
703909
703910
703911
703912
703913
703914
703915
703916
703917
703918
703919
703920
703921
703922
703923
703924
703925
703926
703927
703928
703929
703930
703931
703932
703933
703934
703935
703936
703937
703938
703939
703940
703941
703942
703943
703944
703945
703946
703947
703948
703949
703950
703951
703952
703953
703954
703955
703956
703957
703958
703959
703960
703961
703962
703963
703964
703965
703967
703968
703969
703970
703971
703972
703973
703974
703975
703976
703977
703978
703979
703980
703981
703982
703983
704165
704166
704167
704168
704169
704170
704171
704172
704173
704174
704175
704176
704177
704183
704184
704185
704186
704211
704214
704215
704216
704217
704218
704219
704220
704221
704222
704223
704224
704225
704226
704227
704228
704229
704231
704232
704233
704234
704235
704236
704237
704238
704239
704240
704241
704242
704243
704244
704245
704246
704247
704248
704249
704250
704251
704252
704253
704254
704255
704256
704257
704258
704259
704260
704261
704262
704264
704265
704266
704267
704269
704270
704271
704272
704273
704274
704275
704276
704277
704285
704286
704296
704485
704486
704487
704488
704490
704610
704612
704613
704614
704617
704618
704787
704788
704789
704790
704791
704792
704793
704794
704795
704796
704797
704798
704799
704800
704801
704802
704803
704804
704805
704806
704807
704808
704809
704810
704811
704812
704813
704814
704815
704816
704817
704818
704819
704820
704821
704822
704824
704825
704826
704827
704828
704829
704830
704831
704832
704833
704839
704840
704841
704842
704843
704844
704845
704846
704847
704848
704849
704850
704851
704852
704853
704854
704856
704857
704858
704859
704860
704861
704862
704863
704864
704865
704866
704867
704868
704869
704870
704871
704872
704873
704874
704875
704876
704877
704878
704879
704880
704881
704882
704883
704884
704885
704886
704887
704888
704889
704900
704901
704902
704903
704904
704905
704906
704907
704908
704909
704910
704911
704912
704913
704914
704915
704916
704917
704918
704921
704922
704923
704924
704925
704926
704927
704928
704929
704931
704932
704933
704934
704935
704936
704937
704938
704939
704940
704941
704942
704943
704944
704945
704946
704947
704948
704949
704950
704951
704952
704953
704954
704955
704957
704961
704962
704963
704964
704965
704966
704967
704968
704969
704970
704971
704972
704973
704974
704978
705146
705147
705148
705149
705150
705151
705152
705153
705154
705155
705156
705157
705158
705160
705161
705162
705163
705166
705167
705168
705169
705170
705171
705172
705173
705174
705183
705184
705185
705186
705187
705188
705189
705190
705191
705192
705193
705194
705195
705196
705197
705198
705199
705200
705201
705202
705203
705204
705205
705206
705207
705208
705209
705210
705211
705212
705213
705214
705215
705216
705217
705218
705219
705220
705221
705222
705223
705224
705225
705226
705227
705228
705229
705230
705231
705232
705233
705234
705235
705236
705237
705238
705239
705240
705241
705242
705243
705244
705245
705246
705247
705248
705249
705250
705251
705252
705253
705254
705255
705256
705257
705258
705259
705260
705261
705262
705263
705264
705265
705266
705267
705268
705269
705270
705271
705272
705273
705274
705275
705276
705277
705278
705279
705280
705281
705282
705283
705284
705285
705286
705287
705288
705289
705290
705291
705292
705293
705294
705295
705296
705297
705298
705299
705300
705301
705302
705303
705304
705305
705306
705307
705308
705309
705310
705311
705312
705313
705314
705315
705316
705317
705318
705319
705320
705321
705322
705323
705324
705325
705326
705327
705328
705329
705330
705331
705332
705333
705334
705335
705336
705337
705338
705339
705340
705341
705342
705343
706165
706166
706167
706168
706169
706170
706171
706172
706173
706174
706175
706176
706177
706178
706179
706180
706181
706182
706183
706184
706185
706186
706187
706188
706189
706190
706191
706192
706193
706194
706195
706196
706197
706198
706199
706200
706201
706202
706203
706204
706205
706206
706207
706208
706209
706210
706211
706212
706213
706214
706215
706216
706217
706218
706219
706220
706221
706222
706223
706409
706455
706456
706457
706461
706462
706463
706464
706465
706466
706467
706468
706469
706470
706471
706472
706473
706474
706475
706476
706477
706478
706479
706480
706481
706482
706483
706484
706485
706486
706487
706488
706489
706490
706491
706492
706493
706494
706495
706496
706497
706498
706499
706500
706501
706502
706503
706504
706505
706506
706507
706508
706509
706510
706511
706512
706513
706744
706745
706758
706759
706760
706761
706762
706763
706766
706789
706790
706791
706792
706793
706794
706795
706804
706805
706806
706807
706808
706809
706810
706811
706812
706813
706814
706815
706816
706817
706818
706819
706820
706821
706822
706823
706824
706825
706826
706827
706828
706829
706830
706831
706832
706833
706834
706835
706836
706837
706838
706839
706840
706841
706842
706843
706844
706845
706846
706847
707141
707153
707154
707155
707156
707157
707158
707159
707168
707170
707171
707172
707173
707174
707175
707176
707196
707197
707198
707199
707200
707205
707206
707207
707393
707394
707395
707396
707397
707398
707399
707400
707434
707435
707436
707437
707438
707439
707440
707441
707442
707443
707444
707445
707446
707448
707449
707450
708537
708538
708539
708542
708560
709231
709232
709233
709234
709235
709236
709237
709238
709239
709240
709241
709242
709243
709244
709245
709246
709247
709248
709249
709250
709251
709252
709253
709254
709255
709256
709257
709258
709259
709260
709261
709262
709263
709266
709267
709272
709273
709276
709280
709281
709495
709496
709497
709498
709499
709500
709501
709502
709503
709504
709505
709506
709507
709508
709509
709510
709511
709512
709513
709514
709515
709516
709518
709519
709520
709521
709541
709542
709543
709544
709545
709546
709547
709548
709549
709550
709551
709552
709553
709554
709555
709556
709557
709558
709559
709560
709561
709562
709563
709564
709565
709566
709567
709568
709569
709570
709571
709572
709573
709574
709575
709576
709577
709578
709579
709580
709581
709582
709583
709584
709585
709586
709587
709588
709589
709590
709591
709592
710036
710037
710038
710039
710040
710041
710042
710043
710044
710045
710046
710047
710048
710049
710050
710051
710052
710053
710054
710055
710056
710057
710058
710059
710060
710061
710062
710063
710064
710065
710066
710067
710068
710069
710070
710071
710072
710073
710074
710075
710076
710077
710078
710079
710080
710081
710082
710083
710084
710085
710086
710087
710088
710089
710090
710290
710291
710293
710294
710295
710296
710298
710299
710301
710308
710309
710310
710315
710316
710317
710318
710319
710320
710321
710322
710650
710651
710652
710653
710654
710655
710656
710657
710658
710659
710660
710661
710662
710663
710664
710665
710666
710667
710668
710669
710670
710671
710672
710673
710674
710675
710676
710677
710678
710679
710680
710681
710682
710683
710684
710685
710686
710687
710688
710689
710690
710691
710692
710693
710694
710695
710696
710697
710698
710699
710700
710701
710702
710703
710704
710705
710706
710707
710708
710709
710710
710711
710712
710713
710714
710715
710716
710717
710718
710719
710720
710721
710722
710723
710724
710725
710726
710727
710728
710729
710730
710731
710732
710733
710935
710936
710937
710938
710939
710940
710941
710942
710943
710944
710945
710946
710947
710948
710949
710950
710951
710952
710953
710954
710955
710956
710957
710958
710959
710960
710961
710962
710963
710964
710965
710966
710967
710968
710969
710971
710972
710973
710974
710975
710976
710977
710978
710979
710980
710981
710982
710983
710984
710985
710986
710987
710988
710989
710990
710991
710992
710993
710994
710995
710996
710997
710998
710999
711000
711001
711002
711003
711004
711005
711006
711007
711008
711009
711010
711011
711012
711013
711014
711246
711247
711248
711249
711250
711251
711252
711253
711254
711255
711256
711257
711258
711259
711260
711261
711262
711263
711264
711265
711266
711267
711268
711269
711270
711271
711272
711273
711274
711275
711276
711277
711278
711279
711280
711281
711282
711283
711284
711285
711286
711287
711288
711289
711290
711291
711292
711293
711294
711295
711296
711297
711298
711300
711301
711302
711303
711304
711305
711306
711307
711496
711497
711509
711512
711513
711514
711958
711959
711960
711961
711962
711963
711964
711965
711966
711967
711968
711969
711970
711971
711972
711973
711974
711975
711976
711977
711978
711979
711980
711981
711982
711983
711984
711985
711986
711987
711988
711989
711990
711991
711992
711993
711994
711995
711996
711997
711998
711999
712000
712001
712205
712206
712207
712208
712209
712210
712211
712212
712213
712214
712215
712216
712217
712218
712219
712222
712223
712225
712226
712227
712228
712229
712230
712231
712232
712233
712234
712235
712236
712237
712238
712239
712240
712241
712242
712243
712244
712245
712246
712247
712248
712249
712250
712251
712252
712253
712254
712255
712256
712257
712258
712259
712260
712261
712262
712263
712264
712265
712266
712267
712268
712269
712458
712459
712460
712461
712462
712463
712464
712465
712466
712467
712468
712469
712470
712471
712472
712473
712474
712475
712476
712477
712478
712485
712486
712487
712488
712489
712490
712491
712492
712493
712494
712495
712496
712497
712498
712499
712500
712501
712502
712503
712504
712505
712506
712507
712508
712509
712510
712511
712512
712513
712514
712515
712516
712517
712518
712519
712520
712521
712522
712523
712524
712525
712526
712527
712528
712529
712530
712531
712532
712533
712534
712535
712536
712537
712538
712539
712540
712541
712542
712543
712544
712545
712546
712547
712549
712550
712551
712552
712553
712795
712796
712797
712798
712799
712800
712801
712802
712803
712804
712805
712806
712807
712808
712809
712810
712811
712812
712813
712814
712815
712816
712817
712818
712819
712820
712822
712823
712824
712825
712826
712827
712828
712829
712830
712831
712832
712833
712834
712835
712836
712837
712838
712839
712840
712841
712842
712843
712844
712845
712846
712847
712848
712849
712850
712851
712852
712853
712854
712855
712856
712858
712859
712860
712861
712862
712863
712864
712865
712866
712867
712868
712869
712870
712871
712872
712873
712874
712875
712876
712877
713078
713079
713080
713081
713082
713083
713084
713085
713086
713087
713088
713089
713090
713091
713092
713093
713094
713095
713096
713097
713098
713099
713100
713101
713102
713103
713104
713105
713106
713107
713108
713109
713110
713111
713112
713113
713114
713115
713116
713117
713118
713119
713120
713121
713122
713123
713124
713125
713126
713127
713128
713129
713130
713131
713133
713134
713135
713136
713137
713138
713139
713140
713141
713142
713143
713144
713145
713146
713147
713148
713149
713150
713151
713152
713153
713154
713155
713156
713157
713158
713159
713160
713161
713162
713350
713351
713352
713353
713354
713355
713357
713358
713359
713360
713361
713362
713363
713364
713365
713366
713367
713368
713369
713370
713371
713372
713373
713374
713375
713376
713377
713378
713379
713380
713381
713382
713383
713384
713385
713386
713387
713388
713389
713390
713391
713392
713393
713394
713395
713396
713397
713398
713399
713400
713401
713402
713403
713404
713405
713406
713407
713408
713409
713410
713411
713412
713413
713414
713415
713416
713417
713418
713419
713420
713421
713422
713423
713424
713425
713426
713427
713428
713429
713430
713431
713432
713433
713434
713435
713436
713437
713438
713439
713440
713441
713632
713633
713634
713635
713636
713637
713639
713640
713641
713642
713643
713644
713645
713649
713650
713651
713652
713653
713654
713655
713656
713657
713658
713659
713660
713661
713662
713663
713664
713665
713666
713667
713668
713669
713670
713671
713672
713674
713675
713676
713677
713678
713679
713680
713681
713682
713683
713684
713685
713686
713687
713688
713689
713690
713691
713692
713693
713885
713886
713887
713888
713889
713890
713891
713892
713893
713894
713895
713896
713897
713898
713899
713900
713901
713902
713903
713904
713905
713906
713907
713908
713909
713910
713911
713912
713913
713914
713915
713916
713917
713918
713919
713920
713921
713923
713924
713925
713926
713927
713928
713929
713930
713931
713932
713933
713934
713935
713936
713937
713938
713939
713940
713941
713942
713943
713944
713945
713946
713947
713948
713949
713950
713951
713952
713953
713954
713955
713956
713957
713959
713960
713961
713962
713963
713964
713965
713966
713967
713968
713969
713970
713971
714145
714151
714152
714153
714154
714155
714156
714157
714158
714159
714160
714161
714162
714163
714164
714165
714166
714167
714168
714169
714170
714171
714172
714173
714174
714175
714176
714177
714178
714179
714180
714181
714182
714183
714184
714187
714188
714189
714190
714192
714193
714195
714196
714197
714200
714202
714203
714204
714205
714206
714207
714208
714209
714210
714211
714212
714213
714214
714215
714216
714217
714218
714219
714220
714221
714222
714223
714224
714225
714226
714227
714228
714229
714230
714231
714232
714233
714404
714405
714406
714407
714408
714409
714410
714411
714412
714414
714419
714420
714421
714422
714423
714424
714425
714426
714427
714428
714429
714430
714431
714432
714433
714434
714435
714436
714437
714438
714439
714440
714441
714442
714443
714444
714445
714446
714447
714448
714449
714450
714451
714452
714453
714454
714455
714456
714457
714458
714459
714460
714461
714462
714463
714464
714465
714467
714468
714469
714471
714473
714477
714478
714479
714480
714481
714482
714483
714484
714485
714486
714487
714488
714489
714490
714491
714492
714493
714494
714495
714496
714497
714498
714499
714825
714826
714833
714838
714839
714840
714841
714842
714843
714844
714845
714846
714847
714848
714849
714850
714851
714853
714854
714856
714857
714859
714861
714862
714863
714864
714865
714866
714867
714868
714873
714874
714875
714876
714877
714878
714879
714880
714881
714882
714883
714884
714885
714886
714887
714888
714889
714890
714891
714892
714895
714896
714897
714898
714899
714900
714901
714902
714903
714904
714905
714906
714907
714908
714909
714910
714911
714912
714913
714914
714915
714916
714917
714918
715248
715249
715250
715251
715252
715253
715254
715255
715256
715257
715261
715262
715263
715264
715265
715286
715287
715288
715289
715290
715291
715292
715294
715295
715296
715297
715298
715299
715302
715303
715304
715305
715306
715307
715308
715309
715310
715311
715312
715313
715314
715315
715316
715317
715318
715319
715320
715321
715322
715323
715324
715325
715326
715327
715328
715329
715330
715331
715332
715333
715334
715335
715336
715337
715338
715339
715340
715341
715342
715343
715732
715733
715734
715735
715738
715739
715740
715741
715742
715743
715744
715745
715746
715752
715753
715755
715756
715757
715758
715759
715762
715763
715764
715765
715766
715767
715768
715769
715770
715771
715772
715773
715774
715775
715776
715777
715778
715779
715780
715781
715782
715783
715784
715785
715786
715787
715788
715789
715790
715791
715792
715793
715794
715795
715796
715797
715798
715799
715800
716054
716055
716056
716057
716058
716059
716060
716061
716078
716079
716080
716081
716082
716107
716108
716109
716110
716111
716116
716117
716118
716119
716125
716126
716127
716129
716130
716131
716132
716133
716134
716136
716137
716138
716139
716140
716141
716142
716143
716144
716490
716515
716516
716519
716520
716521
716525
716533
716547
716548
716549
716550
716551
716552
716553
716554
716555
716556
716557
716558
716560
716562
716573
716574
716575
716576
716597
716599
716600
716601
716602
716603
716604
716605
716606
716607
716844
716845
716846
716847
716848
716849
716850
716851
716852
716853
716854
716855
716862
716863
716864
716865
716866
716867
716868
716869
716870
716871
716872
716873
716874
716875
716876
716877
716878
716879
716880
716881
716882
716883
716884
716885
716886
716887
716888
716889
716890
716891
716892
716893
716894
716895
716896
716897
716898
716899
716900
716901
716902
716903
716904
716905
716906
716907
716908
716909
716910
716911
716912
716913
716914
716915
716916
716917
716918
716919
716920
716921
716922
716923
716924
716925
716926
716927
716928
716929
716930
716931
716932
716933
716934
716935
716936
716937
716938
716939
716940
716941
716942
716943
716944
716945
716946
716947
716948
716949
716950
716951
716952
717329
717330
717331
717332
717333
717334
717335
717336
717337
717338
717339
717340
717341
717342
717343
717344
717345
717346
717347
717348
717349
717350
717351
717352
717353
717354
717355
717356
717357
717358
717359
717360
717361
717372
717373
717374
717375
717376
717377
717378
717379
717380
717381
717382
717383
717384
717385
717386
717387
717388
717389
717390
717391
717392
717393
717394
717395
717396
717397
717398
717399
717400
717401
717402
717403
717404
717405
717406
717407
717408
717409
717410
717411
717412
717413
717414
717415
717416
717417
717418
717419
717420
717422
717423
717424
717425
717426
717427
717428
717429
717430
717431
717432
717433
717434
717821
717822
717823
717824
717825
717826
717827
717828
717829
717830
717831
717832
717833
717834
717835
717836
717837
717838
717839
717840
717841
717842
717843
717844
717845
717846
717847
717848
717849
717850
717851
717852
717853
717854
717871
717872
717873
717874
717875
717876
717877
717878
717879
717880
717881
717882
717883
717884
717885
717886
717887
717888
717889
717890
717891
717892
717893
717894
717895
717896
717897
717898
717899
717900
717901
717902
717903
717904
717905
717906
717907
717908
717909
717910
717911
717912
717913
717914
717915
717916
717917
717918
717919
717920
717921
717922
717923
717924
717925
717926
717927
717929
717930
717931
717932
717933
717934
718210
718211
718212
718213
718214
718215
718216
718217
718218
718219
718220
718221
718222
718223
718224
718225
718226
718227
718228
718229
718230
718231
718232
718233
718234
718235
718236
718237
718238
718240
718241
718242
718243
718244
718246
718247
718248
718249
718250
718251
718252
718253
718254
718255
718256
718257
718258
718259
718260
718261
718262
718263
718264
718265
718266
718267
718268
718269
718271
718274
718275
718330
718544
718545
718546
718547
718548
718549
718550
718551
718552
718553
718554
718555
718556
718557
718558
718559
718560
718561
718562
718563
718564
718565
718566
718567
718568
718569
718570
718571
718572
718573
718574
718575
718576
718577
718578
718579
718580
718581
718582
718583
718584
718585
718586
718587
718588
718589
718590
718591
718592
718593
718594
718595
718596
718597
718598
718599
718600
718601
718602
718603
718604
718605
718606
718607
718608
718609
718610
718611
718612
718613
718614
718615
718616
718617
718618
718619
718620
718621
718622
718623
718624
718625
718626
718627
718628
718629
718630
718631
718632
718633
718634
718635
718636
718637
718638
718639
718640
718641
718642
718643
718644
718645
718646
718647
718648
718649
718650
718651
718652
718653
718654
718655
718656
718657
718658
718659
718660
718661
718662
718663
718664
718665
718884
718890
718891
718892
718893
718894
718895
718896
718897
718898
718899
718900
718901
718902
718903
718904
718905
718906
718907
718908
718909
718910
718911
718912
718913
718914
718915
718916
718917
718918
718919
718920
718921
718922
718923
718924
718925
718926
718927
718928
718929
718930
718931
718932
718933
718934
718935
718936
718937
718938
718939
718940
718941
718942
718943
718944
718945
718946
718947
718948
718949
718950
718951
718952
718953
718954
718955
718956
718957
718958
718959
718960
718961
718962
718963
718964
718965
718966
718967
718968
718969
718970
718971
718972
718973
718974
718975
718976
718977
718978
718979
718980
718981
718982
718983
718984
718985
718986
718987
718988
718989
718990
718991
718992
718993
718994
718996
718998
718999
719000
719001
719002
719003
719004
719005
719234
719235
719236
719237
719238
719239
719240
719241
719242
719243
719244
719245
719246
719247
719248
719249
719250
719251
719252
719253
719254
719255
719256
719257
719258
719259
719260
719261
719262
719263
719264
719265
719266
719267
719268
719269
719270
719271
719272
719273
719274
719275
719276
719277
719278
719279
719280
719281
719282
719283
719284
719285
719286
719287
719288
719289
719290
719291
719292
719293
719294
719295
719296
719297
719298
719299
719300
719301
719302
719303
719304
719305
719306
719307
719308
719309
719310
719311
719312
719313
719314
719315
719316
719317
719318
719319
719320
719321
719322
719323
719324
719325
719326
719327
719328
719329
719330
719331
719333
719334
719335
719336
719337
719338
719339
719340
719341
719342
719343
719344
719345
719346
719347
719595
719596
719597
719598
719599
719600
719601
719602
719603
719604
719605
719606
719607
719608
719609
719610
719616
719617
719618
719619
719620
719621
719622
719623
719624
719625
719626
719627
719628
719629
719630
719631
719632
719633
719634
719635
719636
719637
719638
719639
719640
719641
719642
719643
719644
719645
719646
719647
719648
719649
719650
719651
719652
719653
719654
719655
719656
719657
719658
719659
719660
719661
719662
719663
719664
719665
719666
719667
719668
719669
719670
719671
719672
719673
719674
719675
719676
719677
719678
719679
719680
719681
719682
719683
719684
719685
719686
719687
719688
719689
719690
719691
719692
719693
719694
719695
719696
719697
719698
719699
719700
719701
719702
719703
719704
719705
719706
719707
719708
719709
719710
719711
719941
719942
719943
719944
719945
719946
719947
719948
719949
719950
719951
719952
719953
719954
719955
719956
719957
719958
719959
719960
719961
719962
719963
719964
719965
719966
719967
719968
719969
719970
719971
719972
719973
719974
719975
719976
719977
719978
719979
719980
719981
719983
719984
719985
719986
719987
719988
719989
719990
719991
719992
719993
719994
719995
719996
719997
719998
719999
720000
720001
720002
720003
720004
720005
720006
720007
720008
720009
720010
720011
720012
720013
720014
720015
720016
720017
720018
720019
720020
720021
720022
720023
720024
720025
720026
720027
720028
720029
720030
720031
720032
720033
720034
720035
720036
720037
720038
720039
720040
720041
720042
720043
720044
720045
720046
720047
720048
720049
720050
720394
720395
720396
720397
720398
720399
720400
720401
720402
720403
720404
720405
720406
720407
720408
720409
720410
720411
720412
720413
720414
720415
720416
720417
720418
720424
720425
720426
720427
720429
720430
720431
720432
720433
720434
720435
720436
720437
720438
720439
720440
720441
720442
720443
720444
720445
720446
720447
720448
720449
720450
720451
720452
720454
720455
720456
720457
720458
720459
720460
720461
720700
720701
720702
720703
720704
720705
720706
720707
720708
720709
720710
720711
720712
720713
720714
720715
720716
720717
720718
720719
720720
720721
720722
720723
720724
720725
720726
720727
720728
720729
720730
720731
720732
720733
720734
720735
720736
720737
720738
720739
720740
720741
720742
720743
720744
720745
720746
720747
720748
720749
720750
720751
720752
720753
720754
720755
720756
720757
720758
720759
720760
720761
720762
720763
720764
720765
720766
720767
720768
720769
720770
720771
720772
720773
720774
720775
720776
720777
720778
720779
720780
720781
720782
721044
721045
721046
721047
721048
721049
721050
721051
721052
721053
721054
721055
721056
721057
721058
721059
721060
721061
721062
721063
721064
721065
721066
721067
721068
721069
721070
721071
721072
721073
721075
721076
721077
721078
721079
721080
721081
721082
721083
721084
721085
721086
721087
721088
721089
721090
721091
721092
721093
721095
721096
721098
721099
721100
721101
721102
721103
721104
721105
721106
721107
721108
721109
721110
721111
721112
721113
721114
721115
721116
721117
721118
721119
721120
721121
721122
721123
721124
721396
721397
721398
721399
721400
721401
721402
721403
721404
721405
721406
721407
721408
721409
721410
721411
721412
721413
721414
721415
721416
721417
721418
721419
721421
721422
721423
721424
721425
721426
721427
721428
721429
721430
721431
721432
721433
721434
721435
721436
721437
721438
721439
721441
721442
721443
721444
721445
721446
721447
721448
721449
721450
721451
721452
721453
721454
721455
721456
722580
722581
722582
722583
722584
722585
722586
722587
722588
722589
722590
722591
722592
722593
722594
722595
722596
722597
722598
722599
722600
722601
722602
722603
722604
722605
722606
722607
722608
722609
722610
722611
722612
722613
722614
722615
722616
722617
722618
722619
722620
722621
722622
722623
722624
722625
722626
722627
722628
722629
722630
722631
722632
722633
722634
722635
722636
722637
722638
722639
722640
722641
722642
722643
722644
722645
722646
722647
722648
722649
722650
722651
722652
722653
722654
722655
722656
722657
722658
722915
722916
722917
722918
722936
722937
722938
722939
722940
722941
722942
722943
722944
722945
722946
722947
722948
722949
722950
722951
722952
722953
722954
722955
722956
722957
722958
722959
722960
722961
722962
722963
722964
722965
722966
722967
722968
722969
722970
722971
722972
722973
722974
722975
722976
722977
722978
722979
722980
722981
722982
722984
722985
722987
722988
722989
722990
722991
722992
722993
722996
722997
722998
722999
723000
723001
723002
723003
723004
723005
723301
723302
723303
723304
723305
723306
723307
723308
723309
723312
723313
723314
723315
723316
723317
723318
723319
723320
723321
723322
723323
723324
723325
723326
723327
723328
723329
723330
723331
723332
723333
723334
723335
723336
723337
723338
723339
723340
723341
723342
723343
723344
723345
723346
723347
723348
723349
723350
723351
723352
723353
723355
723356
723357
723358
723359
723360
723361
723362
723363
723364
723365
723366
723367
723368
723369
723370
723371
723372
723373
723374
723375
723376
723377
723378
723379
723380
723381
723382
723383
723384
723385
723386
723387
723389
723390
723391
723610
723611
723612
723613
723614
723615
723616
723617
723618
723619
723620
723621
723622
723623
723624
723625
723627
723628
723629
723630
723631
723632
723633
723634
723635
723636
723637
723638
723639
723640
723641
723642
723643
723644
723645
723646
723647
723648
723649
723650
723651
723652
723653
723654
723655
723656
723657
723658
723659
723660
723661
723662
723663
723664
723665
723666
723667
723668
723669
723670
723671
723672
723673
723674
723675
723676
723677
723678
723679
723680
723681
723682
723683
723684
723685
723686
723687
723688
723689
723690
723691
723692
723693
723694
723695
723696
723698
723699
723701
723702
723991
723992
723993
723994
723995
723996
723997
723998
723999
724000
724001
724002
724003
724004
724005
724006
724007
724008
724009
724010
724011
724012
724013
724014
724015
724016
724017
724018
724019
724020
724021
724022
724023
724024
724025
724026
724027
724028
724029
724030
724031
724032
724033
724034
724035
724036
724037
724038
724039
724040
724041
724042
724043
724044
724045
724046
724047
724048
724049
724050
724051
724052
724053
724054
724055
724056
724057
724058
724059
724060
724061
724062
724063
724064
724065
724066
724067
724068
724069
724070
724071
724072
724073
724074
724075
724076
724077
724078
724079
724080
724081
724082
724083
724084
724085
724086
724379
724380
724381
724382
724383
724384
724385
724386
724387
724388
724389
724390
724391
724392
724393
724394
724395
724396
724397
724398
724399
724400
724401
724402
724403
724404
724405
724406
724407
724408
724409
724410
724411
724412
724413
724414
724415
724416
724417
724418
724419
724420
724421
724422
724423
724424
724426
724427
724428
724429
724430
724431
724432
724433
724434
724435
724436
724437
724438
724439
724440
724441
724442
724443
724444
724445
724446
724447
724448
724449
724450
724451
724452
724453
724454
724455
724456
724457
724458
724459
724460
724461
724462
724463
724464
724465
724466
724467
724468
724469
724470
724471
724472
724473
724474
771094
771095
771096
771097
771098
771099
771100
771101
771102
771103
771104
771105
771106
771107
771108
771109
771110
771111
771112
771113
771114
771115
771116
771117
771118
771119
771120
771121
771122
771123
771124
771125
771126
771127
771128
771129
771130
771131
771132
771133
771134
771135
771136
771137
771138
771139
771140
771141
771142
771143
771144
771145
771146
771147
771148
771149
771150
771151
771152
771153
771154
771155
771156
771157
771158
771159
771160
771161
771162
771163
771164
771165
771166
771167
771168
771169
771170
771171
771172
771173
771174
771175
771176
771177
771178
771179
771180
771181
771182
771183
771184
771185
771186
771187
771188
771189
771190
771191
771192
771193
771194
771195
771196
771197
771198
771199
771200
771201
771202
771203
771204
771205
771206
771207
771208
771209
771210
771211
771213
771214
771215
771216
771217
771495
771496
771497
771498
771499
771500
771501
771502
771504
771505
771506
771507
771508
771509
771510
771511
771512
771513
771516
771520
771521
771522
771523
771524
771525
771526
771527
771528
771531
771532
771533
771534
771535
771536
771537
771538
771539
771540
771541
771542
771543
771544
771545
771546
771547
771548
771549
771550
771551
771552
771553
771554
771555
771556
771557
771558
771559
771560
771561
771562
771563
771564
771565
771566
771567
771568
771569
771570
771571
771572
771573
771574
771576
771577
771578
771579
771580
771581
771582
771583
771584
771585
771586
771587
771588
771589
771590
771591
771592
771593
771594
771595
771596
771597
771598
771599
771600
771601
771602
771603
771604
771605
771606
771607
771608
771609
771610
771611
771612
771613
771614
771615
771616
771617
771618
771619
771620
771621
771622
771623
771624
771625
771626
771627
771628
771629
771630
771929
771930
771931
771932
771933
771934
771935
771936
771937
771938
771940
771945
771946
771947
771948
771949
771950
771951
771952
771953
771954
771955
771956
771997
771998
771999
772000
772001
772002
772003
772004
772005
772006
772007
772008
772009
772010
772011
772012
772013
772014
772015
772016
772017
772018
772019
772020
772021
772022
772023
772024
772025
772026
772027
772028
772029
772030
772031
772032
772033
772034
772035
772036
772037
772038
772039
772040
772041
772042
772043
772044
772045
772046
772047
772048
772049
772050
772051
772052
772877
772878
772896
773004
773006
773303
773304
773305
773306
773307
773308
773309
773310
773311
773312
773313
773314
773315
773317
773318
773319
773320
773321
773322
773323
773324
773325
773326
773327
773328
773329
773330
773331
773332
773333
773334
773335
773336
773337
773338
773339
773340
773341
773342
773343
773344
773345
773346
773347
773348
773349
773350
773351
773352
773353
773354
773355
773356
773357
773358
773359
773360
773361
773362
773363
773364
773365
773366
773367
773368
773369
773370
773371
773372
773373
773374
773375
773376
773377
773378
773379
773380
773381
773382
773383
773384
773385
773386
773387
773388
773389
773390
773391
773392
773393
773394
773395
773396
773397
773398
773399
773400
773401
773402
773403
773404
773405
773406
773407
773408
773409
773410
773411
773412
773413
773414
773415
773416
773417
773418
773419
773420
773421
773422
773423
773424
773425
773426
773427
773428
773429
773430
773431
773432
773433
773434
773435
773436
773437
773438
773439
773440
773441
773442
773727
773728
773729
773730
773731
773732
773733
773734
773735
773736
773737
773738
773739
773740
773741
773742
773743
773744
773745
773746
773747
773748
773749
773750
773751
773752
773754
773755
773756
773757
773758
773759
773760
773762
773768
773769
773770
773771
773772
773773
773776
773777
773778
773779
773780
773781
773782
773783
773784
773785
773786
773787
773788
773789
773790
773791
773792
773793
773794
773795
773796
773797
773798
773799
773800
773801
773802
773803
773804
773805
773806
773807
773808
773809
773810
773811
773812
773813
773814
773815
773816
773817
773818
773819
773820
773821
773822
773823
773824
773825
773826
773827
773828
773829
773830
773831
773835
773836
773837
773838
773839
773840
773841
773842
773843
773844
773845
773847
773848
773849
773850
773851
773852
773853
773854
773855
773856
773857
773858
773859
773860
774251
774252
774253
774254
774255
774256
774257
774258
774259
774260
774261
774262
774263
774264
774265
774266
774267
774268
774269
774270
774271
774272
774273
774274
774275
774276
774277
774278
774279
774280
774281
774282
774283
774284
774285
774286
774287
774288
774289
774290
774291
774292
774293
774294
774295
774296
774297
774298
774299
774300
774301
774302
774303
774304
774305
774306
774307
774308
774309
774310
774311
774312
774313
774314
774315
774316
774317
774318
774319
774320
774321
774322
774323
774324
774327
774328
774329
774333
774335
774337
774338
774339
774369
774370
774371
774372
774373
774376
774377
774378
774379
774382
774386
774387
774393
774690
774691
774692
774693
774694
774695
774696
774697
774698
774699
774700
774701
774702
774703
774704
774705
774706
774707
774708
774709
774710
774711
774712
774713
774714
774715
774716
774717
774718
774719
774720
774721
774722
774723
774724
774725
774726
774727
774728
774729
774730
774731
774732
774733
774734
774735
774736
774737
774738
774739
774740
774741
774742
774743
774744
774745
774746
774747
774748
774749
774750
774751
774752
774753
774754
774755
774756
774757
774758
774759
774760
774762
774763
774764
774772
774773
774774
774776
774795
774797
774798
774799
774800
774801
774802
774803
774804
774805
774806
774808
774809
774810
774811
774812
774813
774816
774817
774818
774819
774820
774821
774822
775098
775099
775100
775101
775102
775103
775104
775105
775106
775124
775125
775126
775130
775131
775132
775133
775151
775153
775178
775179
775180
775183
775184
775192
775193
775194
775195
775196
775197
775198
775199
775200
775201
775204
775447
775448
775449
775450
775451
775452
775470
775471
775472
775473
775474
775475
775477
775480
775487
775488
775489
775490
775491
775492
775493
775494
775495
775496
775497
775498
775499
775500
775501
775502
775503
775504
775505
775506
775507
775508
775509
775510
775513
775514
775515
775516
775517
775518
775519
775520
775521
775522
775523
775524
775525
775526
775527
775528
775529
775530
775531
775532
775533
775534
775535
775536
775537
775538
775539
775540
775541
775542
775543
775544
775545
775546
775547
775548
775549
775550
775551
775552
775553
775554
775555
775556
775557
775558
775559
775560
775561
775562
775563
775564
775565
775566
775567
775581
775995
776003
776004
776007
776008
776009
776012
776015
776017
776018
776019
776021
776023
776024
776025
776026
776028
776029
776031
776032
776033
776034
776035
776036
776038
776039
776041
776042
776043
776047
776048
776049
776050
776051
776052
776053
776054
776055
776056
776057
776058
776059
776060
776061
776062
776063
776064
776065
776066
776067
776068
776069
776070
776071
776072
776073
776074
776075
776076
776077
776078
776079
776080
776081
776082
776083
776084
776085
776086
776087
776088
776089
776090
776091
776092
776093
776094
776095
776096
776097
776098
776099
776100
776101
776102
776103
776104
776105
776106
776107
776108
776109
776110
776371
776372
776373
776374
776385
776386
776392
776393
776394
776395
776396
776405
776409
776411
776415
776416
776418
776419
776420
776421
776422
776423
776424
776425
776427
776428
776430
776431
776433
776434
776435
776441
776442
776443
776444
776445
776446
776447
776448
776449
776450
776451
776452
776453
776454
776455
776456
776457
776458
776459
776460
776461
776462
776463
776464
776465
778716
778717
778718
778719
778720
778721
778722
778723
778724
778725
778726
778727
778728
778729
778730
778731
778732
778733
778734
778735
778736
778737
778738
778739
778740
778741
778742
778743
778744
778745
778746
778747
778748
778749
778750
778751
778752
778753
778755
778756
778757
778758
778759
778760
778761
778762
778763
778764
778765
778766
778767
778768
778769
778770
778771
778773
778774
778775
778777
778778
778780
778781
778782
778784
778785
778786
778787
778788
778789
778790
778791
778792
778793
778794
778795
778796
778797
778798
778799
778800
778801
778802
778803
778804
778805
778806
778807
778808
778809
778810
778812
778813
778814
778815
778816
778817
778818
778819
778820
778821
778823
778907
778908
778909
778910
779545
779546
779547
779548
779549
779550
779551
779552
779553
779554
779555
779556
779557
779558
779559
779560
779561
779562
779563
779564
779565
779566
779567
779568
779569
779570
779571
779572
779573
779574
779575
779576
779577
779578
779579
779580
779581
779582
779583
779584
779586
779587
779588
779590
779596
779597
779598
779599
779600
779601
779604
779605
779608
779609
779610
779611
779612
779613
779616
779617
779618
779619
779623
779624
779625
779626
779627
779628
779629
779630
779631
779632
779633
779634
779635
779636
779637
779638
779639
779640
779641
779642
779643
779644
779645
779646
779647
779648
779649
779650
779651
779652
779653
779654
779655
779656
779657
779658
779659
779660
779661
779662
779663
779664
779665
779666
779667
779668
779669
779670
779671
779672
779673
779674
779675
779676
779677
779678
779679
779680
779681
779682
779683
779684
779685
779686
779687
779688
779689
779690
779691
779692
779693
779694
781972
781973
781974
781975
781976
781977
781978
781979
781980
781981
781982
781984
781985
781986
781987
781988
781989
781990
781991
781992
781993
781994
781995
781996
781997
781998
782001
782002
782004
782005
782008
782009
782010
782011
782014
782015
782016
782017
782018
782052
782053
782063
782064
782065
782066
782067
782068
782069
782070
782071
782072
782073
782074
782075
782076
782077
782078
782079
782080
782081
782082
782083
782084
782085
782086
782087
782088
782089
782090
782091
782092
782093
782094
782095
782096
782097
782098
782099
782101
782102
782104
782105
782110
782111
782113
782114
782118
782120
782121
784503
784504
784505
784506
784508
784509
784510
784511
784512
784513
784514
784515
784516
784517
784518
784520
784521
784522
784523
784524
784525
784526
784527
784528
784529
784530
784531
784532
784533
784534
784535
784536
784537
784538
784539
784540
784541
784542
784543
784544
784545
784546
784547
784548
784549
784550
784551
784552
784553
784554
784555
784556
784557
784558
784559
784560
784561
784562
784563
784564
784565
784566
784567
784568
784569
784570
784571
784572
784573
784574
784575
784576
784577
784578
784579
784580
784581
784582
784583
784584
784585
784586
784587
784588
784589
784590
784591
784592
784593
784594
784595
784596
784597
784598
784599
784600
784601
784602
784603
784604
784605
784606
784607
784608
784609
784610
784611
784612
784613
784614
784615
784616
784617
784618
784619
784620
784621
784622
784623
784624
784625
784626
784627
784628
784629
784630
784631
784632
784633
784634
784635
784637
784638
784639
784640
784641
784642
784643
784664
784665
784666
784667
784668
784669
784670
784671
784672
784673
784674
784675
784676
784677
784678
784679
784680
784681
784682
784683
784684
784685
784686
784687
784688
784689
784690
784691
784692
784693
784694
784695
784696
784697
784698
784699
784700
784701
784702
784703
784704
784705
784706
784707
784708
784709
784710
784711
784712
784713
784714
784715
784716
784717
784718
784719
784720
784721
784722
784723
784724
784725
784726
784727
784728
784729
784730
784731
784732
784733
784734
784735
784736
784737
784738
784739
784740
784741
784742
784743
784935
784936
784940
784941
784942
784943
784944
784945
784946
784947
784948
784949
784950
784951
784952
784953
784954
784955
784956
784957
784958
784959
784960
784961
784962
784963
784964
784970
784971
784972
784973
784980
784982
784984
784985
784986
784987
784988
784989
784990
784991
784992
784993
784994
784995
784996
784997
784998
784999
785000
785001
785002
785003
785004
785005
785006
785007
785008
785009
785010
785011
785012
785013
785014
785015
785018
785019
785020
785027
785028
785029
785038
785040
785041
785042
785043
785044
785045
785046
785047
785048
785049
785050
785051
785052
785053
785054
785055
785056
785057
785058
785059
785062
785063
785064
785065
785066
785067
785068
785069
785070
785071
785072
785073
785074
785075
785076
785077
785078
785079
785080
785081
785082
785083
785084
785085
785087
785088
785089
785090
785091
785092
785093
785094
785095
785096
785097
785098
785099
785100
785101
785102
785103
785104
785105
785106
785107
785109
785115
785116
785124
785125
785126
785127
785128
785129
785130
785131
785132
785133
785134
785135
785136
785137
785138
785139
785140
785141
785142
785143
785144
785301
785302
785303
785304
785305
785316
785317
785319
785329
785330
785331
785333
785334
785335
785336
785338
785342
785343
785344
785345
785347
785349
785350
785352
785358
785359
785360
785366
785367
785371
785374
785375
785379
785380
785382
785383
785384
785385
785386
785387
785388
785389
785390
785395
785396
785397
785398
785399
785400
785401
785402
785410
785411
785412
785413
785414
785415
785416
785417
785418
785419
785420
785421
785422
785423
785425
785426
785427
785428
785431
785432
785433
785434
785435
785436
785437
785438
785439
785440
785441
785442
785445
785447
785448
785454
785455
785456
785458
785459
785461
785462
785463
785464
785465
785466
785467
785468
785469
785470
785471
785472
785473
785474
785475
785476
785477
785478
785479
785480
785481
785482
785483
785484
785485
785486
785487
785488
785489
785490
785491
785492
785493
785494
785495
785496
785497
785498
785499
785500
785501
785502
785503
785504
785505
785506
785507
785508
785509
785510
785511
785512
785513
785514
785515
785516
785517
785518
785519
785520
785521
785522
785523
785524
785525
785708
785709
785710
785711
785712
785713
785714
785716
785717
785718
785719
785720
785721
785722
785723
785724
785725
785727
785733
785755
785756
785757
785758
785760
785761
785762
785766
785767
785771
785772
785774
785775
785776
785777
785778
785801
785802
785803
785804
785805
785806
785807
785808
785811
785812
785813
785814
785815
785816
785817
785818
785819
785823
785825
785826
785827
785831
785832
785835
785836
785837
785838
785839
785840
785844
785845
785846
785848
785856
785858
785863
785866
785868
785870
785871
785872
785879
785880
785881
785882
785888
785895
785896
785897
785898
785899
785900
785901
785906
785907
785908
785909
785914
785915
785916
785917
785918
785919
785920
785921
785922
785923
785924
785925
785926
785927
785928
785929
785930
786082
786083
786084
786085
786086
786087
786088
786089
786090
786091
786092
786093
786094
786095
786096
786097
786098
786099
786100
786101
786110
786111
786112
786113
786114
786115
786116
786118
786123
786126
786137
786138
786139
786140
786141
786142
786143
786144
786145
786199
786208
786228
786230
786252
786254
786255
786256
786257
786258
786259
786263
786268
786271
786272
786273
786274
786275
786276
786284
786285
786286
786287
786293
786301
786302
786304
786305
786307
786308
786309
786310
786311
786312
787639
787640
787641
787642
787643
787644
787645
787646
787647
787648
787649
787650
787651
787652
787653
787654
787658
787659
787660
787661
787662
787663
787665
787666
787667
787668
787671
787673
787675
787677
787679
787680
787681
787682
787683
787684
787685
787686
787689
787690
787691
787692
787693
787694
787695
787712
787713
787714
787715
787718
787722
787723
787724
787725
787726
787727
787728
787729
787730
787731
787732
787735
787736
787738
787739
787740
787741
787742
787743
787744
787745
787746
787747
787748
787749
787750
787751
787752
787753
787754
787755
787756
787757
787758
787759
787775
788027
788028
788029
788030
788031
788032
788033
788034
788035
788036
788037
788038
788039
788040
788041
788042
788043
788044
788045
788046
788047
788048
788049
788050
788051
788052
788053
788054
788055
788056
788057
788058
788059
788060
788061
788062
788063
788064
788065
788066
788067
788068
788069
788070
788071
788072
788073
788074
788075
788076
788077
788078
788079
788080
788081
788082
788083
788084
788085
788086
788087
788088
788089
788090
788091
788093
788094
788095
788096
788097
788098
788099
788100
788101
788102
788104
788106
788107
788109
788110
788111
788112
788113
788114
788115
788116
788117
788118
788119
788120
788121
788122
788123
788124
788125
788127
788128
788129
788130
788131
788132
788133
788134
788135
788136
788137
788138
788139
788140
788141
788142
788143
788144
788145
788146
788147
788148
788149
788150
788151
788152
788153
788154
788155
788156
788157
788158
788159
788160
788161
788162
788163
788165
788166
788167
788168
788169
788170
788171
788172
788173
788175
788176
788177
788180
788181
788182
788183
788184
788185
788186
788187
788188
788190
788191
788192
788193
788194
788195
788196
788197
788198
788199
788200
788201
788202
788203
788204
788205
788206
788207
788208
788209
788210
788211
788212
788213
788214
788215
788216
788218
788219
788220
788221
788222
788227
788229
788230
788231
788232
788234
788235
788236
788237
788238
788239
788240
788241
788242
788243
788244
788245
788246
788247
788248
788249
788250
788251
788252
788253
788255
788257
788258
788260
791160
791161
791162
791163
791164
791165
791166
791167
791168
791169
791170
791171
791172
791173
791174
791175
791176
791177
791179
791180
791181
791182
791183
791184
791185
791186
791187
791188
791189
791190
791191
791192
791193
791194
791195
791196
791197
791198
791199
791200
791201
791202
791203
791204
791205
791206
791207
791208
791209
791210
791211
791212
791213
791214
791215
791217
791218
791219
791220
791221
791222
791223
791224
791225
791226
791227
791228
791229
791230
791231
791232
791233
791234
791235
791236
791237
791238
791239
791240
791241
791242
791243
791244
791245
791246
791247
791248
791249
791250
791251
791252
791253
791254
791256
791257
791258
791259
791260
791261
791262
791263
791264
791265
791266
791267
791268
791269
791270
791271
791272
791273
791274
791275
791276
791277
791278
791279
791280
791281
791282
791283
791284
791285
791286
791287
791288
791289
791290
791291
791292
791293
791294
791295
791296
791297
791298
791299
791300
791301
791302
791303
791304
791305
791306
791307
791308
791309
791310
791311
791312
791313
791314
791315
791316
791317
791318
791319
791320
791321
791322
791323
791324
791325
791326
791327
791328
791329
791330
791331
791332
791333
791334
791335
791336
791337
791338
791339
791340
791341
791342
791343
791344
791345
791346
791347
791348
791349
791350
791351
791352
791353
791354
791355
791356
791357
791358
791359
791360
791361
791362
791363
791364
791365
791366
791367
791368
791369
791370
791371
791372
791373
791374
791375
791376
791377
791378
791379
791380
791381
791382
791383
791384
791385
791386
791387
791388
791389
791390
791391
791392
791393
791394
791395
791396
791397
791398
791399
791400
791571
791572
791573
791574
791575
791576
791577
791578
791579
791580
791581
791582
791583
791584
791585
791586
791588
791589
791590
791591
791592
791593
791594
791595
791596
791597
791598
791599
791600
791601
791602
791603
791604
791605
791606
791607
791608
791609
791610
791611
791613
791614
791615
791616
791618
791619
791620
791621
791622
791623
791624
791625
791626
791627
791628
791629
791630
791631
791632
791633
791634
791635
791636
791637
791638
791639
791640
791641
791642
791643
791644
791645
791646
791647
791648
791649
791650
791651
791652
791653
791654
791655
791656
791657
791658
791659
791660
791661
791662
791663
791664
791665
791666
791667
791668
791669
791670
791671
791672
791673
791674
791675
791676
791677
791678
791679
791680
791681
791682
791683
791684
791685
791686
791687
791688
791689
791690
791691
791692
791693
791694
791695
791696
791697
791698
791699
791700
791701
791702
791703
791704
791705
791706
791707
791708
791709
791710
791711
791712
791713
791714
791715
791716
791717
791718
791719
791720
791721
791722
791723
791724
791725
791726
791727
791728
791729
791730
791731
791732
791733
791734
791735
791736
791737
791738
791739
791740
791741
791742
791743
791744
791745
791746
791747
791748
791749
791750
791751
791752
791753
791754
791755
791756
791757
791758
791759
791760
791761
791762
791763
791764
791765
791766
791767
791768
791769
791770
791771
791772
791773
791774
791775
791776
791777
791778
791779
791780
791781
791782
791783
791784
791785
791786
791787
791788
791789
791790
791791
791792
791793
791967
791968
791969
791970
791971
791972
791973
791974
791975
791976
791977
791978
791979
791981
791982
791983
791984
791985
791986
791987
791988
791989
791990
791991
791992
791993
791994
791995
791996
791997
791998
791999
792000
792001
792002
792003
792004
792005
792006
792007
792008
792009
792010
792011
792012
792013
792014
792015
792016
792017
792018
792019
792020
792021
792022
792023
792024
792025
792026
792027
792028
792029
792030
792031
792032
792033
792034
792035
792036
792037
792038
792039
792040
792041
792042
792043
792044
792045
792046
792047
792048
792049
792050
792051
792052
792053
792054
792055
792056
792057
792058
792059
792060
792061
792062
792063
792064
792065
792066
792067
792068
792069
792070
792071
792072
792073
792074
792075
792076
792077
792078
792079
792080
792081
792082
792083
792084
792085
792086
792087
792088
792089
792090
792091
792092
792093
792094
792095
792096
792097
792098
792099
792100
792101
792102
792103
792104
792105
792106
792107
792108
792109
792110
792111
792112
792113
792114
792115
792116
792117
792118
792119
792120
792121
792122
792123
792124
792125
792126
792127
792128
792129
792130
792131
792132
792133
792134
792135
792136
792137
792138
792139
792140
792141
792142
792143
792144
792145
792146
792147
792148
792149
792150
792151
792153
792154
792155
792156
792157
792158
792159
792160
792161
792162
792163
792164
792165
792166
792167
792168
792169
792170
792171
792172
792173
792174
792175
792176
792177
792179
792180
792181
792182
792183
792354
792355
792356
792357
792358
792359
792360
792361
792362
792363
792364
792365
792366
792367
792368
792369
792370
792371
792372
792373
792374
792375
792376
792377
792378
792379
792380
792381
792382
792383
792384
792385
792386
792387
792388
792389
792390
792391
792392
792393
792394
792395
792396
792397
792398
792399
792400
792401
792402
792403
792404
792405
792406
792407
792408
792409
792410
792411
792420
792421
792422
792423
792424
792425
792426
792427
792428
792429
792430
792431
792432
792433
792434
792435
792436
792437
792438
792439
792440
792461
792462
792463
792464
792465
792466
792467
792468
792469
792470
792471
792472
792473
792486
792487
792488
792489
792490
792491
792492
792493
792494
792495
792496
792497
792498
792499
792500
792501
792502
792503
792504
792505
792506
792507
792508
792509
792510
792511
792512
792513
792514
792515
792516
792517
792518
792519
792520
792521
792522
792523
792524
792525
792526
792527
792528
792529
792530
792531
792532
792533
792534
792535
792536
792537
792538
792539
792540
792541
792542
792543
792544
792545
792546
792547
792548
792549
792550
792551
792552
792553
792554
792555
792556
792557
792558
792559
792560
792561
792562
792564
792565
792566
792567
792568
792569
792570
792571
792572
792573
792574
794003
794004
794005
794006
794007
794008
794009
794010
794011
794012
794013
794014
794015
794016
794017
794018
794019
794020
794021
794022
794023
794024
794025
794026
794027
794028
794029
794030
794031
794032
794033
794034
794035
794036
794037
794038
794039
794040
794041
794042
794043
794044
794045
794046
794047
794048
794049
794050
794051
794052
794053
794054
794055
794056
794057
794058
794059
794060
794061
794062
794063
794064
794065
794067
794068
794069
794070
794071
794072
794073
794074
794075
794076
794077
794078
794079
794080
794081
794082
794083
794084
794085
794086
794087
794088
794089
794090
794091
794092
794093
794094
794095
794096
794097
794098
794099
794100
794101
794102
794103
794104
794105
794106
794107
794108
794109
794110
794111
794112
794113
794114
794115
794116
794117
794118
794119
794120
794121
794122
794123
794124
794125
794126
794127
794128
794129
794130
794131
794132
794133
794134
794135
794136
794137
794138
794139
794140
794141
794142
794143
794144
794145
794146
794147
794148
794149
794150
794151
794152
794153
794154
794155
794156
794157
794158
794160
794161
794162
794163
794164
794165
794166
794167
794168
794169
794170
794171
794172
794173
794174
794175
794176
794177
794178
794179
794180
794181
794182
794183
794184
794185
794186
794187
794188
794189
794190
794191
794192
794193
794194
794195
794196
794197
794198
794199
794200
794201
794202
794203
794204
794205
794206
794207
794208
794209
794210
794211
794212
794213
794214
794215
794216
794217
794218
794219
794220
794221
794222
794223
794224
794225
794226
794227
794228
794229
794230
794231
794232
794233
794234
794235
794236
794237
794238
794399
794400
794401
794402
794403
794404
794405
794406
794407
794408
794409
794410
794411
794412
794413
794414
794415
794416
794417
794418
794419
794420
794421
794422
794423
794424
794425
794426
794427
794428
794429
794430
794431
794432
794433
794434
794435
794436
794437
794438
794439
794440
794441
794442
794443
794444
794445
794446
794447
794448
794449
794450
794451
794452
794453
794454
794455
794456
794457
794458
794459
794460
794461
794462
794463
794464
794465
794466
794467
794468
794469
794470
794471
794472
794473
794474
794475
794476
794477
794478
794479
794480
794481
794482
794483
794484
794485
794486
794487
794488
794489
794490
794491
794492
794493
794494
794495
794496
794497
794498
794499
794500
794501
794502
794503
794504
794505
794506
794507
794508
794509
794510
794511
794512
794513
794514
794515
794516
794517
794518
794519
794520
794521
794522
794523
794524
794525
794526
794527
794528
794529
794530
794531
794532
794533
794534
794535
794536
794537
794538
794539
794540
794541
794542
794543
794544
794545
794546
794547
794548
794549
794550
794551
794552
794553
794554
794555
794556
794557
794558
794559
794560
794561
794562
794563
794564
794565
794566
794567
794568
794569
794570
794571
794572
794573
794576
794577
794578
794579
794580
794581
794582
794583
794584
794585
794586
794587
794588
794589
794590
794591
794592
794593
794594
794595
794596
794597
794598
794599
794600
794601
794602
794603
794604
794605
794606
794607
794608
794609
794610
794611
794612
794613
794614
794615
794616
794617
794618
794619
794620
794621
794622
794623
794624
794625
794626
794627
794628
794629
794795
794796
794797
794798
794799
794800
794801
794802
794803
794804
794805
794806
794807
794808
794809
794810
794811
794812
794813
794814
794815
794816
794817
794818
794819
794820
794821
794822
794823
794824
794825
794826
794827
794828
794829
794830
794831
794832
794833
794834
794835
794836
794837
794838
794839
794840
794841
794842
794843
794844
794845
794846
794847
794848
794849
794850
794851
794852
794853
794854
794855
794856
794857
794858
794859
794860
794861
794862
794863
794864
794865
794866
794867
794868
794869
794870
794871
794872
794873
794874
794875
794876
794877
794878
794879
794880
794881
794882
794883
794884
794885
794886
794887
794888
794889
794890
794891
794892
794893
794894
794895
794896
794897
794898
794899
794900
794901
794902
794903
794904
794905
794906
794907
794908
794909
794910
794911
794912
794913
794914
794915
794916
794917
794918
794919
794920
794921
794922
794923
794924
794925
794926
794927
794928
794929
794930
794931
794932
794933
794934
794935
794937
794938
794939
794940
794941
794942
794943
794944
794945
794946
794947
794948
794949
794950
794951
794952
794953
794954
794955
794956
794957
794958
794959
794960
794961
794962
794963
794964
794965
794966
794967
794968
794969
794970
794971
794972
794973
794974
794975
794976
794977
794978
794979
794980
794981
794982
794983
794984
794985
794986
794987
794988
794989
794990
794991
794992
794993
794994
794996
794997
794998
794999
795000
795001
795002
795003
795004
795005
795006
795007
795008
795009
795010
795011
795012
795013
795014
795015
795201
795202
795203
795204
795207
795208
795209
795210
795211
795212
795213
795214
795215
795216
795218
795219
795220
795221
795222
795225
795226
795227
795232
795233
795234
795235
795236
795237
795238
795240
795241
795251
795252
795253
795254
795255
795256
795258
795259
795260
795261
795262
795263
795264
795265
795266
795267
795269
795270
795271
795272
795273
795274
795275
795276
795277
795278
795282
795283
795284
795285
795286
795287
795288
795289
795292
795293
795294
795295
795296
795297
795301
795304
795305
795306
795307
795308
795309
795310
795311
795313
795314
795315
795317
795319
795321
795322
795323
795324
795325
795327
795330
795332
795338
795339
795340
795341
795342
795343
795344
795345
795347
795348
795349
795352
795353
795354
795355
795357
795359
795360
795361
795362
795363
795364
795365
795366
795367
795368
795369
795370
795371
795372
795373
795374
795375
795376
795377
795378
795379
795380
795381
795382
795383
795384
795385
795386
795387
795388
795389
795390
795391
795392
795393
795394
795395
795396
795397
795398
795399
795400
795401
795402
795403
795404
795405
795406
795407
795408
795409
795410
795411
795412
795413
796274
796275
796276
796277
796278
796279
796280
796281
796282
796283
796284
796285
796286
796287
796288
796289
796290
796291
796296
796297
796298
796299
796300
796301
796302
796303
796304
796305
796306
796307
796308
796309
796310
796311
796312
796314
796315
796316
796317
796318
796319
796320
796321
796322
796323
796324
796325
796326
796327
796328
796329
796330
796331
796332
796335
796336
796337
796338
796339
796340
796341
796342
796343
796344
796345
796346
796347
796348
796349
796350
796351
796352
796353
796354
796355
796356
796357
796359
796360
796361
796362
796363
796365
796367
796368
796369
796370
796371
796372
796373
796374
796375
796376
796377
796378
796379
796380
796381
796382
796383
796384
796385
796386
796387
796388
796389
796390
796391
796392
796394
796395
796396
796397
796398
796399
796400
796401
796402
796403
796404
796405
796406
796407
796408
796409
796410
796411
796412
796413
796414
796415
796416
796417
796418
796419
796420
796421
796422
796423
796424
796425
796426
796427
796428
796429
796430
796431
796432
796433
796434
796435
796436
796437
796438
796439
796440
796441
796448
796449
796450
796451
796452
796453
796454
796455
796456
796457
796458
796459
796460
796461
796462
796463
796464
796465
796466
796467
796468
796469
796470
796471
796472
796473
796474
796475
796476
796477
796478
796479
796480
796481
796482
796483
796484
796485
796486
796487
796488
796489
796490
796491
796492
796493
796494
796495
796496
796651
796652
796653
796654
796655
796656
796657
796658
796659
796660
796661
796662
796663
796664
796665
796666
796667
796668
796669
796670
796671
796672
796673
796674
796675
796676
796677
796678
796679
796680
796681
796682
796683
796684
796685
796686
796687
796688
796689
796690
796691
796692
796693
796694
796695
796696
796697
796698
796699
796700
796702
796703
796704
796705
796706
796707
796708
796709
796710
796711
796712
796713
796714
796715
796716
796717
796718
796719
796720
796721
796722
796723
796724
796725
796726
796727
796728
796729
796731
796734
796735
796736
796737
796744
796745
796746
796748
796749
796750
796751
796752
796753
796754
796755
796756
796757
796758
796759
796760
796761
796762
796766
796774
796775
796777
796779
796780
796781
796782
796783
796784
796785
796786
796787
796788
796789
796790
796791
796792
796793
796794
796795
796798
796806
796808
796809
796810
796811
796812
796813
796814
796815
796816
796817
796818
796819
796820
796821
796822
796823
796824
796840
796842
796843
796844
796845
796846
796847
796848
796849
796850
796851
796852
796853
796854
796855
796856
796857
796858
796859
796860
796861
796862
796863
796864
796865
796866
796867
796868
797027
797028
797029
797030
797031
797032
797033
797034
797035
797036
797037
797038
797039
797040
797041
797042
797043
797044
797045
797046
797047
797048
797049
797050
797051
797052
797053
797054
797055
797056
797057
797059
797060
797061
797062
797063
797064
797065
797066
797067
797068
797069
797070
797071
797072
797073
797074
797075
797076
797077
797078
797079
797080
797081
797082
797083
797084
797085
797086
797087
797088
797089
797090
797091
797092
797093
797094
797095
797096
797097
797098
797099
797100
797101
797102
797103
797104
797105
797106
797107
797108
797109
797110
797111
797112
797113
797114
797115
797117
797118
797119
797120
797121
797122
797131
797132
797133
797134
797135
797136
797137
797138
797139
797140
797141
797142
797143
797144
797145
797146
797150
797161
797162
797163
797164
797165
797166
797167
797168
797169
797170
797171
797172
797173
797174
797175
797176
797177
797178
797179
797181
797190
797191
797192
797193
797194
797195
797196
797197
797198
797199
797200
797202
797203
797204
797205
797206
797207
797208
797209
797210
797220
797221
797222
797223
797224
797225
797226
797227
797228
797229
797230
797231
797232
797233
797234
797235
797236
797237
797238
797239
797240
797241
797242
797402
797403
797404
797405
797406
797407
797408
797409
797410
797411
797412
797413
797414
797415
797416
797417
797418
797419
797420
797421
797422
797423
797424
797425
797426
797427
797428
797429
797430
797431
797432
797433
797434
797435
797436
797437
797438
797439
797440
797441
797442
797443
797444
797445
797446
797447
797448
797449
797450
797451
797452
797453
797454
797455
797456
797457
797458
797459
797460
797461
797462
797463
797464
797465
797466
797467
797468
797469
797470
797471
797472
797473
797474
797475
797476
797477
797478
797479
797480
797481
797482
797483
797484
797485
797486
797499
797500
797501
797502
797503
797504
797505
797506
797507
797508
797509
797510
797511
797512
797513
797514
797515
797516
797517
797518
797519
797520
797521
797522
797523
797524
797525
797526
797527
797528
797529
797530
797531
797532
797533
797534
797535
797536
797537
797538
797539
797540
797541
797542
797543
797544
797545
797546
797547
797548
797549
797550
797551
797552
797553
797554
797555
797556
797557
797558
797559
797560
797561
797562
797563
797564
797565
797566
797567
797568
797569
797570
797571
797572
797573
797574
797575
797576
797577
797578
797579
797580
797581
797582
797583
797584
797585
797586
797587
797588
797589
797590
797591
797592
797593
797594
797595
797597
797598
797599
797600
797601
797602
797603
797604
797605
797606
797607
797608
797609
797610
797611
797612
797613
797614
797615
797616
797617
797618
797619
797620
797621
797622
797623
797624
797787
797788
797789
797790
797791
797792
797793
797794
797795
797796
797797
797798
797799
797800
797801
797802
797803
797804
797805
797806
797807
797808
797809
797810
797811
797812
797813
797814
797815
797816
797817
797818
797819
797820
797821
797822
797823
797824
797825
797826
797827
797828
797829
797830
797831
797832
797833
797834
797835
797836
797837
797838
797839
797840
797842
797843
797844
797845
797846
797847
797848
797849
797850
797852
797853
797854
797855
797856
797857
797858
797859
797860
797861
797862
797863
797864
797865
797866
797867
797868
797869
797870
797871
797872
797873
797874
797875
797876
797877
797878
797879
797880
797881
797882
797883
797884
797885
797886
797887
797888
797890
797891
797892
797893
797894
797895
797896
797897
797898
797899
797900
797901
797902
797903
797904
797905
797907
797908
797909
797910
797911
797912
797913
797914
797915
797916
797917
797918
797919
797920
797921
797922
797923
797924
797925
797926
797927
797928
797929
797930
797931
797932
797933
797934
797935
797936
797937
797938
797939
797940
797941
797942
797943
797944
797945
797946
797947
797948
797949
797950
797951
797952
797953
797954
797955
797956
797957
797958
797959
797960
797961
797962
797963
797964
797965
797966
797967
797968
797969
797970
797971
797972
797973
797974
797975
797976
797977
797978
797979
797980
797981
797982
797983
797984
797985
797986
797987
797988
797989
797990
797991
797992
797993
797994
797995
797996
797997
797998
797999
798000
798001
798002
798003
798004
798166
798167
798168
798169
798170
798171
798172
798173
798174
798175
798176
798177
798178
798179
798180
798181
798182
798183
798184
798185
798186
798187
798188
798189
798190
798191
798192
798193
798194
798195
798196
798197
798198
798199
798200
798201
798202
798203
798204
798205
798206
798207
798208
798209
798210
798211
798212
798213
798214
798215
798218
798219
798220
798222
798223
798224
798225
798226
798227
798228
798229
798230
798231
798232
798233
798234
798235
798236
798237
798238
798239
798240
798241
798242
798243
798252
798253
798254
798255
798256
798257
798258
798259
798260
798261
798262
798263
798264
798265
798266
798267
798268
798269
798270
798271
798272
798273
798274
798275
798276
798277
798278
798279
798280
798281
798282
798283
798284
798285
798286
798287
798288
798289
798290
798291
798292
798293
798294
798295
798296
798297
798298
798299
798300
798301
798302
798303
798304
798305
798306
798307
798308
798309
798310
798311
798312
798313
798314
798315
798316
798317
798318
798319
798320
798321
798322
798323
798324
798325
798326
798327
798328
798329
798330
798331
798332
798333
798334
798335
798336
798337
798338
798339
798340
798341
798342
798343
798344
798345
798346
798347
798348
798349
798350
798351
798352
798353
798354
798355
798356
798357
798358
798359
798360
798361
798362
798363
798364
798365
798366
798367
798368
798369
798370
798371
798372
798373
798374
798375
798376
798377
798378
798379
798380
798381
798382
798383
798384
798385
798386
798387
798545
798546
798547
798548
798549
798550
798551
798552
798553
798556
798557
798558
798559
798560
798561
798562
798563
798564
798565
798566
798567
798568
798569
798570
798571
798572
798573
798574
798575
798576
798577
798578
798579
798580
798581
798582
798583
798584
798585
798586
798587
798588
798589
798590
798591
798592
798593
798594
798595
798596
798597
798598
798599
798600
798601
798602
798603
798604
798605
798606
798607
798608
798609
798610
798611
798612
798613
798614
798615
798616
798617
798618
798620
798621
798634
798635
798636
798637
798638
798639
798640
798641
798642
798643
798644
798645
798646
798647
798648
798649
798650
798651
798654
798655
798656
798657
798658
798659
798660
798661
798662
798663
798664
798665
798666
798667
798668
798669
798670
798671
798672
798673
798674
798675
798676
798677
798678
798679
798680
798681
798682
798683
798684
798685
798686
798687
798688
798689
798690
798691
798692
798693
798694
798695
798696
798697
798698
798699
798700
798701
798702
798703
798704
798705
798706
798707
798708
798709
798710
798711
798712
798713
798714
798715
798716
798717
798718
798719
798720
798721
798722
798723
798724
798725
798726
798727
798728
798729
798730
798731
798732
798733
798734
798735
798736
798737
798738
798739
798740
798741
798742
798743
798744
798745
798746
798747
798748
798749
798750
798751
798752
798753
798754
798755
798756
798757
798758
798759
798760
798763
798764
798925
798926
798927
798928
798929
798930
798931
798932
798933
798934
798935
798936
798937
798938
798939
798940
798941
798942
798943
798944
798945
798946
798947
798948
798949
798950
798951
798952
798953
798954
798955
798956
798957
798958
798959
798960
798961
798962
798963
798964
798965
798966
798967
798968
798969
798970
798971
798972
798973
798974
798975
798976
798977
798978
798979
798980
798981
798982
798983
798984
798985
798986
798987
798988
798989
798990
798991
798992
798993
798994
798995
798996
798997
798998
798999
799000
799001
799002
799003
799004
799005
799006
799007
799008
799009
799010
799011
799012
799013
799014
799015
799016
799017
799018
799019
799020
799021
799022
799023
799024
799025
799026
799027
799028
799029
799030
799031
799032
799033
799034
799035
799036
799037
799038
799039
799040
799041
799042
799043
799044
799045
799046
799047
799048
799049
799050
799051
799052
799053
799054
799055
799056
799057
799058
799059
799060
799061
799062
799063
799064
799065
799066
799067
799068
799069
799070
799071
799072
799073
799074
799075
799076
799077
799078
799079
799080
799081
799082
799083
799084
799085
799086
799087
799088
799089
799090
799091
799092
799093
799094
799095
799096
799097
799098
799099
799100
799101
799102
799103
799104
799105
799106
799107
799108
799109
799110
799111
799112
799113
799114
799115
799116
799117
799118
799121
799122
799123
799124
799292
799296
799297
799298
799299
799300
799301
799302
799303
799304
799305
799306
799307
799308
799309
799310
799311
799312
799313
799314
799315
799316
799317
799318
799320
799321
799322
799323
799324
799325
799326
799327
799328
799329
799330
799331
799347
799348
799350
799351
799352
799353
799354
799355
799356
799357
799358
799359
799360
799361
799362
799363
799364
799365
799366
799367
799368
799369
799370
799371
799372
799373
799374
799375
799376
799377
799378
799379
799380
799382
799389
799390
799391
799392
799768
799770
799771
799772
799773
799838
799842
799843
799844
799851
799862
800053
800056
800057
800058
800059
800060
800061
800062
800063
800064
800065
800066
800067
800068
800069
800070
800071
800072
800076
800080
800081
800082
800083
800084
800085
800086
800088
800091
800092
800093
800094
800095
800113
800114
800115
800116
800117
800118
800119
800120
800121
800122
800123
800124
800125
800126
800130
800131
800138
800139
800140
800141
800142
800143
800144
800145
800146
800147
800148
800149
800150
800151
800152
800153
800154
800155
800156
800157
800158
800161
800165
800166
800167
800168
800169
800170
800171
800172
800173
800174
800175
800176
800177
800178
800179
800180
800181
800182
800183
800184
800185
800186
800187
800188
800189
800190
800191
800192
800193
800364
800365
800366
800367
800369
800370
800371
800372
800373
800374
800375
800376
800377
800378
800379
800380
800381
800382
800383
800384
800385
800386
800387
800388
800389
800390
800391
800392
800393
800394
800395
800396
800397
800398
800399
800401
800404
800405
800406
800407
800408
800409
800410
800411
800426
800427
800428
800429
800430
800431
800432
800433
800434
800435
800436
800437
800438
800439
800440
800441
800442
800443
800444
800445
800446
800447
800448
800449
800451
800452
800453
800454
800455
800456
800457
800458
800459
800460
800461
800462
800463
800464
800465
800466
800467
800468
800469
800470
800471
800472
800473
800474
800476
800477
800478
800482
800483
800484
800485
800486
800487
800488
800489
800490
800491
800492
800493
800495
800496
800497
800498
800499
800500
800501
800502
800503
800504
800505
800506
800507
800508
800509
800510
800511
800512
800513
800514
800515
800516
800517
800518
800519
800520
800521
800522
800523
800524
800525
800526
800527
800528
800529
800702
800744
800746
800747
800748
800749
800750
800751
800752
800753
800754
800755
800756
800757
800758
800759
800760
800761
800762
800763
800764
800765
800766
800767
800768
800769
800770
800778
800779
800781
800784
800785
800787
800788
800789
800790
800791
800792
800795
800797
800798
800799
800800
800805
800811
800815
800828
800829
800830
800831
800837
800838
800840
800841
800847
800848
800850
800854
800857
800858
800859
800860
800861
800862
800864
800865
800866
800867
800868
800869
800870
800871
800873
800874
800876
800877
800878
800882
800883
800884
800885
800886
800887
800888
800889
800890
800891
800892
800893
800894
800895
800896
800897
800898
800899
800900
800901
800902
800903
800904
800905
800906
800907
800909
800910
800911
800912
800913
800914
800915
800916
800917
800918
800919
801091
801092
801093
801094
801095
801096
801097
801098
801099
801100
801101
801102
801103
801104
801105
801106
801107
801108
801109
801110
801111
801112
801113
801114
801115
801116
801117
801118
801119
801120
801121
801122
801123
801124
801125
801126
801127
801128
801129
801130
801131
801132
801133
801134
801135
801136
801137
801138
801139
801140
801141
801142
801143
801144
801145
801146
801147
801148
801149
801150
801151
801152
801153
801154
801155
801156
801157
801158
801159
801160
801161
801162
801163
801164
801165
801166
801167
801168
801169
801170
801171
801172
801173
801174
801175
801176
801177
801178
801179
801180
801181
801182
801183
801184
801185
801186
801187
801188
801189
801190
801191
801192
801450
801451
801452
801461
801462
801463
801464
801465
801466
801467
801468
801469
801470
801471
801472
801473
801474
801475
801476
801477
801478
801487
801488
801489
801490
801491
801492
801493
801494
801495
801496
801497
801498
801499
801500
801501
801502
801503
801504
801505
801506
801507
801508
801509
801510
801511
801512
801513
801514
801515
801516
801517
801518
801519
801520
801521
801523
801524
801525
801526
801527
801528
801529
801847
801848
801849
801851
801852
801854
801858
801859
801860
801861
801870
801872
801873
801874
801875
801883
801884
801885
801886
801887
801888
801889
801890
801891
801892
801893
801894
801895
801897
801898
801899
801900
801901
801902
801903
801904
801906
801907
801908
801909
801910
801911
801912
801913
801914
801915
801916
801917
801918
801919
801920
801921
801922
801923
801924
801925
801926
802174
802175
802188
802189
802194
802197
802198
802200
802201
802202
802207
802219
802223
802224
802225
802226
802227
802228
802229
802230
802231
802232
802233
802234
802235
802236
802237
802238
802239
802240
802241
802242
802243
802244
802245
802246
802247
802248
802249
802251
802252
802253
802254
802255
802257
802258
802259
802260
802261
802528
802529
802530
802531
802538
802540
802542
802543
802544
802547
802551
802552
802553
802554
802555
802556
802559
802560
802566
802567
802568
802569
802570
802571
802572
802573
802574
802575
802576
802577
802578
802579
802580
802581
802582
802583
802584
802585
802586
802587
802588
802589
802590
802591
802592
802593
802594
802595
802596
802597
802598
802599
802600
802601
802602
802603
802859
802860
802861
802862
802863
802864
802865
802866
802867
802868
802869
802870
802871
802872
802873
802874
802875
802876
802877
802878
802879
802880
802881
802882
802883
802884
802885
802886
802887
802889
802899
802900
802901
802902
802903
802904
802905
802906
802907
802908
802909
802910
802911
802912
802913
802914
802915
802916
802917
802918
802925
802926
802927
802928
802929
802930
802931
802932
802933
802934
802935
802936
802937
802938
802939
803183
803184
803185
803187
803190
803206
803207
803208
803209
803210
803211
803213
803218
803219
803220
803221
803222
803233
803234
803235
803236
803237
803238
803239
803240
803245
803246
803258
803259
803260
803261
803262
803263
803264
803265
803266
803267
803539
803540
803541
803542
803543
803544
803622
803623
803625
803626
803968
803970
803972
803973
803977
803978
804359
804361
804380
804381
804387
804388
804389
804501
804502
804503
804504
804505
804506
804507
804508
804509
804510
804511
804779
804780
804781
804782
804783
804784
804785
804786
804787
804788
804789
804790
804791
804792
804793
804794
804795
804796
804797
804798
804799
804800
804801
804802
804803
804804
804805
804806
804807
804808
804809
804810
804811
804812
804813
804814
804815
804816
804817
804818
804819
804820
804844
804845
804846
804848
804849
804850
804851
806709
806710
806711
806712
806713
806714
806715
806716
806718
806720
806722
806723
806724
806725
806726
806727
806728
806729
806731
806732
806733
806734
806735
806736
806737
806738
806739
806740
806741
806742
806743
806744
806745
806746
806747
806748
806749
806750
806751
806752
806753
806754
806755
806756
806765
806766
806767
806768
806769
806770
806771
806772
806773
806774
806775
806988
806989
806990
806991
806992
806993
806994
806995
806996
806997
806998
806999
807000
807001
807002
807003
807004
807005
807006
807007
807008
807009
807010
807011
807012
807013
807014
807015
807016
807017
807018
807019
807020
807021
807022
807047
807048
807049
807289
807290
807291
807292
807293
807294
807295
807296
807297
807298
807299
807300
807301
807302
807303
807304
807305
807306
807307
807308
807309
807310
807336
807337
807338
807339
807340
807341
807342
807602
807603
807604
807605
807606
807607
807608
807609
807610
807611
807612
807613
807614
807615
807616
807617
807618
807619
807620
807621
807622
807623
807624
807625
807650
807651
807652
807653
807654
807655
807656
807657
807658
807659
807660
807661
807662
807663
808812
808813
808814
808815
808816
808817
808818
808819
808820
808821
808822
808823
808824
808825
808826
808827
808828
808829
808830
808831
808832
808833
808834
808835
808836
808837
808838
808839
808840
808841
808842
808843
808844
808845
808846
808847
808848
808849
808850
808851
808852
808853
808854
808855
808856
808857
808858
808859
808860
808861
808862
808863
808864
809068
809069
809070
809071
809072
809073
809074
809075
809076
809077
809078
809288
809289
809290
809291
809292
809293
809294
809295
809296
809297
809298
809299
809300
809301
809302
809303
809304
809305
809306
809307
809308
809309
809310
809311
809312
809313
809316
809317
809318
809319
809320
809321
809322
809513
809514
809515
809516
809517
809518
809519
809520
809521
809522
809523
809524
809525
809526
809527
809528
809529
809530
809531
809532
809533
809534
809535
809536
809537
809538
809539
809540
809541
809542
809543
809544
809545
809546
809547
809548
809549
809550
809551
809552
809554
809555
809556
809755
809756
809757
809758
809759
809760
809761
809762
809763
809764
809765
809766
809767
809768
809769
809770
809771
809772
809773
809774
809775
809776
809777
809778
809779
809780
809781
809782
809783
809784
809785
809786
809787
809788
809789
809791
809792
809793
809794
809795
809796
809797
809798
809799
809800
809801
809802
809803
809804
809805
809806
809807
809808
809809
809810
809811
809812
809813
809814
809815
809816
809817
810056
810057
810058
810059
810060
810061
810062
810063
810064
810065
810066
810067
810068
810069
810070
810071
810072
810073
810074
810075
810076
810077
810078
810079
810080
810081
810082
810083
810084
810085
810086
810087
810088
810089
810313
810314
810315
810316
810317
810318
810319
810320
810321
810322
810323
810325
810326
810327
810328
810329
810330
810331
810332
810333
810334
810335
810336
810337
810338
810340
810341
810342
810343
810344
810345
810346
810347
810348
810349
810350
810351
810352
810353
810354
145575
145576
145580
145586
145587
146655
146658
146659
146660
147087
148342
148666
148669
148671
148679
148680
148682
148683
148685
148686
148688
148691
157285
157286
157289
157290
157293
157294
157297
157302
157305
157309
157310
157313
157314
157317
157318
157321
157322
157325
157326
157329
157330
160202
160208
160210
160222
160786
168395
168396
168397
168398
168399
168400
168401
168402
168403
168477
168480
168484
168485
168486
168489
168490
168491
168492
168495
168496
168497
168498
168501
168509
168513
168525
168528
168533
168537
173367
173368
173369
173370
173371
173372
173373
173374
173375
173740
173741
173742
173743
173744
173745
174075
174076
174077
174078
178213
178214
178215
178216
178217
178218
178219
178220
178372
178373
178374
178375
178376
178377
178378
178379
178380
178381
178382
178383
178384
178385
178386
178387
178388
178392
178394
178395
178396
178397
178398
178399
178400
183632
183633
183636
183637
183638
183639
183640
183641
183642
183643
183644
183645
183766
183948
183949
184136
184137
184144
184145
184153
184154
184155
184157
184158
184159
184160
184161
184162
184163
184164
184165
184167
184168
184169
184170
184171
184287
184288
184289
184290
184291
184292
184293
184294
184295
184296
184297
184298
184299
184300
184301
184308
184309
184310
184476
184477
184478
184479
184810
184811
184812
184813
184814
184972
184973
184974
184975
184979
184982
184983
184984
184985
184990
184991
184992
184993
185052
185137
185138
185446
185447
185448
185449
185458
185459
185460
185461
187024
187025
187026
187027
187028
187029
187030
187031
187040
187041
187042
187043
187044
187045
187046
187090
187091
187092
187093
187094
187095
187096
187123
187124
187125
187126
187127
187128
187129
187130
187132
187133
187140
187141
187142
187143
187144
187145
187146
187281
187282
187283
187284
187285
187286
187287
187288
187289
187290
187291
187298
187299
187300
187301
187302
187303
187304
187305
187306
187307
187628
187629
187630
187631
187632
187634
187635
187636
187779
187780
187781
187785
187786
187789
187790
187791
187792
187793
188801
195918
195919
195920
195930
196283
196284
196285
196288
196289
196290
196292
196294
196296
196297
196298
196299
196300
196301
196302
196303
196304
196305
196306
196307
196308
196309
196311
196312
196313
196314
196315
196316
196317
196318
196319
196322
196323
196324
196328
196329
196330
196331
196332
196333
196335
196336
196337
196338
196339
196340
196341
196342
196348
196349
196350
196351
196352
196353
196354
196355
196356
196357
196358
196360
196361
196362
196363
196364
196365
196366
196367
196368
196369
196370
196371
196372
196373
196374
196375
196376
196377
197627
197628
197629
197630
197631
197632
197633
197634
197635
197636
197637
197638
197639
197640
197641
197642
197643
197645
197646
197647
197648
197649
197650
197651
197652
197653
197654
197655
197656
197657
197658
197659
197660
197661
197662
197800
197801
197802
197803
197804
197805
197806
197807
197810
197811
197814
197815
197818
197819
198180
198181
198182
198183
198184
198185
198186
198187
198188
198189
198193
198194
198195
198197
198198
198199
198200
198201
198202
198203
198206
198207
198208
198209
198210
198211
198672
198673
198674
198675
198676
198677
198678
198679
198680
198681
198683
198684
198685
198686
198687
198688
198689
198690
198693
198694
198696
198697
198698
198699
198700
198701
198702
198703
198704
198705
198706
198707
198708
198709
198710
198711
198712
198713
198714
198715
198716
198717
198718
203645
203646
203647
203648
203649
203650
203652
203653
203654
203655
203656
203657
203658
203659
203660
203664
203665
203666
203671
203672
203673
203674
203675
203678
203679
203680
203681
203682
203683
203684
203685
203686
203687
205060
205061
205063
205064
205363
205638
206398
206399
206400
206401
206402
206403
207570
207571
207575
207576
208049
208050
208051
208785
208786
208787
208788
208789
208790
208792
208794
208795
208796
208797
208798
208799
208800
208811
208812
208813
208814
209556
209568
209569
209570
209571
209572
209634
209636
209902
209903
209905
209906
209907
209908
209909
209910
209911
209912
209913
209914
209915
209916
209920
212030
212031
212032
212033
212034
212035
212036
212037
212038
212039
212040
212041
212042
212043
212045
212046
212047
212048
212049
212050
212051
212052
212053
212054
212055
212056
212059
212061
212062
212064
212065
212066
212067
212068
212069
212070
212071
212072
212073
212074
212075
212076
212077
212078
212080
212081
212082
212085
212086
212087
212088
212089
212090
212091
212092
212093
212401
212402
212403
212404
212405
212406
212407
212408
212409
212410
212413
212414
212415
212440
212441
212442
212445
212446
212449
212450
212451
212452
212453
212454
212455
212456
212457
212458
212459
212460
212461
212463
212464
212465
212466
212467
212468
212469
212470
212471
212715
212716
212717
212718
212721
212722
212723
212724
212727
212728
212729
212730
212731
212732
212733
212734
212735
212736
212737
212738
212739
212742
212743
212744
212745
212746
212747
212748
212749
212750
212751
212753
212754
212755
212756
212757
212758
212759
212761
212762
212763
212764
212768
212769
212770
212771
212772
212773
212774
212775
212776
212777
212778
212779
212782
212783
212784
212785
212786
212787
212788
212789
212790
212791
213091
213092
213093
213094
213095
213096
213097
213098
213099
213100
213101
213102
213104
213106
213107
213108
213109
213110
213113
213114
213115
213116
213117
213118
213119
213121
213122
213123
213124
213128
213129
213130
213131
213132
213133
213134
213135
213136
213137
213139
213140
213158
213159
213160
213161
213162
213163
213164
213165
213166
213167
213168
213169
213170
213472
213474
213482
213483
213485
213486
213487
213490
213491
213492
213493
213494
213497
213498
213499
213504
213505
213514
213517
213520
213522
213523
213525
213527
213528
213529
213532
213537
213541
213842
213843
213845
213846
213847
213849
213850
213851
213852
213853
213859
213863
213864
213868
213869
213870
213871
213872
213873
213874
213875
213876
213877
213878
213879
213880
213881
213882
213883
213884
213885
213888
213889
213890
213891
213894
213895
213896
213897
213898
213899
213900
213922
213923
213924
213925
213926
213927
213928
213929
213930
213931
213932
213933
213934
213935
213936
213937
213938
213940
213942
213943
213944
213945
213946
213947
213949
213950
213951
218391
218392
218393
218394
218395
218396
218520
218521
218522
218523
218524
218525
218526
218527
218528
218529
218530
218531
218532
218533
218535
218536
218537
218538
218539
218540
218541
218542
218543
218544
218545
218546
218547
218548
218549
218550
218551
218575
218576
218577
218578
218579
218580
218581
219609
219615
219858
220004
220005
220517
220631
223486
223488
223524
223561
223597
223607
223608
223609
223620
223624
223625
223626
223627
223629
223630
223631
223632
223634
223635
223636
223638
223639
223640
223642
223643
223644
223645
223649
223650
223651
223652
223653
223656
223657
223658
223660
223661
223662
223663
223665
223668
223669
223670
223671
223672
223673
223674
223675
223676
223687
223688
223689
223819
223820
223855
223856
223889
223890
223892
223927
223928
223937
223938
223939
223940
223941
223946
223950
223951
223955
223956
223957
223958
223959
223960
223961
223962
223963
223964
223965
223966
223967
223968
223975
223976
223977
223978
223979
223981
223982
223983
223984
223986
223987
223988
223989
223991
223992
223993
223994
223995
223996
223997
223998
223999
224000
224001
224002
224013
224015
224016
224017
224019
224020
224022
224023
224024
224025
224026
224032
224033
224034
224036
224038
224040
224041
224042
224043
224044
224046
224047
224048
224049
224050
224051
224061
224063
224064
224065
224197
224198
224238
224239
224242
224247
224248
224249
224252
224253
224254
224255
224256
224257
224258
224259
224260
224261
224262
224263
224268
224276
225095
225096
225097
225098
225099
226231
226232
226233
227009
227010
227011
227013
227014
229098
232316
232348
232350
232351
238304
238456
238457
238458
238459
238460
238461
238462
238463
238464
238465
238466
238467
238468
238469
238470
238471
238472
238473
238474
238475
238476
238477
238478
238479
238480
238481
238482
238483
238484
238485
238486
238487
238488
238489
238490
238635
238636
238637
238638
238639
238640
238641
238642
238643
238644
238645
238646
238647
238654
238655
238656
238657
238658
238659
238660
238661
238662
238663
238664
238665
238666
238667
238668
238669
238670
238671
238672
238673
238674
238675
238676
238677
238678
238679
238680
238681
238682
238683
238684
238685
238686
238687
238688
238913
240647
241402
241403
241404
241405
241406
241407
241408
241409
241410
241411
241466
241467
241468
241469
241470
241471
241579
241580
241581
241582
241583
241584
241585
241586
241587
241588
241589
241590
241591
241592
241593
241594
241595
241596
241597
241598
241599
241600
241601
241602
241666
241667
241668
241779
241780
241781
241782
241783
241784
241787
241789
241795
241875
241876
241877
241993
241994
241995
241996
241997
241998
241999
242000
242001
242002
242003
242004
242005
242006
242007
242008
242010
242011
242019
242020
242021
242026
242027
242029
242030
242031
242259
250162
250163
250889
250897
250916
250928
250940
250941
250942
255415
258015
270997
271020
271843
271844
271845
271846
271847
271849
271850
271851
271852
271854
271855
271856
271857
271858
271860
271861
271862
271863
271865
271866
271867
271868
271870
271871
271872
271873
271874
271875
271876
271877
271878
271887
271888
271889
271891
271892
271893
271894
271896
271897
271898
271899
271901
271902
271903
271904
271905
271906
271907
271908
271909
271910
271912
271920
271925
272033
272037
272038
272041
272042
272043
272045
272048
272049
272050
272051
272052
272053
272054
272055
272060
272061
272062
272063
272064
272066
272067
272068
272069
272071
272072
272073
272074
272079
272080
272081
272082
272083
272084
272085
272086
272087
272088
272089
272090
272101
272102
272103
272104
272105
272106
272107
272109
272110
272111
272112
272114
272115
272116
272117
272122
272123
272124
272125
272126
272127
272128
272129
272131
272132
272133
272135
272136
272138
272140
272141
272142
272143
272145
272146
272147
272148
272150
272151
272152
272153
272155
272156
272157
272158
272160
272161
272162
272163
272164
272165
272169
272170
272171
272172
272173
272176
272177
272178
272301
272302
272307
272311
272312
272318
272320
272322
272324
272325
272332
272333
272334
272337
272338
272339
272342
272343
272344
272349
272350
272351
272352
272353
272354
272355
272356
272357
272372
272373
272374
272375
272377
272378
272379
272380
272382
272383
272384
272385
272386
272388
272389
272390
272391
272393
272394
272395
272396
272398
272399
272400
272401
272402
272403
272413
272415
272416
272417
272419
272420
272421
272422
272424
272425
272426
272427
272429
272430
272431
272432
272433
272434
272435
272436
272441
272442
272443
272521
272522
272523
272576
272577
272578
272579
272580
272611
272634
272638
272639
272640
272641
272642
272901
272902
272903
272904
276106
276107
276108
276109
276110
276111
276112
276113
276114
276115
276116
276117
276123
276128
276133
276137
276138
276140
276141
276143
276144
276148
276149
276152
276166
276167
276170
276171
276172
276173
276468
276469
276470
276471
276472
276473
276474
276488
276489
276491
276492
276494
276495
276499
276500
276501
276502
276503
276504
276517
276518
276520
276521
276523
276531
276532
276545
276550
277398
277405
277406
277407
277409
277410
277412
277413
277414
277415
277416
277417
277418
277419
277420
277425
277426
277653
277654
277656
277658
277660
277661
277662
277667
277669
277671
277673
277674
277675
277914
277916
277918
277920
277921
277922
278235
278241
278242
278243
278247
278248
278250
278252
278254
278255
278256
278575
278576
278578
278580
278582
278583
279568
279570
279572
279574
279575
279576
279590
279591
279593
279595
279597
279598
279599
279613
279614
279616
279618
279621
279622
279627
279629
279906
279907
279909
279911
279913
279914
279915
284911
284921
284922
284923
284940
284943
284950
284951
284952
285505
285526
285528
285529
285530
286001
286002
286003
286004
286011
286012
286013
286229
286231
286232
286233
286234
286235
286236
286237
286246
286247
286248
286249
286250
286251
286252
286253
286254
286256
286258
286259
286260
286261
286262
286267
286268
286269
286273
286274
286275
286486
286487
286488
286489
286490
286491
286492
286493
286494
286495
286496
286497
286498
286499
286500
286501
286502
286503
286504
286505
286506
286513
286514
286515
286516
286518
286519
286520
286521
286522
286523
286524
286525
286526
286527
286528
286529
286530
286531
286532
286533
286534
286535
286536
286537
286538
286539
286540
286541
286542
286543
286544
286546
286547
286548
286549
286550
286551
286552
286553
286554
286556
286557
286778
286779
286780
286781
286783
286784
286785
286786
286787
286788
286789
286790
286791
286792
286793
286794
286795
286796
286797
286798
286799
286800
286801
286802
286803
286804
286805
286806
286807
286808
286809
286810
286811
286812
286813
286814
286815
286816
286817
286818
286819
286820
286821
286822
286823
286824
286825
286826
286827
286828
286829
286830
286831
286832
286833
286834
286835
286836
286837
286838
286839
286840
286841
286842
286843
286844
286845
286846
286847
286848
286849
286850
286851
286852
286853
286854
286855
286856
286857
286858
286859
286860
286861
286862
286863
286864
286865
287113
287114
287115
287116
287117
287118
287119
287120
287121
287122
287123
287124
287125
287126
287127
287128
287129
287130
287131
287132
287133
287134
287135
287136
287137
287414
287415
287416
287417
287418
287419
287420
287421
287422
287423
287424
287425
287426
287427
287429
287446
287447
287448
287449
287450
287451
287452
287453
287454
287455
287456
287457
287459
287460
287461
287462
287463
287464
287465
287466
287467
287468
287469
287470
287712
287713
287714
287715
287716
287717
287718
287719
287722
287723
287724
287725
287726
287727
287728
287731
287732
287733
287734
287735
287736
287737
287738
287741
287742
287743
287744
287745
287746
287747
288045
288046
288047
288048
288049
288050
288051
288052
288053
288054
288059
288060
288061
288062
288063
288064
288065
288066
288067
288068
288069
288070
288211
288212
288213
288214
288215
288216
288219
288220
288576
288577
288578
288579
288607
288608
288609
288784
288785
290302
290303
290878
290886
290909
290910
290918
290920
291155
291156
291178
291197
291198
291199
301632
301634
301635
301648
302097
302098
302099
302108
302109
302111
302118
302119
302120
302870
302871
302872
302873
302874
302875
302879
302880
302881
302882
302883
302884
302885
302886
302887
302894
302895
302896
302897
302898
302899
302985
302986
302987
302991
302992
302993
302994
302995
302996
311660
311661
311662
311663
311664
311665
311667
311668
311669
311670
311671
311672
311681
311682
311683
311684
311685
311686
311693
311727
311728
311729
311730
311941
311942
311943
311944
311945
311946
311948
311949
311950
311951
311952
311953
311962
311963
311964
311965
311966
311967
311969
311970
311971
311972
311973
312241
312242
312243
312244
312393
312394
312395
312396
312397
312399
312400
312401
312402
312403
312404
312413
312414
312415
312416
312417
312418
312420
312421
312422
312423
312424
312425
312434
312435
312436
312437
312438
312439
312441
312442
312443
312444
312445
312446
312455
312456
312457
312458
312459
312460
312462
312463
312464
312465
312466
312467
312480
312481
312482
312483
312484
312485
312487
312488
312489
312490
312491
312492
312648
312649
312650
312666
312667
312668
312671
312672
312673
312675
312676
312677
314261
314262
314263
314265
314266
314267
314271
314272
314277
314278
314279
314280
314281
314282
314283
314284
314285
314286
314287
314288
314293
314294
314295
314296
314297
314298
314299
314300
314301
314302
314303
314304
314345
314346
314347
314348
314349
314350
314351
314353
314354
314355
314356
314357
314358
314359
314360
314361
314362
314364
314367
314370
314371
314375
314378
314380
314385
314387
314388
314389
314390
314665
315329
315330
315331
315332
315333
315599
315603
315604
315605
315606
315608
316813
317050
317051
317052
317053
317060
317061
317062
317063
317064
317065
317066
317067
317068
317069
317070
317071
317072
317073
317074
317075
317076
317077
317308
317309
317310
317326
317327
317328
317340
317341
317342
317866
317869
317871
317875
317876
317880
317881
317882
317883
317886
317905
317906
317907
317908
317910
317911
317912
317913
317915
317916
317917
317918
317920
317921
317923
317924
317926
317927
317928
317929
317941
317942
317948
317952
317953
317954
317956
317957
317960
318653
318654
318655
318656
318658
318659
318660
318661
318663
318664
318665
318666
318668
318669
318670
318671
318672
318673
318674
318675
318689
318690
318691
318692
318694
318695
318696
318697
318699
318700
318701
318702
318704
318705
318706
318707
318708
318709
318710
318711
318712
318713
318714
318715
318729
318730
318731
318732
318734
318735
318736
318737
318739
318751
318752
318753
318754
318755
318756
318757
318759
318760
318761
318762
318986
318991
318992
318993
318995
318997
318999
319000
319001
319011
319016
319021
319024
319043
319044
319045
319047
319048
319049
319050
319052
319053
319054
319057
319058
319059
319060
319061
319062
319064
319065
319068
319087
319088
319089
319090
319091
319093
319094
319095
319096
319098
319099
319100
319101
319103
319104
319105
319106
319107
319108
319109
319110
319111
319112
319113
319114
319119
319120
319121
319122
319124
319125
319126
319127
319129
319130
319131
319132
319134
319135
319136
319296
319297
319298
319299
319301
319302
319303
319304
319306
319307
319308
319311
319312
319313
319314
319315
319316
319317
319318
319319
319321
319322
319331
319332
319333
319334
319335
319337
319338
319339
319340
319342
319343
319344
319345
319347
319348
319349
319350
319351
319352
319383
319386
319387
319388
319389
319390
319391
319392
319393
319419
319422
319426
319427
319430
319431
319432
319437
319438
319439
319440
319441
319442
319443
319454
319461
319462
319463
319464
319465
319467
319469
319472
319473
319475
319477
319478
319479
319480
319481
319482
319484
319486
319487
319488
319493
319494
319495
319496
319497
319498
319500
319501
319730
319731
319732
319733
319735
319736
319737
319738
319740
319741
319742
319743
319754
319756
319760
319762
319763
319797
319801
319802
319803
319804
319805
319806
319822
319827
319828
319833
319837
319838
320255
320256
320257
322831
326590
326591
326592
326596
326597
326598
326602
326603
326604
326831
326844
326845
326846
326848
326849
327352
327353
327354
327355
327356
327357
327358
327361
327363
327364
327365
327366
327367
327372
327373
327374
327375
327376
327377
327440
327611
327624
328001
328006
328007
328009
328014
328018
328019
328150
328383
328396
328397
328398
328688
328697
328698
328699
328701
328702
328703
328704
328705
328706
328707
328709
328710
328711
328712
328713
330772
330773
330777
330778
330803
330804
330805
330806
330807
330809
330813
330814
330817
330819
330820
330821
330822
330823
330824
330870
330871
330872
330873
330875
330876
330877
330878
330885
330886
330888
330890
330893
330914
330917
332500
332670
332671
332673
332870
332871
332875
332876
332880
332882
334186
334187
334205
334206
334209
334211
334212
334213
334215
334216
334217
334218
334219
334220
334223
334227
334229
334230
334231
334235
334236
334239
334240
334241
334242
334243
334297
334298
334300
334301
334302
334303
334304
334305
334310
334311
334312
335031
335032
335034
335035
335073
335074
335075
335076
335077
335078
335079
335080
335081
335082
335083
335084
335088
335089
335090
335091
335092
335093
335097
335098
335099
335100
335101
335102
335103
335104
335105
335106
335107
335108
335122
335123
335124
335125
335126
335127
335128
335129
335130
335131
335132
335133
335134
335135
335136
335137
335138
335139
335140
335141
335142
335143
335144
335145
335148
335149
335150
335151
335152
335153
335154
335158
335160
335161
335162
335163
335164
335165
335166
335167
335168
335169
335170
335171
335172
335173
335174
335175
335176
335177
335179
335181
335182
335183
335184
335185
335186
335187
335188
335189
335190
335191
335192
335193
335194
335195
335196
335197
335198
335199
335200
335201
335202
335203
335204
335217
335219
335394
335397
335468
335473
335474
335475
335476
335477
335478
335479
335480
335484
335485
335486
335487
335488
335489
335514
335515
335516
335517
335518
335519
335520
335521
335522
335523
335524
335525
335526
335527
335528
335529
335530
335531
335532
335533
335534
335535
335536
335537
335538
335539
335540
335541
335542
335543
335544
335545
335546
335547
335548
335549
335550
335551
335552
335553
335554
335555
335556
335557
335558
335559
335560
335561
335562
335563
335564
335565
335566
335567
335568
335569
335570
335571
335572
335573
335574
335575
335576
335589
335590
335592
335593
335594
335595
335596
335597
335598
335599
335600
338264
338265
338266
338267
338268
338269
338270
338271
338272
338273
338274
338275
338276
338277
338278
338279
338280
338281
338282
338283
338284
338285
338286
338287
338288
338289
338290
338291
338292
338293
338294
338295
338296
338297
338298
338299
338300
338301
338302
338303
338304
338305
338306
338307
338308
338309
338310
338311
338312
338313
338314
338315
338316
338317
338318
338319
338320
338321
338322
338323
338324
338325
338326
338327
338328
338329
338330
338331
338332
338333
338334
338335
338342
338343
338344
338345
338346
338347
338348
338349
338350
338351
338352
338353
338388
338389
338390
338391
338392
338393
338394
338395
338396
338397
338398
338404
338405
338406
338407
338413
338423
338424
338425
338759
338760
338761
338762
338763
338764
338765
338766
338767
338768
338769
338770
338771
338772
338773
338774
338775
338776
338777
338778
338779
338780
338781
338782
338786
338787
338788
338789
338790
338791
338792
338793
338794
338795
338796
338797
338798
338799
338800
338801
338802
338803
338804
338805
338806
338807
338808
338809
338810
338811
338812
338813
338814
338815
338816
338817
338818
338819
338820
338821
338822
338823
338824
338825
338826
338827
338828
338829
338830
338831
338832
338833
338834
338835
338836
338837
338838
338839
338840
338841
338842
338843
338844
338845
338846
338847
338848
338849
338850
338851
338852
338853
338854
338855
338856
338857
338861
338865
338866
338867
338868
338873
338875
338876
338877
338878
338879
338880
338881
338882
338883
338884
338885
338886
338887
338888
338889
338890
338891
338892
338893
338894
338895
338896
338897
338898
338899
338900
338901
338902
338903
338904
338905
338906
338907
338908
338909
338910
338911
338912
338913
338914
338915
338916
338917
338918
338919
338920
338921
338922
338923
338924
338925
338926
338927
338928
338929
338930
338937
338938
338939
338940
338941
338942
338949
338950
338951
338952
338953
338954
338955
338956
338957
338964
338965
338966
338967
338968
338969
338979
338980
338981
339069
339070
339071
339072
339073
339074
339075
339076
339077
339078
339079
339080
339081
339082
339083
339084
339085
339086
339087
339088
339089
339090
339091
339092
339093
339094
339095
339096
339097
339098
339412
339413
339414
339451
339452
339453
339454
339455
339456
339457
339458
339459
339460
339461
339462
339463
339464
339465
339466
339467
339468
339469
339470
339471
339472
339473
339474
339475
339476
339477
339478
339479
339480
339481
339482
339483
339484
339485
339486
339487
339488
339489
339490
339491
339492
339493
339494
339495
339496
339497
339498
339499
339500
339501
339502
339503
339504
339505
339506
339507
339508
339509
339510
339511
339512
339513
339514
339518
339519
339520
339521
339522
339523
339524
339525
339526
339527
339528
339529
339530
339531
339532
339533
339534
339535
339536
339537
339538
339539
339540
339541
339542
339543
339544
339545
339546
339547
339548
339549
339550
339551
339552
339553
339554
339555
339556
339557
339558
339559
339560
339561
339562
339563
339564
339565
339566
339567
339568
339569
339570
339571
339572
339573
339574
339575
339576
339577
339578
339579
339580
339581
339582
339583
339584
339585
339586
339587
339588
339589
339590
339591
339592
339593
339618
339619
339620
339621
339622
339623
339624
339625
339626
339627
339628
339629
339630
339631
339632
339633
339635
339636
339637
339638
339639
339824
339825
339826
339830
339833
339834
339835
339836
339888
339889
339890
339893
339894
339895
339900
339901
339904
339907
339911
339912
339913
339914
339915
339916
339917
339918
339919
339920
339921
339922
339923
339926
339928
339929
339932
339933
339934
339935
339936
339937
339938
339939
339940
339941
339942
339943
339944
339945
339946
339947
339954
339955
339956
339957
339958
339959
339963
339965
339966
339967
339968
339969
339970
339971
339972
339973
339974
339975
339976
339977
339978
339979
339980
339981
339982
339983
339984
339985
339986
339987
339988
339989
340564
340565
340566
340567
340568
340569
340570
340571
340572
340573
340574
340575
340576
340577
340578
340579
340580
340581
340582
340585
340586
340587
340588
340589
340590
340591
340592
340600
340601
340602
340603
340604
340605
340606
340607
340608
340609
340610
340611
340612
340613
340614
340623
340626
340627
340632
340633
340634
340635
340636
340637
340638
340639
340640
340641
340642
340643
340644
340645
340646
340647
340648
340649
340650
340668
340669
340670
340671
340672
340673
340674
340675
340676
340677
340806
340807
340808
340809
340810
340811
340812
340813
340814
340815
340816
340818
340819
340822
340823
340824
340825
340828
340829
340830
340831
340832
340834
340843
340844
340846
340847
340848
340849
340850
340851
340852
340853
340854
340855
340856
340878
340879
340880
340886
340887
340888
340889
340890
340891
340892
340893
340894
340895
340896
340897
340898
340899
340900
340901
340902
340903
340904
340905
340906
340907
340908
340909
340910
340936
340937
340938
340939
340940
340941
340942
340943
340944
340945
340946
340947
340948
341439
341440
341441
341442
341443
341444
341445
341446
341447
341448
341449
341450
341451
341452
341453
341456
341459
341460
341461
341463
341466
341467
341468
341470
341471
341473
341474
341475
341476
341477
341491
341492
341493
341496
341497
341498
341499
341500
341501
341502
341505
341508
341509
341511
341512
341528
341529
341530
341531
341536
341537
341538
341539
341540
341541
342777
342778
342779
342780
342781
342782
342783
342784
342785
342786
342787
342788
342789
342790
342791
342792
342794
342842
342844
342847
343098
343101
343104
343105
343106
343107
343108
343109
343110
343111
343112
343113
343120
343123
343126
343127
343128
343129
343130
343131
343132
343230
343231
343232
343233
343234
343236
343242
343244
343245
343246
343249
343251
343252
343421
343422
343423
343424
343425
343426
343427
343428
343431
343432
343433
343434
343435
343436
343437
343438
343439
343440
343441
343442
343443
343446
343447
343448
343449
343450
343451
343452
343453
343454
343455
343456
343457
343458
343459
343460
343461
343462
343463
343464
343465
343466
343467
343471
343472
343473
343474
343475
343476
343477
343478
343479
343480
343481
343486
343487
343488
343489
343490
343491
343492
343493
343494
343495
343496
343497
343498
343514
343515
343516
343517
343518
343519
343520
343521
343522
343523
343524
343525
343526
343528
343529
343530
343531
343532
343546
343547
343548
343549
343550
343551
343552
343555
343556
343557
343558
343559
343560
343561
343562
343563
343564
343565
343566
343567
343570
343571
343572
343782
343783
343784
343785
343786
343787
343788
343789
343790
343791
343792
343793
343794
343795
343796
343797
343849
343853
343854
343855
343856
343857
343858
343859
343860
343861
343862
343863
343885
343886
343887
343888
343892
343895
343896
343897
343898
343899
343900
343901
343902
344168
344169
344170
344171
344172
344173
344174
344175
344176
344177
344178
344179
344180
344181
344182
344183
344184
344185
344188
344189
344190
344191
344192
344193
344194
344195
344196
344199
344200
344202
344203
344204
344205
344207
344208
344209
344210
344211
344212
344213
344214
344215
344216
344217
344218
344219
344220
344221
344222
344223
344225
344226
344227
344228
344229
344230
344232
344233
344244
344245
344246
344247
344248
344249
344250
344251
344252
344253
344254
344255
344256
344257
344258
346780
346782
346783
347109
347110
347111
347119
347120
347151
347382
347383
347384
347675
347682
347684
347685
347688
347689
347693
347694
347699
347701
347702
347705
347706
347707
347708
347709
347717
347720
347724
347725
347726
347727
347939
347940
347943
347944
347948
347949
347950
347951
347952
347953
347954
347955
347956
347957
347958
347959
347960
347961
347963
347964
347965
347966
347967
347969
347970
347971
347972
347973
347978
347984
347985
347986
347987
347988
347989
347990
347991
347992
347993
347994
348004
348005
348032
348035
348036
348037
348038
348039
348040
348041
348042
348043
348047
348049
348050
348051
348052
348067
348068
348069
348070
348071
348072
348079
348081
348082
348083
348085
348086
348087
348088
348295
348298
348299
348300
348301
348302
348303
348304
348305
348306
348307
348308
348309
348310
348311
348312
348313
348314
348315
348316
348317
348318
348319
348320
348321
348322
348323
348324
348325
348326
348327
348328
348329
348330
348331
348332
348333
348334
348335
348336
348337
348339
348340
348341
348342
348343
348344
348345
348346
348347
348348
348349
348350
348351
348352
348353
348354
348355
348356
348357
348358
348728
348729
348730
348731
348732
348733
348734
348737
348738
348740
348741
348744
348754
348758
348765
348767
348770
348771
348772
348773
348774
348775
348776
348777
348778
348779
348780
348781
348783
348784
348785
348786
348787
348788
348789
348790
348791
348792
348793
348794
348795
348796
348797
348798
348799
348800
348801
348802
348804
349201
349202
349203
349204
349205
349206
349207
349208
349209
349210
349211
349212
349213
349214
349215
349216
349217
349218
349219
349220
349221
349222
349223
349224
349225
349226
349227
349228
349229
349230
349231
349232
349233
349234
349235
349236
349238
349239
349240
349242
349243
349244
349245
349246
349247
349248
349249
349250
349251
349252
349253
349254
349255
349257
349258
349259
349260
349261
349262
349263
349265
349266
349267
349268
349269
349273
349274
349275
349276
349278
349279
349280
349281
349282
349283
349284
349658
349659
349660
349661
349662
349663
349664
349665
349666
349667
349668
349669
349670
349671
349672
349674
349675
349676
349677
349678
349683
349685
349686
349687
349693
349695
349697
349698
349699
349700
349702
349703
349708
349711
349712
349713
349718
349722
349724
349725
349726
349727
349728
349733
349738
350071
350073
350074
350075
350076
350077
350078
350079
350080
350081
350082
350083
350084
350085
350086
350087
350088
350089
350090
350091
350094
350095
350098
350099
350100
350101
350102
350103
350104
350105
350106
350107
350108
350109
350110
350111
350466
350467
350471
350472
350473
350475
350476
350477
350478
350479
350493
350494
350495
350496
350497
350499
350500
350501
350807
350816
350817
350818
350819
350820
350835
351564
351754
351757
351770
352034
352035
352036
352037
352039
352040
352041
352042
352044
352045
352046
352049
352050
352051
352052
352280
352283
352284
352286
352288
352289
352290
352292
352294
352295
352296
352298
352300
352301
352302
352304
352306
352307
352308
352310
352312
352313
352314
352316
352318
352319
352320
352322
352324
352325
352326
352328
352330
352331
352332
352334
352336
352337
352338
352340
355040
356572
356573
358365
359108
359148
359303
359628
359674
359676
359681
359715
359751
361336
363129
363130
363131
363132
363133
363134
363135
363136
363137
363138
363139
366934
366935
366937
366938
366940
366941
366945
366946
366947
366948
366949
366950
366952
366953
366954
366956
366957
366959
366960
366966
366967
366968
366969
368789
368790
368791
368792
368793
368844
368845
368846
368847
368848
370663
370665
370666
370904
370905
370906
370907
370908
370909
370910
370911
370912
370913
370914
370915
370916
370917
370918
370921
370922
370923
370924
370925
370926
370927
370928
370929
370930
370931
370932
370933
370934
370935
371135
371136
371137
371138
371139
371140
371141
371142
371164
371165
371166
371167
371168
371169
371693
371721
371726
371745
380906
380907
380908
380909
380910
380912
380913
380914
380915
380917
380918
380919
380920
380922
380923
380924
380925
380926
380927
380928
380929
380930
380931
380933
382254
384637
384638
384639
384640
385199
385570
385571
385572
385573
385658
385659
385662
385664
385665
385702
386625
386626
386627
386628
386629
388849
388850
388851
388852
388853
388855
388856
388857
388858
388860
388861
388862
388863
388865
388866
388867
388868
388869
388870
388871
388872
388873
388875
388876
391271
396644
396739
396741
396742
396743
396744
396745
396747
396748
396799
396800
396801
396802
396803
396804
396805
396806
400754
405578
405579
405580
405581
405586
405591
405598
405599
405600
408406
416019
416020
416021
416022
418166
418167
418168
418169
418171
418175
418190
418253
418262
418265
418267
418268
418287
418288
418290
418291
418292
419108
419109
419113
419124
419125
421623
421624
421625
421628
421629
421634
421635
421640
421641
421648
421846
421847
421848
421849
421850
421851
421855
421857
421858
421859
421861
421863
421865
421866
421867
421881
421882
421883
421884
421885
421887
421888
421889
421890
421892
421893
421894
421895
421897
421898
421899
421900
421901
421902
421903
421904
421905
421907
421912
421913
421915
421917
421919
421920
421921
421931
421932
421933
421934
421935
421937
421938
421939
421940
421942
421943
421944
421945
421947
421948
421949
421950
421951
421952
422173
422174
422175
422176
422178
422179
422180
422181
422183
422184
422185
422186
422187
422188
422199
422201
422203
422205
422206
422207
422211
422212
422214
422216
422218
422219
422220
422229
422230
422231
422232
422233
422235
422236
422237
422238
422240
422241
422242
422243
422245
422246
422247
422248
422260
422261
422262
422263
422264
422266
422267
422268
422269
422271
422272
422273
422274
422276
422277
422278
422280
422281
422291
422292
422293
422294
422295
422296
422297
422298
422299
422300
422301
422302
422470
422478
422479
422480
422481
422482
422483
422484
422485
422496
422497
422498
422499
422500
422502
422503
422504
422505
422509
422510
422517
422519
422520
422521
422523
422863
422864
422865
422866
422868
422869
422870
422871
422873
422874
422875
422876
422878
422879
422880
422881
422882
422883
422884
422885
422886
422904
422906
422912
422913
423095
423097
423099
423101
423102
423103
423107
423108
423428
423430
423431
423432
423433
423434
423435
423442
426604
426605
426606
426950
426951
426952
426953
426954
426955
426956
426957
426958
428485
428486
428487
428488
428489
428526
428527
428528
428529
429220
429222
429224
429225
429227
429415
429416
429417
429420
429723
429725
434789
434790
434791
434792
434793
436673
436675
436677
436679
436681
436683
436685
436687
436689
436691
436693
436695
436697
436699
436701
436703
436972
436974
436978
436980
436985
436987
436989
436991
436997
436999
437001
437003
437899
437901
437903
438366
438373
438374
438376
438377
438378
438379
442430
442431
442432
442433
442434
442435
442900
442901
442902
442904
442905
443187
443189
443191
443193
444034
444035
444036
444037
444039
444041
444042
444046
444058
444077
444078
444079
444080
444081
444087
444088
444091
444586
444587
444592
444593
444596
444597
444599
444602
444603
444605
444607
444609
446259
446260
446268
446269
446270
446271
446272
446273
446278
446279
446280
446282
447000
447001
447002
447142
447143
447332
447333
447334
447335
447336
447670
447671
447672
447674
447675
447676
447677
447678
447679
447691
447692
447693
447694
447695
447696
447697
447698
447699
447700
447701
447702
447703
447704
447716
447717
447718
447719
447720
447721
447722
447723
447724
447725
447726
447727
447728
447729
447730
447741
447742
447743
448842
448843
448844
448845
448846
448848
448849
448850
448851
448852
448854
448855
448856
448857
448858
448860
448861
448862
448863
448864
449438
449439
449440
449441
449442
449443
450088
450089
450090
450091
450092
450093
450418
450428
450430
450433
450434
450435
450436
450439
450440
450441
450442
450444
450445
450447
450448
450463
450464
450465
450467
450468
450469
450470
450471
450521
450522
450523
450526
450527
450535
450537
450538
450541
450542
450543
450544
450545
450549
450550
450551
450552
450553
450554
450859
450865
450866
450867
450868
450869
450870
450871
450872
450875
450876
450877
450878
450886
450893
450894
450895
450896
450899
450901
450903
450904
450905
450906
450907
450908
450911
450969
450970
450972
450973
450974
450975
450976
450978
450979
450982
450983
450984
450986
451570
451602
451603
451605
451614
451615
451616
451617
451618
451619
451620
451621
451625
452230
452231
452232
452233
452242
452243
452244
452245
452246
452248
452249
452363
452366
452367
452372
452373
452376
452377
452378
452380
452381
452382
452383
452384
452385
452386
452387
452388
452389
452390
454201
454202
454204
454205
454206
454208
454216
454223
454224
454226
454227
454228
454229
454230
454231
454232
454233
454244
454247
454249
454250
454251
454252
454253
454254
454255
454256
454261
454262
454263
454264
454265
454266
454267
454268
454269
454270
454271
454272
454273
454274
454275
454276
454281
454910
454911
454912
454913
454914
454915
454927
454928
454929
456024
456025
456026
456027
456028
456029
456030
456031
456032
456046
456047
456048
456049
456050
456051
456052
456053
456090
456091
456092
456093
456094
456095
456096
456097
456098
456099
456100
456101
456108
456109
456110
456111
456112
456113
456114
456115
456116
456117
456118
456119
456122
456123
456124
456156
456157
456158
456159
456160
456161
456162
456163
456164
456165
456166
456167
456174
456175
456176
456177
456179
456180
456181
456182
456183
456184
456188
456189
456190
456191
456192
456195
456196
456197
456198
456199
456200
456201
456202
456203
456204
456205
456207
456208
456209
456210
456211
456212
456214
456215
456216
456217
456218
456219
456221
456224
456225
456226
456228
456230
456237
456238
456239
456240
456241
456242
456243
456244
456245
456246
456247
456248
456255
456256
456257
456258
456259
456260
456261
456262
456263
456264
456265
456266
456267
456268
456269
456270
456271
456272
456273
456274
456275
456276
456277
456278
456285
456286
456287
456288
456289
456290
456291
456292
456293
456294
456295
456296
456303
456304
456305
456306
456307
456308
456309
456310
456311
456312
456313
456314
456315
456316
456317
456318
456319
456320
456321
456322
456323
456324
456330
456332
456334
456335
456336
456337
456338
456339
456340
456343
456344
456345
456346
456347
456353
456354
456356
456357
456358
456788
456789
456791
456792
456793
456794
456795
456799
456868
456869
456870
456872
456873
456874
456875
456876
456877
456878
456879
456881
456882
456883
456884
456885
456886
456887
456888
456889
456890
456891
456892
456899
456900
456903
456906
456907
456909
456910
456911
456912
456913
456914
457190
457191
457192
457197
457200
457202
457207
457210
457211
457237
457241
457245
457246
457247
457256
457272
457275
457276
457282
457292
457295
457296
457297
457300
457301
457302
457306
457307
457780
457781
457782
457783
457784
457785
457786
457787
457800
457801
457802
457803
457804
457805
457806
457807
457810
457811
457812
457813
457822
457823
457824
457825
457828
457829
457830
457831
457832
457833
457834
457835
457846
457847
457848
457849
457850
457851
457852
457853
457854
457855
457856
457857
457858
457859
458367
458369
458371
459116
459117
459118
459442
459443
459444
459445
459446
459447
459448
459449
459450
459451
459457
459458
459460
459461
459702
459706
459708
459709
459711
463870
465145
465146
465147
465148
465149
465150
465166
465175
465184
465186
465187
465188
465189
465190
465191
465192
465193
465194
465195
465196
465197
465198
465199
465200
465201
465202
465203
465204
465205
465206
465207
465208
465209
465210
465211
465212
465213
465214
465215
465216
465217
465564
465573
465574
465577
465583
465584
465586
469037
469122
469124
469371
469372
475910
477763
479293
479322
479323
479324
479352
479353
479354
479711
479736
479774
480131
480132
480138
480139
480140
480361
483631
483632
483633
483635
483636
483637
483638
483639
483640
483641
483642
483643
483644
483645
483646
483647
483648
483649
483650
483651
483652
483653
483654
483659
483660
483663
483664
483665
483666
483667
483668
483669
483670
483671
483672
483689
483690
483691
483693
483694
483695
483696
483697
483698
483703
483704
483705
483706
483707
483708
483709
483710
483711
483712
483713
483714
483731
483750
483751
483752
483753
483754
483755
483756
483757
483758
483759
483760
483761
483762
483763
483764
483765
483766
483767
483768
483769
483770
483771
483772
483773
483774
483775
483776
483777
483778
483779
483780
483781
483782
483783
483814
483815
483816
483817
483818
483819
483820
483821
483823
483947
483948
484196
484198
486087
486108
487527
488138
488139
488140
488141
488142
488143
488145
488146
488147
488148
488149
488150
488152
488154
488159
488160
488161
488162
488163
488164
488165
488166
488168
488170
488174
488175
488176
488178
488179
488181
488190
488194
488195
488196
488197
488198
488199
488200
488201
488202
488203
488204
488205
488803
489132
489899
491515
491516
491517
491519
491520
491521
491522
491525
491526
491527
491529
491530
491531
491532
491533
491534
491535
491536
491537
491538
491539
491546
491547
491548
491553
491555
491556
491557
491558
491561
491562
491563
491564
491565
491566
491567
491568
491569
491570
491571
491575
491576
491577
491578
491579
491581
491582
491583
491584
491586
491587
491588
491589
491591
491592
491593
491594
491598
491601
491602
491630
491633
491634
491635
491637
491638
491639
491642
491645
496316
497062
497063
497064
497065
497066
497067
497068
497069
497089
497090
497091
497092
497093
497094
497095
497096
497097
497098
497099
497101
497102
497103
497104
497105
497106
497107
497108
497109
497110
497111
497112
497113
497114
497115
497116
497117
497118
497119
497120
497121
497122
497123
497124
497125
497126
497127
497128
497129
497130
497131
497132
497133
497134
497135
497136
497137
497138
497139
497140
497141
497142
497143
497144
497145
497146
497147
497148
497149
497150
497151
497152
497153
497154
497155
497156
497157
497160
497161
497164
497165
497166
497167
497168
497169
497170
497171
497177
497178
497179
497180
497181
497182
497183
497184
497185
497186
497187
497188
497189
497190
497191
497192
497193
497196
497197
497198
497199
497200
497201
497202
497203
497204
497205
497207
497208
497209
497210
497211
499718
499719
499720
499721
499722
499724
499725
499726
499727
499729
499730
499731
499732
499734
499735
499736
499740
499741
499742
499743
499744
499745
499746
499747
499748
500038
500039
500040
500041
500255
500256
500261
500262
500263
503000
503494
503529
503536
503546
505968
505969
505970
505971
505972
505973
505974
505975
505976
505977
505978
505979
505980
505981
505982
505983
505984
505985
505986
505987
505988
505989
505990
505991
505992
505993
505994
505995
505996
505997
505998
505999
506000
506001
506002
506003
506004
506005
506006
506007
506008
506009
506010
506011
506012
506013
506015
506016
506017
506018
506019
506020
506021
506023
506026
506027
506028
506029
506030
506031
506032
506033
506034
506035
506036
506037
506038
506039
506040
506041
506042
506043
506044
506045
506046
506047
506048
506049
506050
506051
506052
506053
506054
506055
506056
506057
506058
506059
506060
506061
506062
506063
506064
506065
506066
506067
506068
506069
506070
506071
506072
506073
506074
506075
506076
506077
506078
506079
506080
506081
506082
506083
506105
506106
506107
506108
506109
506110
506111
506268
506269
506271
506280
506281
506282
506283
506284
506285
506286
506287
506288
506289
506290
506291
506292
506293
506294
506295
506296
506299
506300
506301
506302
506303
506304
506305
506306
506307
506308
506309
506310
506311
506312
506313
506314
506315
506324
506325
506326
506327
506330
506336
506337
506338
506339
506344
506345
506347
506356
506357
506358
506359
506360
506361
506362
506363
506364
506365
506366
506367
506368
506369
506370
506371
506372
506375
506376
506377
506378
506379
506380
506381
506382
506383
506384
506385
506386
506388
506389
506390
506391
506400
506401
506402
506403
506405
506412
506413
506414
506415
506433
506657
506658
506659
506727
506728
506729
506730
506731
506732
506735
506736
506740
506741
506742
506743
506744
506745
506746
506748
507534
507535
507536
507537
507540
507541
507808
507820
507847
507848
507863
507869
507870
507871
507879
508133
508134
508137
508138
508139
508140
508141
508142
508143
508864
508865
508866
508867
508868
508870
508871
508873
508875
509057
512678
512682
512683
512684
512685
512686
512687
512688
512689
512690
512691
512692
512693
512694
512695
512696
512697
512698
512699
512700
512701
512702
512703
513063
513064
513065
513066
513067
513068
513069
513070
513071
513073
513075
513606
513607
513608
513609
514142
516078
516079
516080
516081
516082
516083
516084
516085
516086
516087
516088
516089
516090
516091
516092
516093
516094
516095
516096
516097
516098
516099
516100
516101
516102
516103
516104
516105
516106
516107
516108
516109
516110
516111
516112
516113
516114
516115
516116
516117
516118
516119
516120
516121
516122
516123
516124
516125
516126
516127
516128
516129
516130
516131
516133
516135
516136
516137
516140
516141
516143
516144
516145
516150
516151
516153
516154
516155
516156
516157
516158
516159
516160
516161
516162
516163
516164
516165
516166
516167
516168
516169
516170
516171
516172
516173
516174
516175
516176
516177
516178
516179
516180
516181
516182
516183
516184
516186
516188
516189
516462
516471
516476
516477
516479
516480
516481
516483
516484
516485
516486
516487
516488
516489
516490
516491
516492
516493
516494
516495
516496
516497
516498
516499
516500
516501
516502
516504
516505
516506
516507
516508
516511
516517
516521
516522
516525
516574
516575
516576
516578
516580
516851
516852
516853
516854
516855
516856
516858
516859
516860
516861
516862
516863
516864
516865
516866
516867
516868
516869
516870
516871
516872
516873
516874
516875
516876
516877
516878
516879
516880
516881
516882
516883
516884
516885
516886
516887
516888
516889
516890
516891
516892
516893
516894
516895
516896
516897
516898
516899
516900
516901
516902
516903
516904
516905
516906
516907
516908
516909
516910
516911
516912
516913
516914
516915
516916
516917
516918
516919
516920
516921
516922
516923
516924
516927
516928
516929
516930
516931
516932
516933
516934
516935
516936
516937
516938
516939
516940
516941
516942
516943
516944
516945
516946
516947
516948
516949
516950
516951
516952
516953
516955
516956
516957
516958
516959
516960
516961
516962
516963
516964
516965
516966
516967
516968
516969
516970
516971
516972
516973
516974
516975
516976
517118
517119
517120
517121
517125
517126
517127
517156
517157
517158
517159
517160
517161
517162
517164
517165
517166
517167
517203
517204
517205
517206
517207
517208
517209
517210
517212
517213
517214
517215
517216
517217
517218
517219
517220
517221
517222
517225
517226
517227
517228
517229
517230
517231
517232
517233
517234
517235
517236
517237
517238
517239
517240
517243
517244
517245
517246
517247
517248
517250
517252
517253
517254
517255
517256
517257
517258
517259
517260
517261
517263
517264
517265
517266
517267
517268
517269
517270
517271
517272
517273
517274
517275
517276
517277
517278
517279
517280
517281
517282
517283
517284
517287
517288
517289
517290
517291
517292
517293
517294
517295
517296
517297
517298
517299
517300
517301
517302
517303
517304
517305
517306
517307
517308
517309
517311
517312
517313
517314
517315
517316
517317
517318
517319
517320
517465
517466
517469
517470
517471
517472
517485
517486
517487
517490
517491
517492
517495
517496
517497
517505
517506
517507
517508
517509
517510
517511
517512
517513
517551
517552
517553
517554
517555
517556
517557
517558
517559
517560
517562
517563
517564
517565
517566
517567
517568
517570
517572
517574
517575
517576
517581
517582
517585
517586
517587
517589
517590
517591
517592
517593
517595
517596
517597
517598
517599
517600
517601
517602
517603
517604
517606
517607
517608
517609
517610
517611
517612
517613
517614
517615
517616
517617
517618
517619
517620
517621
517622
517623
517624
517625
517626
517629
517630
517631
517632
517633
517634
517635
517637
517638
517639
517640
517641
517642
517643
517644
517645
517647
517648
517649
517650
517651
517652
517653
517654
517655
517656
517657
517658
517659
517660
517661
517662
517665
517666
517668
517670
517815
517816
517817
517821
517822
517823
517824
517825
517826
517839
517840
517841
517844
517845
517846
517849
517850
517851
517859
517860
517862
517863
517864
517865
517866
517867
517888
517889
517890
517891
517892
517893
517894
517895
517896
517897
517899
517900
517901
517902
517903
517904
517905
517906
517907
517908
517909
517910
517911
517912
517913
517914
517915
517916
517917
517918
517919
517920
517921
517922
517923
517924
517925
517926
517927
517928
517929
517930
517931
517932
517933
517934
517935
517936
517938
517939
517940
517941
517942
517943
517944
517945
517946
517947
517948
517949
517950
517951
517952
517953
517954
517955
517960
517961
517963
517964
517965
517966
517967
517968
517969
517970
517971
517972
517973
517974
517975
517976
517977
517978
517979
517980
517981
517982
517983
517984
517985
517986
517987
517988
517989
517990
517994
517995
517996
517997
517999
518002
518003
518004
518005
518006
518007
518008
518009
518142
518143
518145
518146
518147
518149
518150
518151
518153
518154
518155
518205
518206
518207
518210
518211
518212
518216
518217
518223
518224
518225
518226
518227
518228
518229
518230
518231
518232
518233
518234
518433
518434
518438
518439
518443
518444
518453
518455
518456
518457
518460
518461
518465
518468
518469
518472
518473
518484
518485
518488
518489
518500
518501
518504
518505
518508
518509
518512
518513
518516
518517
518520
518521
518540
518541
518544
518545
518576
518577
518580
518581
518584
518585
518589
518590
518593
518594
518595
518847
518848
518849
518852
518853
518856
518857
518860
518861
518864
518868
518869
518872
518873
518876
518877
518880
518881
518884
518885
518896
518897
518900
518901
518904
518905
518908
518909
518912
518913
518916
518917
518920
518921
518924
518925
518928
518929
518932
518933
518936
518937
518940
518941
518944
518945
518948
518949
518952
518953
518956
518957
518960
518961
518964
518965
518968
518969
518972
518973
518976
518977
518980
518981
518996
518997
519005
519007
519008
519009
519220
519221
519222
519223
519224
519225
519226
519227
519228
519230
519231
519807
519808
519809
519838
519839
519840
519842
519851
520059
520060
520061
520062
520063
520064
520065
520066
520067
520068
520069
520070
520071
520072
520073
520074
520075
520076
520077
520078
520079
520083
520084
520085
520090
520091
520095
520096
520097
520102
520103
520107
520108
520109
520126
520127
520403
520404
520405
520406
520407
520408
520409
520410
520411
520412
520413
520414
520415
520416
520417
520418
520419
520420
520421
520422
520423
520424
520425
520426
520427
520428
520429
520430
520431
520432
520433
520434
520435
520436
520437
520438
520439
520440
520441
520442
520443
520444
520445
520446
520447
520448
520449
520450
520451
520452
520453
520454
520455
520456
520457
520458
520459
520463
520464
520493
520494
520495
520499
520500
520501
520505
520506
520507
520511
520512
520513
520517
520518
520519
520523
520524
520525
520529
520530
520531
520535
520536
520537
520784
520786
520787
520788
520789
520790
520791
520792
520793
520794
520795
520796
520797
520798
520799
520800
520801
520802
520803
520804
520805
520806
520807
520808
520809
520810
520811
520812
520813
520814
520815
520816
520817
520818
520819
520820
520821
520822
520823
520824
520825
520826
520827
520828
520829
520830
520831
520832
520833
520834
520835
520836
520837
520838
520839
520840
520841
520842
520843
520844
520845
520846
520847
520848
520849
520850
520851
520852
520853
520854
520855
520856
520857
520858
520859
520860
520861
520862
520863
520868
520869
520870
520874
520875
520880
520881
520887
520888
520892
520893
520894
520898
520899
520900
520904
520905
520906
520910
520911
520912
520916
520917
520918
520922
520923
520924
520928
520929
520930
521183
521184
521185
521187
521188
521189
521190
521191
521192
521193
521194
521195
521196
521197
521198
521199
521200
521201
521202
521203
521204
521205
521206
521207
521208
521209
521210
521211
521212
521213
521214
521215
521216
521217
521218
521219
521220
521221
521222
521223
521224
521225
521226
521227
521228
521229
521230
521231
521232
521233
521234
521235
521236
521237
521238
521239
521240
521241
521242
521243
521244
521245
521246
521247
521248
521249
521250
521251
521252
521253
521254
521255
521256
521257
521258
521259
521260
521261
521262
521263
521264
521265
521266
521267
521268
521269
521270
521271
521272
521273
521274
521275
521276
521277
521278
521279
521280
521281
521282
521283
521284
521285
521286
521287
521288
521289
521290
521291
521292
521293
521294
521295
521296
521297
521298
521302
521303
521304
521308
521309
521310
521314
521315
521316
521319
521320
521321
521322
521326
521327
521328
521332
521333
521334
521338
521339
521340
522461
522462
522463
522464
522465
522466
522467
522468
522469
522470
522471
522472
522473
522474
522475
522495
522496
522497
522498
522500
522501
522502
522503
522505
522506
522507
522508
522510
522511
522512
522513
522518
524024
524025
524026
524027
524030
524031
524032
524033
524036
524037
524038
524039
524044
524045
524048
524049
524050
524051
525852
525853
525854
525855
525856
525857
525992
525993
525994
525996
525997
533663
533665
533666
533667
533670
533671
533674
533677
533681
533682
533683
533686
534006
534007
534008
534009
534011
534012
534013
534014
534016
534017
534018
534019
534020
534021
534022
534023
534024
534025
534026
537929
537932
537933
537934
537935
537936
537937
537938
537939
537940
537941
537942
537944
537945
537946
537947
537948
537949
537950
537951
537952
537953
537954
537955
537956
537957
537958
537959
537960
537961
537962
537970
537971
537972
537973
537980
542652
542665
542669
542672
542674
542675
542676
542677
542678
542687
542688
545430
545437
545438
545441
545442
545447
545448
545449
545450
545451
545452
545453
545454
545455
545456
545457
545458
545459
545460
545461
545462
545931
546868
546876
546878
546879
546880
546881
546882
546883
546887
546965
546966
546967
546968
546969
546970
546971
546972
546973
546974
546975
546976
546977
546978
546979
546980
546981
546982
546983
546984
546985
546986
546987
546988
546989
546990
546991
546992
546994
547376
547377
547378
547379
547389
547390
547396
547397
547398
547399
547921
547923
547925
547926
547931
547933
547935
547936
547937
548042
548044
548046
548372
548373
548374
548375
548376
548377
548378
548379
548380
548381
548382
548383
548384
548385
548386
548387
548388
548389
548391
548397
548398
548399
548402
548407
548408
548574
548575
548576
548583
548584
548592
549377
549401
549402
549404
549405
549415
549416
549417
549418
549419
549420
549421
549422
549423
549424
549425
549426
549427
549428
549429
549430
549431
549432
549433
549434
549437
549438
549439
549440
549441
549442
549443
549444
549445
549446
549447
549448
549449
549450
549451
549452
549453
549454
549455
549456
549457
549458
549459
549460
549461
549462
549463
549464
549465
549466
549467
549468
549469
549470
549471
549472
549473
549474
549475
549476
549477
549478
549479
549480
549481
549482
549483
549484
549485
549486
549487
549488
549489
549491
549492
549493
549494
549495
549496
549497
549498
549499
549500
549501
549502
549503
549504
549505
549506
549507
549508
549509
549510
549511
549512
549513
549514
549515
549516
549517
549518
549519
549520
549521
549522
549523
549524
549525
549527
549528
549529
549531
549532
549533
549534
549535
549536
549537
549538
549539
549540
549541
549542
549543
549544
549545
549546
549547
549548
549550
549552
549554
549556
549558
549560
549562
549563
549564
549566
549568
549570
549572
549578
549580
549582
549584
549586
549588
549590
549592
549603
549605
549607
549609
549613
549615
549617
549627
549629
549631
549633
549635
549637
549639
549641
549643
549645
549647
549649
549651
549653
549655
549657
549830
549840
549844
549846
549848
549850
549851
549852
549853
549856
549858
549861
549862
549863
549864
549865
549866
549876
549877
549878
549879
549880
549881
549882
549885
549886
549887
549888
549889
549890
549891
549892
549893
549894
549895
549896
549897
549898
549899
549900
549901
549902
549903
549904
549905
549906
549907
549908
549909
549910
549911
549912
549913
549914
549915
549916
549917
549918
549919
549920
549921
549922
549923
549924
549925
549926
549927
549928
549929
549930
549931
549932
549933
549934
549937
549939
549940
549941
549942
549943
549945
549946
549947
549948
549949
549950
549951
549952
549953
549954
549955
549958
549959
549961
549962
549963
549964
549965
549966
549967
549968
549969
549970
549971
549972
549973
549974
549975
549976
549977
549978
549979
549980
549981
549982
549983
549984
549985
549986
549987
549988
549989
549990
549991
549992
549993
549994
549995
549996
549997
549998
549999
550000
550002
550003
550005
550007
550024
550025
550026
550027
550028
550030
550031
550032
550033
550034
550035
550036
550037
550038
550039
550040
550041
550042
550043
550044
550047
550048
550049
550050
550051
550052
550053
550055
550057
550058
550059
550061
550074
550076
550078
550080
550082
550084
550086
550110
550112
550114
550116
550311
550313
550314
550316
550318
550320
550321
550322
550323
550324
550325
550326
550327
550328
550329
550330
550331
550332
550333
550334
550335
550336
550337
550339
550340
550341
550342
550343
550344
550345
550346
550347
550348
550358
550359
550360
550361
550362
550363
550364
550369
550370
550372
550373
550374
550375
550376
550377
550378
550379
550382
550383
550384
550385
550386
550387
550388
550389
550390
550391
550392
550395
550398
550399
550400
550401
550402
550403
550404
550405
550407
550410
550411
550412
550414
550415
550436
550437
550438
550439
550440
550441
550442
550445
550459
550460
550465
550484
550486
550487
550488
550489
550490
550491
550492
550493
550494
550495
550496
550497
550498
550499
550500
550501
550510
550511
550517
550519
550528
550534
550545
550546
550547
550548
550596
550604
550610
550613
550614
550617
550618
550622
550624
550628
550629
551183
551184
551185
551186
551199
551200
551201
551202
551351
551352
551353
551354
551355
551356
551370
551373
551655
551656
551657
551658
551659
551660
551661
551662
551663
551664
551665
551666
551667
551668
551669
551670
551671
551672
551674
551675
551676
551677
551678
551679
551680
551681
551682
551683
551684
551685
551686
551687
551688
551689
551690
551718
551719
551720
551721
551722
551723
551724
551725
551728
551729
551730
551731
551732
551733
551734
551735
551736
551737
551738
551741
551742
551743
551744
551745
551746
551747
551999
552000
552001
552002
552003
552004
552005
552006
552007
552008
552009
552010
552011
552012
552013
552044
552045
552051
552052
552053
552054
552055
552056
552057
552058
552059
552060
552061
552062
552063
552064
552065
552066
552067
552068
552069
553832
553835
553836
553837
553840
553841
553842
553843
553844
553845
553846
553847
553848
553849
553850
553851
553852
553853
553854
553855
553856
553857
553858
553859
553860
553861
553862
553863
553864
553865
553866
553875
553876
553877
553878
553879
553880
553881
553882
553884
553885
553886
553887
553888
553889
553890
553891
553892
553893
553894
553895
553896
553897
553898
553899
553900
553901
553902
553903
554032
554033
554034
554038
554039
554040
554041
554042
554045
554046
554047
554048
554049
554050
554052
554053
554054
554055
554056
554057
554058
554059
554060
554061
554062
554063
554064
554065
554066
554067
554177
554178
554179
554180
554181
554182
554183
554184
554185
554186
554187
554188
554190
554191
554193
554197
554199
554200
554204
554206
554209
554211
554212
554213
554214
554215
554217
554224
554226
554227
554229
554230
554233
554234
554235
554236
554237
554238
554239
554240
554241
554242
554243
554244
554245
554246
554247
554248
554249
554250
554251
554252
554253
554254
554255
554256
554257
554258
554259
554260
554261
554262
554263
554264
554265
554266
554267
554268
554269
554270
554271
554272
554273
554274
554275
554276
554277
554278
554279
554280
554281
554283
554288
554295
554296
554301
554303
554304
554305
554307
554308
554309
554310
554311
554312
554313
554314
554315
554316
554317
554318
557559
557560
557561
557562
557563
557564
557565
557566
557567
557568
557924
557925
557926
558134
558135
558274
558276
558277
558515
558516
558517
558518
558519
558520
558521
558522
558523
558524
558525
558526
558527
558528
558529
558530
558531
558532
558533
558535
558536
558537
558538
558540
558541
558542
558543
558544
558545
558546
558547
558548
558549
558550
558552
558553
558554
558555
558556
558557
558559
558560
558561
558562
558563
558564
558565
558566
558567
558568
558569
558570
559098
559099
559100
559101
559103
559105
559106
559107
559108
559109
559110
559111
559112
559113
559114
559126
559128
559129
559130
559131
559132
559133
559134
559135
559136
559137
559138
559139
559188
559189
559190
559191
559192
559193
559194
559195
559196
559197
560159
560160
560164
560321
560841
560844
560845
560846
561052
561053
561054
561055
561056
561057
561058
561059
561118
561777
561793
561794
561795
561796
561797
561800
561801
561802
561803
561809
561810
561811
561812
561813
561819
561820
561821
561822
561823
561830
561831
561833
561840
562025
562026
562027
562028
562029
562030
562031
562032
562033
562034
562040
562041
562042
562043
562044
562062
562063
562064
562262
562269
562792
562793
562794
562795
562796
562797
562798
562799
562800
562801
562802
562803
562804
562805
562806
562807
562808
562810
562814
562815
562816
562817
562818
562819
562824
562826
562827
562828
562833
562838
562848
562851
562860
562865
562866
562867
562868
562869
562870
563080
563081
563083
563084
563086
563087
563088
563089
563090
563091
563092
563093
563094
563095
563096
563097
563098
563099
563100
563101
563102
563103
563104
563105
563106
563107
563108
563109
563110
563111
563112
563113
563114
563115
563116
563117
563118
563119
563120
563121
563122
563123
563124
563129
563130
563131
563132
563133
563134
563135
563136
563137
563138
563139
563140
563141
563142
563143
563144
563145
563146
563147
563148
563149
563150
563151
563152
563153
563154
563155
563156
563157
563158
563160
563161
563162
563163
563164
563165
563166
563167
563170
563171
563172
563173
563174
563180
563196
563197
563198
563199
563200
563201
563202
563203
563204
563205
563206
563207
563208
563211
563212
563213
563219
563220
563221
563222
563232
563234
563239
563242
563243
563244
563245
563246
563247
563248
563249
563265
563266
563268
563269
563270
563271
563273
563275
563276
563277
563278
563279
563289
563290
563291
563296
563297
563298
563299
563300
563301
563302
563303
563304
563305
563468
563469
563470
563471
563472
563473
563474
563475
563476
563477
563478
563479
563480
563481
563482
563483
563484
563485
563486
563487
563488
563489
563490
563491
563492
563493
563494
563495
563496
563497
563503
563504
563505
563506
563507
563508
563509
563510
563511
563517
563518
563519
563520
563521
563522
563523
563524
563527
563528
563529
563530
563533
563536
563537
563538
563539
563540
563541
563545
563546
563547
563548
563549
563550
563551
563559
563560
563561
563562
563563
563564
563565
563566
563567
563568
563569
563570
563576
563577
563578
563579
563580
563581
563582
563583
563584
563585
563586
563587
563588
563592
563595
563596
563597
563598
563599
563600
563601
563602
563603
563605
563606
563607
563608
563627
563628
563629
563631
563632
563633
563634
563635
563636
563639
563640
563641
563642
563643
563644
563645
563646
563647
563648
563649
563650
563651
563652
563663
563857
563858
563859
563860
563861
563862
563863
563864
563865
563866
563867
563868
563869
563870
563871
563872
563873
563874
563875
563876
563877
563878
563879
563880
563881
563882
563883
563884
563885
563886
563887
563888
563889
563890
563891
563892
563893
563894
563895
563896
563897
563898
563899
563902
563903
563904
563905
563911
564462
564463
564464
564466
564467
564468
564472
564478
564479
568561
568562
568571
568603
568634
568635
568636
568646
568647
568648
568649
568652
568653
568654
568655
568656
568657
568658
568659
568660
568661
568662
568663
568664
568665
568666
568667
568668
568669
568670
568671
568672
568673
568674
568675
568676
568677
568678
568679
568680
568681
568682
568683
568684
568686
568687
568688
568689
568690
568691
568692
568693
568972
568973
568974
568975
568976
568977
568978
568979
568980
568981
568982
568983
568984
568985
568986
568987
568988
568989
568990
568991
568992
568993
568994
568995
568997
568998
568999
569000
569001
569002
569003
569004
569005
569006
569007
569008
569009
569010
569011
569012
569013
569014
569015
569016
569017
569018
569019
569020
569021
569022
569023
569024
569025
569026
569028
569029
569030
569031
569032
569033
569034
569035
569036
569037
569038
569039
569040
569041
569042
569043
569044
569045
569046
569047
569048
569049
569050
569051
569052
569053
569054
569055
569056
569057
569058
569059
569060
569061
569062
569063
569064
569065
569066
569067
569068
569069
569070
569071
569072
569073
569074
569075
569076
569077
569078
569079
569080
569081
569082
569083
569085
569086
569087
569088
569089
569090
569091
569092
569093
569094
569095
569096
569097
569098
569099
569100
569101
569102
569103
569104
569107
569108
569109
569110
569111
569112
569113
569114
569115
569116
569117
569118
569119
569120
569121
569122
569124
569125
569401
569402
569403
569404
569405
569406
569407
569408
569409
569410
569411
569412
569413
569414
569415
569416
569417
569418
569419
569420
569421
569422
569423
569424
569425
569426
569427
569428
569429
569430
569431
569432
569433
569434
569435
569436
569437
569438
569439
569440
569441
569442
569443
569444
569445
569446
569447
569448
569449
569450
569451
569452
569453
569454
569455
569456
569457
569458
569459
569460
569461
569462
569463
569464
569465
569466
569467
569468
569469
569470
569472
569474
569480
569481
569483
569487
569488
569489
569490
569491
569492
569494
569495
569496
569499
569500
569501
569502
569503
569504
569505
569506
569507
569508
569509
569510
569511
569512
569513
569514
569515
569516
569517
569518
569519
569520
569521
569522
569523
569524
569525
569526
569527
569528
569529
569530
569531
569532
569533
569534
569535
569536
569537
569538
569539
569540
569541
569542
569543
569544
569545
569546
569547
569548
569549
569550
569551
569552
569553
569554
569555
571100
571406
571411
571412
571416
571419
571420
571422
571688
572594
572595
572597
572598
572599
572600
572601
572602
572603
572604
572605
572606
572607
572608
572609
572610
572611
572612
572613
572888
572890
572959
573038
573039
573041
573042
573044
573045
573047
573048
573050
573051
573053
573054
573056
573057
573059
573060
573062
573063
573065
573066
573376
573441
573938
574292
574297
578690
580193
580198
580199
582863
582864
583120
583129
583130
583131
583132
583133
583134
583135
583137
583138
583139
583140
583141
583142
583143
583144
583145
583146
583147
583148
584874
584875
586309
586310
586315
586316
586318
587695
587696
587697
587698
587700
587701
587702
587703
587705
587706
587707
587708
587710
587711
587712
587713
587714
587715
587716
587717
587718
587719
587720
587721
587772
587773
587774
587775
587777
587778
587779
587780
587782
587783
587784
587785
587787
587788
587789
587790
587791
587792
587793
587794
587795
587796
587797
587798
587815
587816
587819
587820
587821
587823
587824
587825
587826
587827
587828
587829
587830
587831
587832
587833
587834
588043
588044
588045
588051
588052
588053
588062
588406
588411
588412
588413
588416
588417
588418
588423
588424
588428
588429
592792
592793
592794
592795
592796
592816
592817
592818
592819
592820
592821
592822
592823
592824
592825
592826
592827
592828
592830
592832
592833
592834
592840
592855
592856
592857
592858
592860
592861
592875
592877
592878
592880
592881
603020
603021
603022
603023
603024
603025
603026
603027
603028
603029
603030
603031
603032
603033
603034
603035
603036
603037
603038
603039
603040
603041
603042
603043
606572
606574
606576
606583
606592
606596
606853
606880
607172
607174
607835
607839
609235
609236
609237
609238
609239
609240
609241
609242
609243
609244
609245
609246
609247
609248
609250
610081
610082
610550
610551
610553
610939
610940
611036
611037
611039
611375
611376
611377
611487
611488
611489
611490
611952
611953
611954
616785
616786
616787
616789
616860
616861
617388
617389
617390
617392
617879
617880
617881
617882
617883
618930
618945
618950
619572
619590
619595
619600
619620
619625
619883
619884
619885
619887
619888
619889
619892
619893
619896
619897
619932
619935
619936
619939
619940
619944
619951
619969
619973
619974
619977
619978
619982
619996
620266
620267
620271
620272
620276
620277
620281
620282
620296
620297
620306
620307
623312
623313
623314
623315
623316
623318
623322
623326
623329
623334
623335
623337
623339
623341
623342
623343
623345
623354
623355
623356
623357
623358
623359
623360
623361
623362
623363
623365
623366
623367
623368
623369
623370
623371
623372
623373
623374
623375
623376
623377
623378
623379
623380
623381
623382
623384
623385
623386
623387
623388
623389
623390
623391
623392
623393
623394
623395
623396
623397
623398
623399
623400
623401
623402
623403
623404
623405
623406
623407
623409
623410
623411
623412
623413
623414
623415
623416
623417
623418
623419
623420
623421
623422
623423
623424
623425
623426
623427
623428
623429
623430
623431
623432
623433
623434
623435
623436
623437
623438
623440
623441
623444
623445
623446
623447
623448
623449
623450
623451
623452
623453
623454
623456
623457
623458
623459
623460
623461
623462
623463
623465
623466
623467
623468
623469
623470
623471
623472
623473
623478
623479
623480
623481
623482
623483
623484
623485
623486
623487
623490
623491
623492
623493
623494
623495
623496
623497
623498
623499
623500
623501
623502
623503
623504
623505
623507
623509
623510
623511
623513
623515
623516
623517
623518
623519
623520
623521
623522
623523
623524
623525
623527
623529
623530
623531
623532
623533
623534
623535
623536
623537
623542
623543
623544
623545
623546
623547
623548
623549
623550
623551
623552
623553
623554
623555
623557
623559
623695
623696
623697
623698
623699
623700
623701
623702
623703
623704
623705
623706
623707
623708
623709
623710
623711
623712
623713
623717
623721
623722
623723
623724
623725
623726
623727
623728
623729
623730
623731
623733
623735
623737
623738
623739
623740
623742
623743
623744
623745
623746
623747
623748
623749
623750
623751
623754
623755
623756
623757
623758
623759
623760
623761
623762
623763
623764
623765
623766
623767
623768
623769
623770
623771
623772
623773
623774
623775
623776
623777
623779
623780
623781
623782
623783
623784
623785
623786
623787
623788
623789
623790
623791
623792
623793
623795
623796
623797
623798
623799
623800
623801
623802
623803
623804
623805
623806
623807
623808
623809
623810
623811
623812
623813
623814
623815
623816
623817
623818
623819
623820
623821
623822
623823
623826
623827
623828
623829
623830
623831
623832
623833
623834
623835
623836
623837
623838
623839
623840
623841
623842
623843
623844
623845
623846
623847
623848
623849
623850
623851
623852
623853
623854
623855
623856
623857
623858
623859
623860
623861
623862
623863
623864
623865
623866
623867
623868
623870
623871
623872
623873
623874
623875
623878
623879
623880
623881
623882
623883
623884
623885
623886
623887
623888
623889
623890
623891
623892
623893
623894
623895
623896
623897
623898
623899
623900
623901
623902
623903
623904
623905
623906
623907
623908
623909
623910
623911
623915
623916
623917
623918
623919
623920
623921
623922
623923
623925
623926
623927
623928
623929
623930
623931
623932
623933
623934
623935
623936
623937
623938
623939
623940
623941
623942
623943
623944
623945
623947
624073
624074
624078
624079
624102
624103
624104
624105
624107
624108
624109
624110
624113
624115
624116
624117
624118
624119
624120
624121
624122
624123
624124
624125
624126
624127
624129
624135
624136
624137
624138
624139
624140
624141
624142
624143
624144
624145
624146
624147
624148
624149
624150
624151
624152
624153
624154
624155
624156
624157
624158
624159
624160
624161
624162
624163
624164
624165
624166
624167
624168
624169
624170
624172
624173
624174
624175
624176
624177
624178
624179
624180
624181
624182
624183
624184
624185
624186
624187
624188
624189
624190
624191
624192
624193
624194
624196
624197
624198
624199
624200
624201
624202
624203
624204
624205
624206
624207
624208
624209
624210
624211
624212
624213
624214
624215
624216
624217
624218
624219
624220
624221
624222
624223
624224
624225
624226
624227
624228
624230
624231
624232
624233
624234
624235
624236
624237
624238
624239
624240
624241
624242
624243
624244
624245
624246
624249
624253
624254
624255
624256
624257
624258
624259
624260
624261
624262
624263
624264
624265
624266
624267
624268
624269
624270
624272
624273
624274
624275
624276
624277
624278
624279
624280
624281
624282
624283
624284
624285
624286
624288
624290
624291
624292
624293
624294
624295
624296
624297
624299
624300
624301
624302
624303
624304
624305
624306
624308
624309
624310
624311
624312
627571
627572
627573
627577
627578
627582
627583
627587
627588
627592
627593
627657
627658
627717
627718
627728
627732
627733
628064
631643
637307
637308
637309
637317
637318
637319
637330
637331
637332
637339
637340
637341
639341
639488
639489
639490
639880
639881
639886
639887
639888
639889
639890
639891
639892
639894
639895
639896
639897
639898
639899
639902
639903
639904
639905
639906
639907
639908
639909
639910
639911
639912
639913
639924
640838
640842
640843
641414
642645
642646
642647
642648
642649
642650
642651
642914
642915
642916
642917
642941
642942
642943
642944
642966
642967
642968
642969
642970
642971
642972
642973
642974
642975
642976
642977
642978
642980
643731
643732
643733
643734
643735
643743
643744
643745
643746
643747
643780
643781
643782
643783
643784
643785
643786
643787
643788
643789
646684
646686
648111
648496
648498
648502
648503
649554
649896
649897
649898
649904
649905
649906
649907
649908
649909
649910
649911
649912
649913
649914
649915
649916
649917
649918
649919
649920
649921
649922
649923
649924
649925
649926
649927
649928
649929
649930
649933
649934
652825
652826
652830
652840
652843
652845
652846
652847
652848
652849
652850
652851
652852
652854
652855
652858
652859
652860
652862
652863
652875
652897
652916
652917
652947
652949
652951
652952
652953
652954
652956
652957
652958
652959
652960
652961
652962
652963
652964
652966
652967
652968
652969
652971
652972
652973
652976
652977
652978
652979
652980
652981
652982
652983
652984
652988
653322
653335
653336
653337
653338
653339
653340
653341
653342
653346
653347
653348
653349
653350
653351
653352
653353
653354
653358
653359
653360
653361
653362
653363
653364
653365
653366
653367
653368
653369
653370
653371
653372
653373
653374
653375
653376
653377
653378
653379
653380
653381
653382
653383
653385
653386
653387
653388
653389
653390
653391
653392
653393
653394
653395
653396
653397
653398
653399
653400
653401
653403
653404
653405
653406
653407
653408
653409
653411
653412
653413
653414
653415
653416
653417
653418
653419
653420
653421
653422
653423
653424
653425
653426
653427
653428
653429
653430
653431
653432
653433
653434
653435
653436
653437
653438
653439
653440
653441
653442
653443
653444
653445
653446
653447
653448
653449
653450
653451
653452
653453
653454
653455
653456
653457
653458
653459
653460
653461
653462
653463
653464
653465
653466
653467
653468
653469
653470
653471
653472
653473
653474
653475
653812
653833
653835
653843
653910
653917
653920
654466
654467
654468
654469
654470
654471
654472
654473
654474
654475
654477
654478
654486
654487
654488
654489
654490
654491
654492
654493
654494
654495
654496
654498
654502
654503
654504
654505
654506
654507
654509
654510
654511
654512
654514
654516
654521
654524
654525
654526
654527
654528
654529
654530
654531
654532
654543
654544
654546
654547
654551
654557
654558
654559
654564
654565
654566
654569
654575
654578
654579
654580
654594
654596
654598
654602
654606
654607
654608
654609
654610
654611
654613
654614
654615
654616
654617
654618
654619
654621
654622
654623
654625
654626
654627
654628
654631
654632
654633
654634
654635
654636
654637
654638
654639
654640
654641
654642
654643
654645
654647
654648
654649
654650
654651
654652
654653
654654
654655
654656
654657
654658
654660
654662
654663
654666
654669
654670
654671
654672
654673
654674
654675
654677
654689
654691
654693
654695
654699
654701
654703
654704
654705
654707
654708
654709
654710
654711
654713
654715
654717
654719
654721
654723
654725
654735
654737
654745
654753
654920
654931
654932
654933
654934
654935
654936
654937
654965
654966
654967
654968
654969
654970
654971
654972
654973
654974
654975
654976
654977
654979
654980
654981
654982
654983
654984
654985
654986
654987
654988
654989
654990
654991
654992
654993
654994
654995
654996
654997
654998
654999
655000
655001
655002
655003
655004
655005
655006
655007
655016
655017
655018
655019
655038
655039
655040
655041
655043
655044
655045
655046
655047
655048
655049
655050
655051
655052
655053
655054
655055
655056
655064
655066
655067
655068
655069
655070
655071
655072
655073
655074
655075
655076
655077
655078
655079
655080
655081
655082
655083
655084
655085
655086
655087
655088
655089
655090
655091
655092
655093
655094
655095
655096
655104
655105
655106
655111
655112
655113
655114
655115
655116
655117
655118
655119
655120
655121
655122
655123
655124
655125
655126
655127
655128
655129
655130
655131
655132
655133
655134
655135
655142
655143
655144
655145
655146
655147
655148
655149
655150
655151
655153
655154
655155
655156
655157
655158
655159
655160
655161
655162
655163
655164
655165
655166
655167
655168
655169
655170
655171
655172
655173
655174
655175
655180
655184
655186
655187
655188
655189
655190
655191
655192
655193
655194
655195
655198
655200
655201
655202
655203
655204
655205
655206
655208
655211
655212
655214
655215
655216
655217
655218
655219
655220
655222
655345
655346
655371
655376
655377
655380
655382
655383
655387
655405
655406
655444
655451
655464
656830
656831
656832
656855
656856
656857
656858
656859
656860
656861
656862
656863
656864
656865
656866
656867
656868
656869
656870
656871
656872
656875
656876
656877
656878
656879
656880
656881
656882
656883
656884
656885
656886
656887
656888
656889
657223
657224
657225
657226
657227
657228
657229
657230
657537
657538
657539
657540
657541
657542
657543
657544
657545
657546
657547
657548
657549
657563
657564
657565
657566
657567
657568
657569
657570
657571
657572
657573
657574
657575
657576
657577
657578
657579
657580
657948
657949
657950
657951
657952
657953
657954
657955
657956
657957
657958
657959
657960
657961
657962
657963
657964
657965
657966
657967
657968
657969
657970
657971
657972
657973
657974
657975
657976
657977
657978
657979
657980
657981
657982
657983
657984
657985
657986
657987
657988
657989
657990
657991
657992
657993
657994
657995
657996
657997
657998
657999
658000
658001
658002
658003
658004
658005
658006
658007
658008
658009
658010
658011
658012
658013
658014
658015
658016
658017
658018
658019
658020
658021
658022
658023
658024
658025
658026
658027
658028
658029
658030
658031
658032
658033
658034
658035
658036
658037
658038
658039
658040
658041
658042
658043
658044
658045
658046
658047
658048
658049
658050
658051
658052
658053
658056
658057
658058
658059
658060
658061
658062
658063
658064
658065
658066
658067
658068
658069
658070
658071
658073
658074
658075
658076
658077
658078
658079
658080
658081
658082
658083
658084
658085
658086
658087
658088
658089
658090
658091
658092
658093
658094
658095
658096
658097
658098
658099
658100
658101
658102
658103
658104
658105
658106
658107
658108
658109
658110
658111
658112
658113
658114
658115
658470
658471
658472
658473
658475
658476
658477
658478
658479
658480
658481
658482
658483
658484
658485
658486
658487
658488
658489
658490
658491
658492
658493
658494
658495
658496
658497
658498
658499
658500
658501
658502
658503
658504
658505
658506
658507
658508
658509
658510
658511
658512
658513
658514
658515
658516
658517
658518
658519
658520
658522
658523
658524
658525
658526
658527
658528
658529
658530
658531
658532
658533
658534
658535
658536
658537
658538
658539
658540
658541
658542
658543
658544
658545
658546
658547
658548
658549
658551
658552
658553
658555
658556
658557
658559
658560
658561
658562
658563
658564
658565
658566
658567
658568
658569
658570
658571
658572
658573
658574
658575
658576
658577
658578
658579
658580
658581
658582
658583
658584
658585
658586
658587
658588
658589
658590
658591
658592
658593
658594
658595
658597
658598
658599
658600
658601
658602
658603
658604
658605
658606
658607
658608
658609
658610
658611
658612
658613
658614
658615
658616
658617
658618
658619
658620
658621
658622
659177
659178
659180
659181
659182
659184
659187
659188
659248
659249
659250
659254
659262
659263
659264
659265
659266
659267
659268
659300
659301
659309
659310
659311
659312
659313
659314
659315
659316
659319
659322
659323
659324
659325
659329
659589
659590
659592
659593
659594
659597
659598
659604
659605
659606
659607
659608
659609
659610
659611
659612
659613
659617
659620
659624
659631
659632
659633
659634
659635
659636
659637
659638
659639
659640
659641
659642
659643
659644
659645
659646
659647
659648
659649
659650
659651
659652
659653
659654
659655
659656
659657
659658
659659
659660
659661
659662
659663
659664
659665
659666
659667
659668
659669
659670
659671
659672
659673
659674
659678
659679
659680
659695
659699
659700
659701
659702
659703
659704
659705
659706
659707
659708
659709
659710
659711
659712
659713
659714
659715
659716
659717
659718
659719
659720
659721
659722
659723
659724
659725
659730
659731
659732
659733
659734
659735
659736
659952
659953
659954
659955
659956
659957
659962
659963
659964
659967
659968
659969
659970
659971
659972
659973
659974
659975
659976
659977
659978
659979
659980
659981
659982
659991
659992
659993
659994
659996
659997
659998
659999
660002
660003
660005
660009
660025
660056
660057
660072
660078
660080
660081
660082
660083
660084
660085
660086
660087
660088
660089
660090
660091
660092
660094
660095
660096
660097
660098
660099
660100
660101
660102
660103
660104
660105
660106
660107
660108
660109
660110
660111
660180
660181
660182
660183
660184
660185
660186
660187
660188
660189
660190
660191
660194
660195
660196
660199
660425
660426
660427
660428
660429
660430
660431
660434
660435
660436
660437
660438
660439
660440
660441
660450
660452
660454
660455
660461
660462
660463
660468
660477
660478
660479
660480
660481
660482
660483
660484
660485
660486
660487
660488
660489
660490
660491
660496
660497
660498
660499
660502
660503
660504
660510
660511
660512
660513
660514
660515
660521
660530
660531
660534
660535
660536
660538
660540
660541
660542
660543
660544
660545
660548
660551
660552
660553
660556
660557
660558
660559
660568
660569
660578
660579
660580
660581
660582
660583
660584
660585
660586
660587
660588
660589
660590
660591
660592
660593
660863
660864
660865
660866
660867
660868
660869
660870
660871
660872
660873
660874
660875
660876
660877
660878
660879
660880
660881
660882
660883
660884
660885
660886
660887
660888
660889
660890
660891
660892
660893
660894
660895
660898
660899
660900
660901
660903
660907
660908
660909
660914
660915
660916
660917
660918
660919
660920
660921
660922
660923
660924
660925
660926
660927
660928
660929
660930
660931
660934
660935
660936
660940
660944
660945
660946
660984
660990
660991
660992
660993
660994
660995
660998
661001
661004
661010
661012
661013
661014
661015
661016
661017
661018
661019
661020
661021
661022
661039
661040
661041
661042
661043
661044
661045
661046
661047
661048
661049
661237
661238
661240
661241
661242
661261
661277
661278
661279
661280
661281
661285
661304
661315
661316
661321
661322
661324
661325
661326
661327
661332
661333
661334
661335
661336
661337
661338
661348
661349
661351
661574
661580
661585
661586
661587
661588
661589
661597
661598
661602
661603
661604
661605
661606
661607
661608
661609
661610
661611
661612
661613
661614
661618
661619
661620
661621
661622
661623
661624
661625
661626
661627
661635
661636
661643
661644
661645
661648
661649
661650
661651
661658
661659
661660
661664
661665
661666
661667
661668
661670
661671
661672
661673
661674
661675
661676
661677
661678
661679
661680
661681
661682
661896
661897
661898
661899
661900
661901
661902
661905
661906
661907
661908
661909
661910
661911
661913
661914
661915
661916
661917
661918
661919
661922
661923
661924
661926
661927
661928
661931
661933
661939
661941
661942
661943
661944
661945
661946
661947
661948
661949
661950
661951
661952
661953
661954
661955
661956
661957
661958
661959
661960
661961
661962
661963
661964
661965
661967
661968
661975
661976
661977
661978
661984
661985
661986
661987
661990
661991
661995
661996
661997
662000
662002
662003
662004
662005
662006
662007
662008
662010
662011
662012
662013
662014
662015
662017
662027
662028
662029
662030
662031
662032
662033
662034
662035
662036
662037
662044
662045
662240
662241
662242
662243
662244
662245
662246
662247
662248
662249
662250
662251
662252
662253
662254
662255
662256
662257
662258
662259
662260
662267
662268
662269
662272
662273
662275
662276
662277
662278
662279
662280
662281
662282
662283
662284
662285
662286
662287
662288
662289
662290
662291
662292
662293
662294
662295
662296
662297
662298
662299
662300
662301
662302
662303
662308
662309
662311
662312
662314
662315
662316
662317
662318
662319
662320
662321
662322
662324
662325
662326
662327
662328
662329
662330
662331
662332
662333
662334
662335
662337
662338
662340
662341
662342
662343
662344
662345
662346
662347
662348
662349
662350
662351
662352
662353
662354
662355
662356
662357
662358
662359
662360
662361
662362
662363
662364
662365
662375
662381
662382
662383
662384
662386
662387
662388
662389
662390
662391
662392
662393
662394
662395
662396
662397
662398
662399
662404
662405
662410
662411
662412
662413
662416
662422
662429
662430
662585
662633
662635
662636
662637
662639
662640
662641
662643
662644
662653
662655
662656
662657
662658
662662
662664
662665
662666
662667
662668
662669
662670
662671
662672
662673
662674
662675
662676
662699
662710
662762
662763
662764
662765
662766
662767
662768
662769
662770
662840
662846
662847
662851
662853
662855
662856
662857
662859
662860
662865
662866
662868
662869
662870
662871
662872
662873
662874
662875
662876
662879
662881
662882
662890
662926
663077
663078
663079
663086
663087
663096
663267
663270
663274
663275
663277
663285
663286
663287
663289
663290
663291
663292
663293
663294
663295
663298
663299
663300
663301
663302
663303
663304
663312
663313
663314
663315
663316
663317
663318
663319
663328
663329
663330
663331
663332
663333
663334
663335
663336
663337
663338
663339
663340
663341
663346
663347
663350
663351
663355
663356
663357
663360
663364
663643
663644
663653
663656
663657
663659
663660
663665
663673
663675
663676
663678
663683
663685
663686
663687
663688
663714
663717
663721
663722
663737
663738
663739
663741
663742
663743
663744
663745
663746
663776
663777
663778
663779
663780
663781
663782
663787
663788
663789
663791
663971
663974
663976
663977
663978
663979
663980
663981
663982
663983
663984
663985
663986
663987
663988
663989
663990
663991
663992
663993
663994
663995
663997
663998
663999
664000
664001
664002
664003
664004
664005
664006
664007
664008
664009
664010
664011
664012
664013
664014
664015
664016
664017
664018
664019
664020
664021
664022
664023
664024
664025
664026
664027
664028
664029
664030
664031
664032
664033
664034
664035
664036
664037
664038
664039
664040
664042
664043
664044
664045
664046
664047
664048
664049
664050
664051
664052
664053
664054
664055
664056
664057
664058
664059
664060
664061
664063
664064
664065
664066
664067
664069
664071
664072
664073
664074
664075
664076
664077
664078
664079
664080
664081
664082
664083
664084
664085
664088
664089
664090
664091
664092
664093
664094
664095
664096
664097
664098
664099
664100
664101
664102
664103
664104
664105
664106
664107
664108
664109
664110
664111
664115
664123
664124
664125
664126
664127
664128
664131
664132
664134
664135
664137
664138
664139
664140
664143
664144
664145
664146
664148
664149
664150
664151
664152
664153
664154
664155
664156
664157
664158
664159
664160
664161
664162
664163
664164
664165
664166
664167
664168
664169
664170
664171
664172
664173
664174
664175
664176
664177
664178
664179
664180
664181
664182
664183
664184
664185
664186
664187
664189
664190
664191
664192
664193
664443
664444
664451
664452
664453
664454
664455
664456
664457
664458
664459
664460
664461
664462
664463
664464
664465
664466
664467
664468
664469
664470
664471
664472
664473
664474
664475
664476
664477
664478
664479
664480
664481
664482
664483
664484
664485
664486
664487
664488
664489
664490
664491
664492
664493
664494
664495
664496
664497
664498
664499
664500
664501
664502
664503
664504
664505
664506
664507
664508
664509
664510
664511
664512
664513
664514
664515
664516
664517
664518
664519
664520
664521
664522
664523
664524
664525
664526
664527
664528
664529
664530
664531
664532
664533
664534
664535
664536
664537
664538
664539
664540
664541
664542
664543
664544
664545
664546
664547
664548
664549
664550
664551
664552
664553
664554
664555
664556
664557
664558
664559
664560
664561
664562
664563
664564
664565
664566
664567
664568
664569
664570
664571
664572
664573
664574
664575
664576
664577
664578
664579
664580
664581
664582
664583
664584
664585
664586
664588
664589
664590
664591
664592
664593
664594
664595
664596
664597
664598
664600
664601
664603
664604
664605
664608
664609
664610
664611
664612
664614
664615
664932
664933
664986
664987
665046
665047
665101
665484
665537
665538
665664
665668
665899
665901
665902
665903
665904
665905
665907
665909
665910
665911
665912
665913
665914
665915
665916
665917
665918
665919
665920
665921
665922
665923
665924
665925
665926
665927
665928
665929
665930
665931
665932
665933
665934
665935
665936
665937
665938
665939
665940
665941
665942
665943
665944
665945
665946
665947
665948
665949
665950
665951
665952
665953
665954
665955
665956
665957
665958
665959
665960
665961
665962
665963
665964
665965
665966
665967
665968
665969
665970
665971
665972
665973
665974
665975
665976
665977
665978
665979
665980
665981
665982
665983
665984
665985
665986
665987
665988
665995
665996
665997
665998
665999
666000
666001
666002
666003
666004
666005
666006
666007
666008
666009
666010
666011
666012
666013
666014
666015
666016
666017
666018
666019
666020
666021
666022
666023
666024
666025
666026
666027
666028
666029
666030
666031
666032
666033
666035
666036
666037
666038
666039
666040
666041
666042
666043
666044
666045
666046
666047
666048
666049
666050
666051
666052
666053
666054
666055
666056
666057
666058
666059
666060
666356
666359
666360
666361
666362
666364
666365
666366
666367
666368
666369
666370
666560
666561
666562
666571
666572
666574
666575
666576
666577
666578
666579
666581
666582
666583
666585
666586
666589
666590
666591
666592
666593
666594
666595
666596
666597
666599
666600
666601
666602
666604
666605
666606
666608
666609
666610
666611
666612
666613
666614
666727
666728
666729
666730
666731
667571
668468
668470
668471
668472
668473
668474
668477
668478
668479
668480
668481
668486
668487
668488
668493
668494
668497
668500
668501
668502
668503
668504
668505
668506
668507
668508
668512
668514
668517
668521
668522
668523
668524
668525
668526
668527
668528
668529
668530
668531
668532
668533
668534
668535
668537
668538
668539
668540
668541
668542
668543
668544
668545
668546
668547
668548
668549
668550
668551
668552
668553
668560
668565
668566
668570
668576
668577
668578
668579
668580
668581
668582
668583
668584
668585
668586
668587
668588
668589
668590
668591
668592
668593
668594
668596
668600
668601
668975
668985
668989
668990
668991
668993
668994
668995
668996
668997
668998
668999
669000
669001
669002
669007
669009
669010
669012
669013
669014
669019
669020
669021
669022
669023
669027
669031
669032
669033
669036
669039
669040
669041
669042
669043
669044
669045
669046
669047
669048
669049
669054
669089
669090
669091
669092
669093
669094
669095
669096
669097
669098
669099
669100
669101
669102
669116
669117
669118
669119
669120
669121
669122
669413
669417
669418
669419
669426
669427
669428
669429
669430
669431
669432
669433
669434
669435
669436
669437
669438
669439
669440
669441
669442
669445
669453
669454
669455
669456
669457
669458
669459
669460
669461
669462
669463
669464
669465
669466
669467
669468
669469
669470
669471
669472
669890
669891
669892
669893
669894
669895
669896
669898
669899
669902
669903
669904
669905
669907
669908
669909
669910
669911
669915
669918
669919
669920
669921
669922
669923
669924
669925
669926
669927
669928
669929
669930
669931
669932
669933
669935
669936
669937
669939
669940
669941
669942
669943
669947
669957
669958
669959
669960
669961
669962
669963
670246
670247
670248
670252
670253
670254
670255
670256
670257
670258
670259
670260
670261
670262
670263
670264
670265
670269
670270
670271
670272
670273
670274
670275
670276
670277
670278
670279
670280
670281
670282
670283
670284
670285
670286
670287
670288
670289
670290
670291
670292
670293
670294
670295
670296
670297
670300
670301
670302
670303
670304
670305
670306
670307
670308
670309
670310
670311
670313
670314
670326
670327
670328
670329
670330
670331
670332
670333
670334
670335
670336
670337
670338
670339
670340
670342
670343
670344
670345
670346
670347
670348
670349
670350
670351
670352
670353
670354
670355
670356
670357
670358
670359
670362
670798
670854
670857
672276
672277
672278
672279
672280
672285
672286
672287
672288
672289
672290
672291
672292
672293
672294
672295
672296
672297
672298
672299
672300
672301
672302
672303
672304
672305
672306
672307
672308
672309
672310
672311
672312
672313
672314
672315
672316
672317
672320
672321
672322
672323
672324
672325
672326
672327
672328
672329
672330
672331
672332
672333
672334
672335
672340
672341
672342
672343
672344
672345
672346
672347
672348
672349
672350
672351
672352
672353
672354
672355
672356
672357
672617
672618
672619
672620
672621
672622
672623
672624
672625
672626
672627
672628
672629
672630
672631
672632
672633
672634
672635
672636
672637
672638
672639
672640
672641
672642
672643
672644
672645
672646
672647
672648
672649
672650
672651
672652
672653
672654
672655
672656
672657
672658
672659
672660
672661
672662
672663
672664
672665
672666
672667
672668
672669
672670
672671
672672
672673
672674
672675
672676
672677
672678
672679
672680
672681
672682
672683
672684
672685
672686
672687
672688
672689
672690
672691
672692
672693
672694
672695
672696
672697
672698
672699
672700
672701
672702
672703
672704
672705
672984
672987
672988
672990
672991
672992
672993
672996
672997
672998
672999
673000
673001
673002
673003
673004
673005
673007
673008
673009
673010
673011
673012
673013
673014
673015
673016
673017
673018
673019
673020
673022
673023
673026
673027
673031
673032
673033
673034
673035
673036
673038
673039
673040
673042
673043
673044
673045
673046
673047
673048
673049
673050
673051
673052
673053
673054
673055
673056
673057
673058
673059
673060
673062
673063
673064
673065
673066
673067
673068
673069
673070
673071
673072
673073
673132
673623
673632
673634
673636
673637
673638
673639
673640
673681
674364
674821
676697
676698
676699
676701
676725
677736
677738
677739
677740
677741
677742
677743
677744
677745
677746
677750
677751
677755
677762
677763
677765
677766
677767
677768
677773
677779
677780
677782
677783
677784
677785
677786
677787
677788
677975
677983
677991
677992
677993
677994
677996
677997
677998
678012
678013
678014
678020
678022
678023
678024
678025
678027
678029
678030
678031
678032
678034
678036
678037
678038
678039
678040
678041
678042
678043
678047
678058
678059
678060
678061
678062
678063
678064
678069
678070
678071
678072
678073
678086
678087
678088
678089
678090
678091
678092
678093
678094
678095
678096
678097
678098
678099
678100
678101
678102
678103
678104
678105
678107
678111
678112
678113
678117
678118
678119
678120
678122
678123
678124
678125
678126
678127
678128
678129
678130
678131
678253
678255
678256
678257
678258
678259
678260
678261
678262
678263
678264
678268
678269
678270
678275
678278
678279
678280
678281
678282
678283
678284
678285
678286
678287
678288
678289
678290
678291
678292
678293
678294
678295
678296
678297
678298
678300
678301
678302
678303
678304
678305
678306
678307
678308
678309
678310
678311
678312
678318
678319
678320
678321
678322
678323
678334
678335
678336
678337
678338
678339
678340
678341
678342
678343
678344
678345
678346
678347
678348
678349
678350
678351
678352
678353
678354
678355
678356
678357
678358
678359
678360
678377
678379
678380
678385
678387
678388
678391
678392
678393
678394
678395
678396
678398
678399
678400
678401
678402
678403
678404
678405
678406
678407
678408
678409
678411
678421
678422
678424
678425
678427
678442
678443
678445
678446
678454
678455
678456
678457
678458
678459
678460
678461
678462
678463
678464
678465
678466
678467
678468
678469
678470
678471
678472
678473
678474
678475
678476
678477
678478
678479
678480
678481
678482
678483
678484
678485
678486
678487
678488
678489
678490
678491
678492
678493
678494
678495
678496
678497
678498
678499
678500
678501
678502
678503
678504
678505
678506
678507
678508
679537
679538
679539
679540
679541
679543
679544
679545
679546
679547
679548
679549
679550
679551
679552
679553
679554
679557
679559
679560
679561
679562
679563
679564
679565
679566
679567
679568
679569
679570
679571
679572
679573
679574
679575
679576
679577
679578
679579
679580
679581
679582
679585
679591
679592
679607
679609
679610
679632
679633
679637
679638
679639
679643
679644
679645
679646
679647
679648
679649
679650
679651
679652
679653
679654
679655
679656
679657
679658
679659
679660
679661
679662
679663
679664
679665
679666
679667
679668
679669
679670
679672
679673
679789
679792
679793
679794
679795
679796
679797
679798
679799
679800
679801
679802
679803
679804
679805
679810
679819
679849
679850
679851
679852
679853
679863
679865
679866
679867
679868
679869
679871
679872
679873
679874
679875
679879
679880
679883
679884
679885
679887
679888
679889
679890
679898
679899
679900
679901
679902
679903
679904
679906
679907
679908
679909
679910
679912
679914
679915
679916
679917
679918
679919
679921
679922
679923
679924
679925
679926
679927
679928
679929
679930
679931
680057
680058
680060
680061
680062
680063
680064
680065
680066
680067
680068
680069
680070
680071
680072
680073
680074
680075
680076
680077
680078
680079
680080
680081
680082
680083
680084
680087
680088
680089
680090
680091
680096
680098
680101
680102
680104
680105
680106
680107
680108
680109
680110
680111
680114
680115
680122
680124
680127
680128
680140
680146
680150
680155
680156
680157
680158
680159
680160
680161
680164
680165
680166
680167
680168
680169
680170
680172
680175
680176
680187
680188
680189
680190
680191
680192
680193
680194
680195
680201
680202
680203
680204
680205
680206
680207
680211
680214
680216
680217
680218
680219
680220
680221
680222
680223
680227
680228
680230
680231
680232
680233
680234
680235
680236
680237
680238
680239
680240
680241
680242
680243
680247
682320
684576
684577
684580
684767
684770
684771
684772
684773
684774
684775
684776
684777
684778
684779
684780
684781
685029
685030
685031
685032
685033
685034
685035
685036
685037
685038
685039
685040
685047
685048
685049
685050
685051
685052
685053
685054
685055
685056
685057
685058
685059
685060
685061
685062
685063
685064
685065
685066
685067
685068
685069
685070
685071
685072
685074
685075
685076
685077
685078
685079
685080
685081
685083
685084
685089
685090
685091
685092
685093
685094
685095
685096
685097
685098
685099
685100
685101
685102
685103
685104
685105
685106
685107
685108
685109
685115
685116
685117
685141
685177
685188
685200
685205
685206
685207
685379
685462
686827
687084
688443
688538
690023
690025
690026
690027
690028
690029
690030
690031
690032
690033
690034
690035
690036
690037
690038
690039
690040
690041
690151
690152
690153
690154
690158
690160
690166
690167
690169
690170
690171
690172
690173
690174
690177
690178
690179
690180
690181
690182
690183
690184
690185
690186
690187
690189
690190
690201
690203
690204
690205
690208
690212
690217
690221
690222
690223
690224
690225
690234
690235
690238
690241
690242
690243
690244
690245
690246
690247
690248
690249
690250
690251
690258
690263
690267
690268
690269
690270
690271
690272
690273
690274
690275
690280
690281
690283
690284
690285
690286
690287
690288
690289
690290
690291
690292
690293
690294
690295
690296
690297
690298
690299
690300
690301
690302
690303
690304
690305
690306
690307
690308
690309
690310
690311
690312
690313
690314
690315
690316
690317
690318
690430
690431
690432
690433
690439
690440
690445
690446
690447
690448
690449
690450
690451
690453
690465
690466
690467
690468
690469
690473
690474
690483
690484
690485
690486
690488
690489
690491
690492
690493
690494
690500
690513
690514
690515
690516
690517
690518
690519
690520
690521
690522
690523
690524
690525
690526
690527
690528
690529
690530
690531
690532
690533
690534
690535
690536
690537
690538
690539
690542
690550
690551
690552
690553
690554
690555
690556
690557
690558
690559
690560
690562
690563
690564
690565
690566
690567
690568
690569
690570
690571
690572
690573
690574
690575
690576
690577
690578
690579
690580
690581
690582
690583
690584
690585
690586
690587
690588
690589
690590
690591
690592
690593
690594
690595
690596
690597
690598
690599
690600
690601
690602
690603
690604
690605
690606
690607
690608
690609
690610
690611
690612
690613
690614
690615
690616
690617
690618
690619
690620
690621
690622
690623
690624
690625
690626
690627
690628
690629
690630
690631
690632
690633
690634
690635
690636
690637
690638
690639
690640
690641
690642
690643
690644
690645
690646
690647
690648
690649
690650
690651
690652
690653
690654
690655
690656
690657
690658
690659
690660
690661
694538
694889
694890
694893
694898
694899
694900
694901
694902
694903
694904
694905
694906
694907
694908
694909
694912
694913
694915
694916
694919
694920
694921
694923
694924
694925
694926
694930
694931
694932
694933
694934
694935
694940
694947
694948
694964
694965
694974
694975
694976
694977
694978
694979
694980
694981
694982
694983
694984
694985
694990
694991
694992
694993
694994
694995
694996
694997
694998
694999
695000
695001
695002
695003
695004
695005
695006
695007
695008
695009
695010
695011
695012
695013
695014
695015
695016
695017
695018
695019
695020
695021
695022
695023
695024
695025
695026
695027
695028
695029
695030
695031
695032
695033
695034
695035
695036
695037
695038
695039
695040
695041
695042
695043
695044
695045
695046
695047
695048
695049
695050
695051
695052
695053
695054
695055
695056
695057
695058
695059
695060
695061
695062
695063
695064
695065
695066
695068
695069
695070
695071
695072
695073
695074
695075
695076
695077
695078
695079
695080
695081
695082
695083
695084
695085
695086
695087
695088
695089
695090
695091
695092
695093
695094
695095
695096
695097
695098
695099
695100
695101
695102
695103
695104
695105
695106
695107
695108
695109
695110
695111
695112
695113
695114
695115
695116
695117
695118
695119
695120
695121
695122
695123
695124
695125
695126
695127
695128
695129
695130
695131
695132
695133
695134
695135
695136
695137
695138
695139
695140
695141
695142
695143
695144
695145
695146
695147
695148
695149
695150
695151
695152
695153
695154
695268
695269
695270
695271
695272
695273
695274
695275
695276
695277
695278
695279
695283
695284
695285
695286
695289
695290
695291
695293
695295
695296
695297
695298
695299
695301
695302
695303
695304
695305
695313
695314
695315
695317
695325
695326
695327
695328
695329
695330
695334
695335
695342
695343
695344
695345
695346
695347
695348
695349
695350
695351
695352
695353
695354
695355
695356
695357
695358
695359
695360
695361
695362
695363
695364
695365
695366
695367
695368
695369
695370
695371
695372
695373
695374
695375
695376
695377
695378
695379
695380
695381
695382
695383
695384
695385
695386
695387
695388
695389
695390
695391
695392
695393
695394
695395
695396
695397
695398
695399
695400
695401
695402
695403
695404
695405
695406
695407
695408
695409
695410
695411
695412
695413
695414
695415
695416
695417
695418
695419
695420
695421
695423
695424
695425
695426
695427
695428
695429
695430
695431
695432
695433
695434
695435
695436
695437
695438
695439
695440
695441
695442
695443
695444
695445
695446
695447
695448
695449
695450
695451
695452
695453
695454
695455
695456
695457
695458
695459
695460
695461
695462
695463
695464
695465
695466
695467
695468
695469
695470
695595
695596
695597
695598
695599
695600
695601
695607
695610
695611
695613
695616
695618
695619
695620
695621
695622
695623
695624
695625
695626
695627
695628
695629
695630
695631
695632
695633
695634
695635
695636
695637
695638
695639
695640
695641
695642
695643
695644
695645
695646
695647
695648
695649
695650
695651
695652
695653
695654
695655
695656
695657
695658
695659
695660
695661
695662
695663
695664
695665
695666
695667
695668
695669
695670
695671
695672
695673
695674
695676
695677
695678
695679
695680
695681
695682
695683
695699
695700
695701
695704
695705
695706
695707
695708
695709
695710
695711
695712
695713
695714
695716
695717
695718
695719
695720
695721
695722
695723
695724
695725
695726
695727
695728
695729
695730
695731
695732
695733
695734
695735
695736
695737
695738
695739
695740
695741
695742
695744
695745
695746
695747
695748
695749
695750
695751
695752
695753
695754
695755
695756
695757
695758
695759
695760
695761
697214
701296
701298
701299
701301
701302
701306
701307
701308
701309
701310
701311
701546
701547
701548
701550
701551
701552
701553
707942
707944
707945
707948
707949
708035
708036
708037
708038
708039
708040
708049
708050
708051
708052
708053
708054
708056
708057
708058
708059
708060
708061
708605
708606
708607
708608
708609
708610
709290
709319
709600
709601
709825
709826
709877
709878
710097
710098
710099
710149
710150
710740
710741
710742
710767
710768
710769
710773
710779
710780
713978
713979
713980
713981
713982
713984
713985
713986
713987
714004
714005
714006
714007
714011
714012
714013
715068
715069
715070
715071
715951
716295
716296
716297
716298
726074
726075
727056
727057
728251
728252
728253
728254
728256
728261
728262
728263
728264
728267
728268
728270
728271
728272
728273
728274
728275
728276
733325
733326
733327
733330
733331
733332
733333
733334
733335
733338
733339
733342
733345
733349
733350
733351
733352
733353
733354
733355
737088
737089
737090
737091
737353
737354
737355
737356
739381
739382
739383
739395
739396
739397
739404
739405
739406
739407
739725
739726
739727
739728
739729
739730
739768
739772
739774
739776
739778
739779
739795
739797
739798
739800
740292
740293
740317
740662
740663
740703
740728
740768
740793
740818
741219
741249
742189
742190
742194
742195
742337
742342
742362
742648
742649
746161
746164
746166
746167
746168
746169
746170
746171
746172
746174
746175
746801
746802
746803
746804
746805
746806
746807
746808
746809
746811
746812
746813
746814
746815
746816
746819
746821
746825
746829
747152
747153
747154
747155
747156
747157
747158
747435
747436
747437
747438
747439
747440
747441
747442
747443
747444
747445
747446
747447
747448
747449
747450
747451
747452
747453
747454
747455
747456
747457
747458
747459
747460
747465
747466
747473
747478
747486
747487
747496
749132
749199
749329
749755
749756
749771
749772
749773
749774
749775
749776
749777
749778
749779
749798
749799
749800
749801
749802
749803
749804
749805
749806
749807
749808
749809
749813
749814
749815
749817
749819
749820
749821
749822
749823
749824
749825
749826
749827
749837
749838
749839
749840
749844
749845
749846
750004
750005
750006
750007
750008
750019
750020
750021
750022
750023
750024
750026
750027
750157
750159
750160
750161
750162
750163
750164
750165
750166
750167
750168
750172
750173
750174
750175
750176
750177
750178
750179
750180
750181
750182
750183
750250
750251
750252
750253
750254
750255
750256
750257
750258
750259
750260
750261
750531
750532
750533
750534
750536
750537
750538
750539
750540
750546
750547
750548
750561
750562
750563
750564
750565
750569
750570
750571
750572
750585
750586
750587
750588
750589
750594
750595
750596
750598
750599
750600
750601
750615
750616
750618
750619
750622
750623
750624
750625
750997
750998
750999
751000
751001
751003
751142
751143
751144
751145
751146
751147
751148
751149
751150
751151
751642
751643
751644
751645
751646
751647
751648
751649
751650
751651
751887
751888
752006
752008
752495
752496
752497
752498
752499
752500
752501
752502
752503
752504
752505
752506
752507
752508
752523
752524
752525
752526
752538
752539
752542
752543
752544
752545
752546
752547
752548
752550
752553
752554
752555
752556
752557
752558
752559
752560
752561
752562
752563
752564
752565
752566
752567
752568
752569
752570
752571
752572
752573
752574
752575
752576
752767
752768
752769
752770
752771
752772
752773
752774
752775
752776
752777
752778
752779
752780
752781
752782
752783
752784
752785
752786
752787
752788
752789
752790
752791
752792
752793
752808
752809
752810
752811
752812
752813
752814
752815
752816
752817
752818
752819
752820
752821
752822
752823
752824
752825
752826
752828
752829
752830
752831
752832
752833
752834
752835
752836
752837
752838
752839
752840
752841
752842
752843
752844
753018
753019
753020
753021
753022
753023
753024
753025
753028
753029
753030
753031
753032
753033
753034
753035
753036
753037
753038
753039
753041
753042
753043
753044
753045
753046
753047
753063
753064
753065
753066
753067
753068
753069
753070
753071
753072
753073
753074
753075
753076
753077
753089
753090
753091
753092
753093
753094
753095
753096
753097
753098
753100
753101
753102
753103
753104
753105
753106
753107
753108
753109
753110
753111
753112
753113
754075
754076
754077
754078
754083
754084
754085
754086
754087
754088
754089
754090
754091
754092
754096
754100
754101
754132
754134
754136
754137
754138
754139
754140
754141
754142
754682
754683
754684
754685
754686
754687
754689
754690
754691
754692
754693
754694
754695
754696
754697
754698
754699
754700
754701
754702
754703
754704
754705
754706
754707
754708
754709
754710
754711
754712
754713
754714
754715
754716
754717
754718
754719
754720
754721
754722
754723
754724
754725
754726
754727
754728
754729
754730
754731
754732
754733
754734
754735
754736
754737
754738
754739
754740
754741
754742
754743
754744
754745
754746
754747
754748
754749
754750
754751
754752
754753
754754
754755
754756
754757
754758
754759
754760
754761
754762
754763
754764
754765
754766
754767
754768
754769
754770
754771
754772
754773
754774
754775
754776
754777
754778
754779
754780
754781
754782
754783
754784
754785
754786
754787
754788
754789
754790
754791
754792
754793
754794
754795
754796
754797
754798
754799
754800
754801
754802
754803
754804
754805
754806
754807
754808
754809
754810
754811
754812
754813
754814
754815
754816
754817
754818
754819
754820
754821
754822
754823
754824
754825
754826
754827
754828
754829
754830
754831
754832
754833
754834
754835
754836
754837
754838
754839
754840
754841
754842
754843
754844
754846
754847
754848
754850
754851
754852
754853
754854
754855
754856
754857
754858
754859
754860
754861
754862
754863
754864
754865
754866
754867
754868
754869
754870
754871
754872
754873
754874
754875
754876
754877
754878
754879
754880
754881
754882
754883
754884
754885
754886
754887
754888
754889
754890
754891
754892
754893
754894
754895
754896
754897
754898
754899
754900
754901
754902
754903
754904
754905
754906
754907
754908
754909
754910
754911
754912
754913
754914
754915
754916
754918
754920
754921
754922
754923
754924
754925
754926
754927
754928
754929
754930
754931
754932
754933
754934
754935
754936
754937
754938
754939
754940
754942
754943
754945
754946
754948
754949
755418
755419
755420
755421
755422
755423
755424
755425
755426
755427
755428
755429
755430
755431
755432
755433
755434
755435
755436
755437
755438
755439
755440
755442
755443
755445
755446
755476
755477
755478
755479
755481
755482
755483
755484
755485
755741
755743
755744
755745
755746
755749
755753
755756
755757
755758
755759
755760
755761
755762
755763
755764
756124
756125
756126
756127
756128
756129
756130
756915
756945
756950
756953
756954
756955
756957
756959
756962
756965
756966
756967
756968
756969
756971
756974
756975
756977
756979
756981
756983
756984
756985
756986
756987
756991
756992
756993
756995
756996
756997
756998
756999
757000
757001
757002
757004
757006
757007
757008
757009
757010
757011
757012
757013
757014
757015
757016
757017
757018
757019
757020
757022
757023
757024
757025
757026
757027
757028
757029
757030
757031
757033
757034
757035
757036
757037
757038
757040
757041
757042
757043
757044
757045
757046
757047
757048
757049
757050
757051
757052
757053
757054
757055
757056
757057
757058
757059
757060
757061
757062
757064
757065
757066
757069
757070
757071
757072
757076
757077
757078
757079
757080
757081
757082
757083
757084
757085
757086
757087
757088
757089
757090
757091
757092
757093
757094
757095
757096
757097
757098
757099
757100
757101
757103
757104
757105
757106
757107
757108
757109
757110
757111
757112
757113
757114
757115
757116
757117
757118
757119
757120
757121
757122
757123
757124
757125
757126
757127
757128
757129
757130
757131
757132
757133
757134
757135
757136
757137
757138
757139
757140
757141
757142
757143
757144
757145
757146
757147
757148
757149
757150
757151
757152
757153
757154
757155
757156
757157
757158
757159
757160
757161
757162
757163
757164
757165
757166
757167
757168
757169
757170
757171
757172
757173
757174
757175
757862
757879
757880
757881
757887
757888
757889
758259
758260
758261
758262
758263
758264
758265
758266
758267
758270
758271
758276
758277
758278
758279
758290
758379
758380
758381
758383
758385
758386
758387
758388
758389
758390
758391
758392
758393
758394
758395
758396
758397
758398
758399
758400
758401
758402
758403
758404
758405
758406
758407
758408
758409
758410
758411
758412
758413
758414
758415
758416
758417
758418
758419
758420
758421
758422
758423
758424
758425
758426
758427
758428
758429
758430
758431
758432
758433
758434
758435
758436
758437
758438
758439
758440
758441
758442
758443
758444
758445
758446
758447
758450
758451
758457
758458
758459
758460
758461
758463
758467
758469
758470
758474
758475
758476
758547
758549
758551
758558
758561
758562
758563
758564
758565
758566
758790
758792
758808
758809
758810
758811
758812
758813
758814
758815
758816
758817
758818
758819
758820
758821
758822
758823
758824
758825
758826
758827
758828
758829
758830
758831
758832
758833
758834
758835
758836
758837
758838
758839
758840
758841
758842
758843
758844
758845
758846
758847
758848
758849
758850
758854
758860
758861
758862
758863
758864
758865
758866
758867
758868
758869
758870
758871
758872
758873
758874
758875
758876
758877
758878
758879
758880
758881
758882
758883
758884
758885
758886
758887
758888
758889
758890
758891
758892
758893
758894
758895
758896
758899
758901
758905
758906
758907
758910
758912
758914
758915
758918
758919
758920
758921
758922
758938
759185
759186
759187
759190
759191
759192
759203
759204
759207
759620
759622
759623
759630
759635
759636
759637
759638
759639
759640
759641
759642
759643
759645
759647
759648
759650
759993
759994
759995
759996
759997
759998
759999
760000
760001
760002
760003
760004
760005
760006
760007
760008
760009
760010
760011
760012
760013
760014
760015
760016
760017
760018
760019
760020
760021
760022
760023
760024
760025
760026
760027
760028
760029
760030
760031
760032
760033
760034
760035
760036
760037
760038
760039
760040
760041
760042
760043
760044
760045
760046
760047
760048
760049
760050
760051
760052
760053
760054
760055
760056
760057
760058
760059
760060
760061
760062
760063
760064
760065
760558
760559
760560
761152
762505
762506
762515
762516
762517
762518
762519
762520
762521
762522
762523
762524
762526
762527
762528
762529
762530
762531
762532
762533
762534
762535
762536
762537
762538
762541
762851
762879
762881
762898
762900
762903
762913
762914
762916
762920
762921
762922
762923
762924
762925
762927
762928
762929
762930
762931
762932
762933
762934
762935
762936
762937
762938
762940
762948
762949
762951
762952
762953
762954
762955
762956
762957
762958
762972
762974
762975
762976
762977
762979
762980
762981
762982
762983
762984
762985
762986
762987
762988
762989
762991
762992
762993
762994
762995
762996
762997
762998
762999
763000
763204
763205
763206
763207
763208
763209
763210
763211
763212
763213
763214
763215
763216
763217
763218
763219
763220
763221
763222
763223
763224
763226
763227
763228
763229
763230
763231
763232
763233
763234
763235
763236
763237
763238
763239
763240
763241
763242
763243
763244
763245
763246
763247
763248
763249
763250
763251
763252
763253
763254
763255
763256
763257
763258
763259
763260
763261
763262
763263
763264
763265
763266
763267
763268
763269
763270
763271
763272
763273
763274
763275
763276
763277
763278
763279
763280
763281
763282
763283
763285
763287
763291
763295
763296
763297
763298
763299
763300
763301
763302
763303
763304
763305
763306
763307
763309
763326
763327
763328
763329
763330
763331
763332
763333
763334
763335
763336
763337
763338
763339
763341
763342
763343
763344
763345
763346
763347
763348
763349
763350
763351
763352
763353
763360
763361
763362
763363
763364
763365
763366
763367
763369
763371
763374
763375
763376
763377
763378
763379
763380
763381
763382
763392
763393
763394
763395
763396
763397
763398
763399
763400
763401
763402
763403
763404
763405
763409
763410
763411
763412
763413
763414
763415
763416
763417
763418
763419
763420
763421
763422
763423
763424
763425
763426
763427
763428
763429
763430
763431
763432
763434
763669
763670
763671
763672
763673
763677
763679
763680
763689
763690
763691
763694
763697
763698
763699
763700
763714
763715
763716
763729
763730
763731
763732
763733
763734
763737
763738
763751
763754
763755
763760
763761
763762
763763
763764
763765
763766
763767
763768
763769
763770
763771
763772
763773
763774
763775
763776
763780
763781
763782
763783
763784
763786
763787
763788
763789
763790
763791
763792
763793
763794
763795
763796
763797
763798
763799
763800
763819
763820
763821
763822
763823
763824
763825
763828
763829
763830
763831
763832
763833
763834
764101
764102
764103
764104
764113
764114
764126
764127
764128
764129
764130
764131
764132
764133
764140
764141
764146
764147
764152
764153
764154
764155
764156
764157
764158
764159
764161
764162
764163
764164
764165
764166
764167
764168
764175
764176
764178
764179
764180
764181
764182
764183
764184
764185
764186
764187
764188
764189
764190
764191
764192
764193
764209
764210
764211
764215
764216
764217
764218
764219
764220
764221
764222
764223
764224
764226
764227
764229
764230
764231
764232
764233
764236
764246
764247
764249
764251
764253
764254
764255
764256
764257
764258
764259
764260
764261
764262
764263
764264
764265
764266
764267
764268
764269
764270
764271
764272
764273
764274
764275
764276
764277
764278
764279
764318
764319
764320
764324
764336
764338
764550
764551
764552
764553
764554
764555
764556
764557
764558
764559
764560
764561
764562
764563
764564
764565
764566
764567
764568
764569
764570
764571
764573
764574
764575
764576
764577
764578
764579
764580
764581
764582
764583
764584
764585
764586
764587
764588
764589
764590
764591
764592
764593
764594
764595
764596
764597
764598
764599
764600
764601
764602
764603
764604
764605
764606
764607
764608
764609
764610
764611
764612
764613
764622
764623
764626
764627
764630
764631
764636
764637
764646
764647
764648
764649
764650
764651
764652
764653
764656
764657
764658
764659
764660
764661
764662
764663
764664
764670
764677
764678
764696
764697
764698
764707
764708
764709
764710
764711
764712
764714
764715
764716
764717
764718
764719
764720
764721
764722
764723
764724
764726
764727
764728
764729
764730
764734
764735
764736
764737
764738
764739
764740
764764
764765
764766
764767
764768
764769
764770
764771
764773
764774
764788
764789
764790
764791
764792
764793
764796
764797
764800
764801
764802
764803
764804
764964
764965
764966
764967
764968
764993
764995
764996
765038
765039
765040
765046
765047
765058
765059
765060
765061
765062
765063
765064
765065
765066
765067
765068
765218
765219
765220
765221
765222
765252
765253
765254
765255
765256
765257
765258
765259
765261
765262
765263
765264
765265
765272
765273
765274
765275
765276
765277
765278
765279
765280
765281
765282
765283
765284
765285
765286
765287
765288
765289
765290
765291
765292
765293
765294
765295
765296
765297
765331
765332
765333
765334
765335
765336
765473
765474
765475
765476
765477
765478
765479
765480
765481
765482
766535
766536
766543
766550
766551
766552
766553
766554
766555
766556
766557
766558
766559
766560
766561
766562
766563
766564
766566
766568
766572
766573
766575
766577
766579
766581
766586
766590
766591
766592
766599
766600
766605
766953
766954
766955
766956
766957
766958
766959
766960
766961
766962
766963
766964
766965
766966
766967
766968
766969
766970
766971
766972
766973
766974
766975
766976
766977
766978
766980
766993
766996
766997
766998
766999
767000
767001
767013
767014
767015
767016
767017
767018
767019
767024
767025
767026
767027
767028
767029
767030
767031
767043
767044
767045
767046
767047
767048
767050
767051
767089
767090
767093
767094
767095
767096
767097
767098
767099
767100
767101
767104
767105
767106
767107
767108
767109
767110
767111
767112
767113
767114
767115
767116
767117
767119
767121
767122
767125
767126
767128
767129
767130
767131
767132
767133
767134
767135
767136
767137
767138
767139
767140
767141
767142
767143
767144
767145
767146
767147
767148
767149
767150
767151
767152
767153
767154
767155
767156
767158
767350
767352
767353
767354
767355
767553
767562
767563
767564
767565
767569
767570
767575
767576
767577
767579
767580
767581
767582
767583
767584
767585
767589
767590
767591
767594
767601
767603
767604
767605
767606
767607
767608
767609
767610
767611
767612
767613
767614
767615
767616
767617
767619
767620
767624
767625
767626
767629
767630
767631
767632
767633
767634
767635
767636
767637
767638
767639
767640
767641
767642
767643
767644
767645
767646
767647
767648
767649
767650
767651
767652
767653
767654
767655
767656
767657
767658
767659
767660
767661
767662
767663
767664
767665
767666
767667
767668
767669
767670
767671
767672
767673
767674
767675
767676
767677
767678
767679
767831
767840
767842
767843
767844
767845
767849
767851
767852
767853
767854
767856
767858
767861
767862
767864
767877
767878
767879
767885
767886
767887
767893
767910
767911
767915
767925
767939
767940
767941
767943
767944
767945
767948
767949
767950
767951
767952
767953
767954
767955
767956
767960
767961
767962
767985
767986
767987
767988
767989
767992
767993
767994
767995
767996
767999
768002
768003
768004
768005
768006
768007
768008
768009
768012
768017
768018
768019
768020
768021
768022
768023
768024
768025
768026
768027
768028
768029
768030
768031
768032
768033
768034
768035
768036
768037
768038
768039
768040
768041
768042
768043
768044
768045
768046
768047
768048
768049
768050
768051
768052
768053
768054
768055
768056
768057
768058
768059
768060
768061
768062
768063
768064
768065
768066
768067
768068
768069
768070
768071
768072
768073
768074
768075
768076
768077
768078
768235
768236
768237
768238
768239
768240
768241
768242
768243
768244
768245
768246
768247
768248
768249
768250
768251
768252
768253
768254
768255
768256
768257
768258
768259
768260
768261
768262
768263
768264
768265
768266
768267
768268
768269
768270
768271
768272
768273
768274
768275
768276
768277
768278
768279
768280
768281
768282
768283
768284
768285
768286
768287
768288
768289
768290
768291
768292
768296
768297
768298
768300
768301
768302
768303
768304
768305
768306
768307
768308
768309
768310
768311
768312
768313
768314
768315
768316
768317
768318
768319
768320
768321
768322
768329
768330
768334
768335
768336
768337
768338
768339
768340
768357
768363
768364
768366
768367
768368
768369
768371
768372
768376
768377
768378
768379
768380
768381
768382
768383
768384
768385
768386
768387
768388
768389
768390
768391
768392
768393
768394
768395
768396
768397
768398
768399
768400
768401
768417
768418
768419
768420
768421
768434
768435
768436
768437
768438
768439
768440
768441
768442
768443
768450
768451
768452
768453
768454
768455
768462
768463
768466
768467
768468
768469
768470
768471
768472
768473
768474
768475
768476
768477
768478
768479
768480
768481
768482
768483
768484
768485
768486
768487
768488
768489
768490
768491
768492
768493
768494
768495
768496
768497
768498
768653
768654
768655
768656
768657
768658
768659
768660
768661
768662
768663
768664
768665
768666
768667
768668
768669
768670
768671
768672
768673
768674
768675
768676
768677
768678
768679
768683
768684
768687
768688
768689
768690
768691
768701
768702
768703
768704
768705
768706
768707
768708
768709
768710
768711
768712
768713
768714
768715
768716
768717
768718
768720
768724
768725
768726
768728
768729
768757
768758
768760
768761
768762
768763
768764
768765
768766
768767
768768
768769
768770
768771
768772
768773
768774
768775
768776
768777
768778
768779
768780
768781
768782
768783
768784
768785
768786
768787
768788
768789
768791
768792
768793
768794
768796
768797
768798
768799
768802
768813
768814
768815
768816
768817
768818
768819
768821
768822
768823
768824
768825
768826
768827
768828
768833
768834
768848
768849
768850
768851
768852
768859
768860
768861
768862
768863
768865
768866
768867
768868
768869
768870
768871
768872
768873
768874
768875
768876
768877
768878
768879
768880
768881
768882
768883
768884
768885
768886
768887
768888
768889
768890
768891
768892
768893
768894
768895
768896
768897
768898
768899
768935
768936
768937
768938
768939
768940
768941
768942
768943
768944
768945
768946
768947
768948
768949
768950
768951
768952
768953
768954
768955
768956
768957
768958
768959
768960
768961
768962
768963
768965
768966
768967
768968
768969
768970
768971
768972
768973
768974
768975
768976
768977
768978
768979
768980
768981
768982
768983
768984
768985
768986
768987
768988
768989
768990
768992
768993
768994
768995
768996
768997
768998
768999
769000
769001
769002
769003
769004
769005
769006
769007
769008
769009
769010
769011
769012
769013
769014
769015
769016
769017
769018
769019
769020
769021
769022
769023
769024
769025
769026
769027
769028
769029
769030
769031
769032
769033
769034
769035
769036
769037
769038
769039
769040
769041
769042
769043
769044
769045
769046
769047
769048
769049
769050
769051
769052
769053
769054
769055
769056
769057
769058
769059
769060
769061
769062
769063
769064
769065
769066
769067
769068
769069
769070
769071
769072
769073
769075
769076
769077
769078
769079
769080
769081
769082
769083
769084
769085
769086
769087
769088
769089
769090
769091
769092
769093
769094
769095
769096
769097
769098
769099
769100
769101
769102
769103
769104
769105
769106
769107
769108
769109
769110
769111
769112
769113
769114
769115
769116
769117
769118
769119
769120
769121
769122
769123
769124
769126
769127
769129
769130
769131
769132
769133
769134
769135
769136
769137
769139
769140
769141
769142
769143
769145
769146
769147
769148
769149
769150
769151
769152
769153
769154
769155
769156
769157
769158
769159
769160
769162
769163
769164
769165
769166
769167
769168
769169
769170
769171
769172
769173
769174
769175
769176
769177
769178
769179
769180
769181
769182
769183
769184
769185
769186
769187
769188
769189
769190
769191
769192
769193
769194
769195
769196
769197
769198
769199
769200
769201
769202
769203
769204
769205
769206
769207
769208
769209
769210
769211
769212
769213
769214
769215
769216
769217
769218
769219
769220
769221
769222
769223
769224
769225
769226
769227
769228
769229
769230
769231
769232
769233
769234
769235
769236
769237
769238
769239
769240
769241
769242
769243
769244
769245
769246
769247
769248
769249
769250
769251
769252
769253
769254
769255
769256
769257
769258
769259
769260
769261
769262
769263
769264
769265
769266
769267
769268
769269
769270
769271
769272
769273
769274
769275
769276
769277
769278
769279
769280
769281
769454
769455
769456
769457
769458
769459
769460
769461
769462
769463
769464
769465
769466
769467
769468
769469
769470
769471
769472
769473
769474
769475
769476
769477
769478
769479
769480
769481
769482
769483
769484
769485
769486
769487
769488
769489
769490
769491
769492
769493
769494
769495
769496
769497
769498
769499
769500
769501
769502
769503
769504
769505
769506
769507
769508
769509
769510
769511
769512
769513
769514
769515
769522
769526
769532
769557
769558
769559
769560
769561
769562
769563
769564
769565
769566
769567
769568
769569
769570
769571
769572
769573
769574
769575
769576
769577
769579
769580
769597
769598
769599
769600
769601
769602
769603
769604
769605
769606
769607
769608
769609
769610
769611
769612
769613
769614
769615
769616
769617
769618
769619
769620
769621
769622
769623
769624
769625
769626
769627
769630
769631
769634
769635
769636
769637
769638
769639
769640
769641
769642
769643
769644
769645
769646
769647
769648
769649
769650
769651
769652
769653
769654
769655
769656
769657
769658
769659
769660
769661
769662
769663
769664
769665
769666
769667
769668
769689
769690
769693
769694
769695
769696
769703
769704
769705
769706
769707
769708
769709
769710
769711
769712
769713
769714
769715
769716
769717
769718
769719
769720
769721
769722
769723
769724
769725
769726
769727
769728
769729
769730
769732
769733
769746
769748
769749
769750
769751
769752
769753
769754
769755
769756
769757
769758
769931
769933
769934
769935
769936
769937
769938
769939
769940
769941
769942
769943
769944
769945
769946
769947
769948
769949
769950
769951
769952
769953
769954
769955
769956
769957
769958
769959
769960
769961
769962
769963
769964
769965
769966
769967
769968
769969
769970
769971
769972
769974
769979
769980
769983
769987
769988
769989
769990
769991
769992
769993
769994
769995
769996
769997
769998
769999
770000
770001
770002
770003
770004
770005
770006
770007
770008
770009
770010
770011
770012
770013
770014
770015
770016
770017
770018
770019
770020
770021
770022
770023
770024
770025
770026
770027
770028
770029
770030
770031
770032
770033
770034
770035
770036
770037
770038
770039
770040
770041
770056
770068
770069
770070
770071
770073
770074
770075
770076
770077
770078
770079
770080
770081
770082
770083
770084
770086
770088
770089
770090
770092
770093
770094
770095
770096
770097
770098
770099
770100
770101
770102
770103
770104
770105
770106
770107
770108
770109
770110
770111
770112
770113
770114
770115
770116
770117
770118
770119
770120
770121
770122
770123
770124
770125
770126
770127
770128
770129
770130
770131
770132
770133
770134
770135
770136
770137
770138
770139
770140
770141
770142
770143
770144
770145
770146
770147
770148
770149
770150
770151
770152
770153
770165
770166
770168
770169
770170
770171
770172
770173
770174
770175
770176
770177
770178
770179
770180
770181
770182
770183
770184
770185
770186
770187
770188
770189
770190
770191
770192
770193
770194
770195
770196
770197
770198
770199
770200
770201
770203
770204
770205
770206
770207
770208
770209
770210
770211
770212
770213
770214
770215
770216
770217
770218
770219
770220
770221
770222
770539
770540
770541
770542
770543
770544
770545
770547
770548
770549
770550
770551
770552
770553
770554
770555
770556
770557
770558
770559
770560
770561
770562
770563
770564
770565
770566
770567
770568
770574
770585
770594
770595
770596
770597
770598
770599
770600
770601
770602
770603
770604
770605
770606
770607
770608
770609
770610
770611
770612
770613
770614
770615
770616
770617
770618
770619
770620
770622
770623
770624
770625
770626
770627
770628
770629
770630
770631
770632
770640
770641
770645
770646
770647
770648
770649
770650
770651
770652
770653
770654
770655
770656
770657
770658
770659
770660
770661
770662
770663
770664
770665
770666
770667
770668
770669
770670
770671
770672
770673
770674
770675
770677
770678
770686
770687
770688
770689
770690
770691
770692
770693
770694
770695
770696
770697
770698
770699
770700
770701
770702
770703
770704
770705
770706
770707
770708
770709
770710
770711
770712
770713
770714
770715
770716
770717
770745
770746
770747
770748
770749
770750
770751
770752
770753
770754
770755
770756
770757
770758
770759
770760
770761
770762
770763
770764
770766
770768
770770
770771
770773
770774
770775
770778
770779
770780
770781
770782
770783
770784
770785
770786
770787
770788
770789
770790
770791
770792
770793
770794
770795
770796
770797
770798
770799
770800
770801
770802
770803
770804
770805
770806
770807
770808
770809
770810
770811
770812
770813
770814
770815
770816
770817
770818
770819
770820
770821
770822
770823
770824
770825
770826
770827
770828
770829
770830
770831
770832
770833
770834
770835
770836
770837
771007
771008
771009
771010
771012
771013
771014
771015
771016
771017
771018
771019
771028
771029
771030
771031
771033
771044
771045
771046
771048
771052
771053
771054
771055
771056
771057
771058
771059
771060
771061
771062
771063
771064
771065
771066
771067
771068
771069
771070
771071
771079
771083
771084
771085
771086
771087
771088
771408
771409
771410
771411
771412
771413
771414
771415
771416
771417
771418
771419
771420
771421
771422
771423
771424
771425
771426
771427
771428
771429
771430
771431
771432
771433
771434
771435
771436
771438
771439
771440
771441
771442
771443
771444
771451
771478
771479
771480
771481
771482
771483
771484
771487
771488
771489
771823
771824
771825
771826
771827
771828
771829
771830
771831
771832
771833
771834
771835
771837
771838
771839
771840
771841
771842
771843
771844
771845
771846
771847
771848
771849
771850
771851
771852
771853
771854
771855
771856
771857
771858
771859
771860
771861
771862
771863
771864
771865
771866
771867
771868
771869
771870
771871
771872
771873
771874
771875
771876
771877
771878
771879
771880
771881
771882
771883
771884
771885
771886
771887
771888
771889
771890
771891
771892
771893
771894
771895
771896
771897
771898
771899
771900
771901
771902
771903
771904
771905
771906
771907
771908
771909
771910
771911
771916
771917
771918
772210
772212
772213
772214
772215
772218
772219
772220
772221
772222
772223
772224
772225
772226
772227
772228
772229
772230
772231
772232
772233
772234
772235
772236
772237
772238
772239
772240
772241
772242
772243
772247
772259
772260
772261
772262
772263
772264
772271
772272
772276
772277
772278
772279
772280
772281
772282
772283
772284
772285
772286
772287
772288
772289
772290
772291
772292
772293
772294
772295
772296
772297
772298
772299
772300
772301
772302
772303
772304
772305
772306
772307
772308
772309
772310
772311
772312
772313
772314
772315
772316
772317
772318
772319
772320
772321
772322
772323
772324
772325
772329
772864
773169
773170
773171
773172
773173
773174
773175
773176
773177
773178
773179
773180
773181
773182
773183
773184
773185
773186
773187
773188
773189
773190
773191
773192
773193
773194
773195
773196
773197
773198
773199
773201
773202
773203
773204
773205
773206
773207
773208
773209
773210
773211
773212
773213
773214
773215
773216
773217
773218
773219
773220
773221
773222
773223
773224
773225
773226
773227
773228
773229
773230
773238
773239
773240
773241
773242
773243
773244
773245
773246
773247
773248
773249
773250
773251
773255
773256
773257
773258
773259
773260
773261
773262
773263
773264
773265
773266
773267
773268
773269
773272
773273
773274
773275
773276
773277
773278
773279
773280
773281
773282
773283
773284
773285
773286
773287
773288
773289
773290
773291
773292
773293
773294
773295
773296
773297
773611
773612
773613
773614
773615
773616
773617
773618
773619
773620
773622
773624
773625
773627
773628
773629
773630
773631
773632
773633
773634
773635
773636
773637
773638
773639
773640
773641
773643
773644
773646
773648
773654
773655
773656
773657
773658
773659
773661
773663
773664
773665
773666
773667
773668
773669
773670
773671
773672
773673
773674
773675
773676
773677
773678
773679
773682
773683
773684
773690
773701
773702
773705
773706
773707
773709
773710
773711
773712
773713
773714
773715
773716
773717
773719
773720
773721
774101
774102
774103
774104
774105
774106
774107
774108
774109
774110
774111
774112
774113
774114
774115
774117
774118
774119
774120
774121
774123
774124
774125
774126
774127
774128
774129
774130
774131
774132
774133
774134
774135
774136
774137
774138
774139
774140
774141
774142
774143
774144
774145
774146
774147
774148
774149
774150
774151
774152
774153
774154
774155
774156
774157
774158
774159
774160
774161
774162
774163
774164
774165
774166
774167
774168
774169
774173
774175
774177
774178
774179
774180
774187
774188
774193
774194
774195
774196
774201
774203
774204
774205
774206
774207
774208
774210
774211
774212
774213
774214
774215
774226
774233
774234
774235
774239
774240
774241
774242
774243
774559
774560
774561
774562
774563
774564
774565
774566
774567
774568
774569
774570
774571
774572
774573
774574
774575
774576
774577
774578
774579
774580
774581
774582
774583
774584
774585
774586
774587
774588
774593
774594
774595
774596
774597
774598
774599
774600
774601
774602
774603
774604
774605
774606
774607
774608
774609
774610
774611
774612
774613
774614
774615
774619
774620
774623
774645
774646
774649
774668
774669
774673
774990
774993
774994
774995
774996
774997
774998
775005
775006
775008
775009
775010
775011
775012
775013
775014
775015
775016
775017
775018
775019
775020
775021
775022
775023
775024
775025
775026
775027
775028
775031
775040
775041
775042
775050
775051
775052
775053
775054
775055
775056
775057
775058
775059
775060
775061
775062
775064
775074
775075
775076
775077
775081
775082
775083
775422
775959
775960
775965
775966
775967
775977
775978
775985
776756
776757
776815
776845
776846
776847
776848
776849
776850
776851
776852
776853
776854
776855
776856
776857
776858
776859
776860
776861
776862
776864
776865
776866
776867
776868
776869
776870
776871
776872
776873
776874
776875
776876
776877
776878
776879
776880
776881
776882
776883
776884
776885
776886
776887
776888
776889
776890
776891
776892
776893
776894
776895
776896
776897
776898
776899
776900
776901
776902
776903
776904
776905
776906
776907
776908
776909
776910
776911
776912
776913
776914
776915
776916
776917
776918
776919
776920
776921
776922
776924
776925
776926
776927
776928
776929
776930
776931
776932
776933
776934
776935
776936
776937
776938
779793
779794
779795
779796
779801
779804
779805
779806
779807
779808
779809
779810
779811
779812
779813
779814
779815
779816
779817
779818
779819
779820
779821
779822
779823
779824
779827
779828
779831
779832
779837
779838
779839
779840
779885
779943
779944
779945
779946
779947
779949
779950
779951
779952
779953
779954
779955
779956
779957
779958
779959
779960
779961
779962
779963
779964
779965
779966
779967
779968
779969
779970
779971
779972
779973
779974
779975
779976
779977
779978
779979
779980
779981
779982
779983
779984
779985
779986
779987
779988
779989
779990
779991
779992
779993
779994
779995
779996
779997
779998
779999
780000
780001
780002
780003
780004
780005
780006
780007
780008
780009
780010
780011
780012
780013
780014
780015
780016
780017
780018
780019
780020
780021
780022
780023
780024
780025
780026
780027
780028
780029
780030
780031
780108
780109
780111
780112
780113
780114
780115
780116
780118
780119
780120
780121
780122
780124
780135
780136
780138
780139
780140
780141
780167
780168
780169
780170
780190
780191
780192
780193
780194
780195
780196
780197
780198
780199
780200
780201
780202
780203
780204
780205
780206
780207
780208
780209
780214
780215
780216
780217
780218
780219
780220
780221
780222
780223
780224
780225
780226
780227
780228
780229
780230
780231
780232
780233
780234
780235
780236
780237
780238
780239
780240
780241
780242
780243
780244
780245
780246
780247
780248
780249
780250
780251
780253
780254
780255
780256
780257
780258
780259
780260
780261
780262
780263
780264
780265
780266
780267
780268
780269
780270
780271
780272
780273
780274
780275
780276
780277
780278
780279
780280
780281
780282
780283
780284
780285
780286
780287
780288
780289
780290
780291
780292
780293
780294
780295
780296
780297
780298
780299
780300
780301
780302
780303
780304
780384
780385
780386
780387
780388
780389
780390
780391
780443
780606
780614
780616
780632
780633
780635
780636
780642
780643
780644
780645
780647
780648
780650
780651
780652
780653
780654
780655
780656
780657
780659
780660
780661
780662
780665
780666
780667
780668
780669
780670
780671
780672
780673
780675
780676
780677
780678
780679
780680
780681
780682
780683
780687
780688
780689
780690
780691
780692
780693
780694
780695
780696
780697
780698
780699
780700
780701
780702
780703
780704
780705
780706
780707
780708
780709
780710
780711
780712
780713
780714
780715
780716
780717
780718
780719
780720
780721
780722
780723
780724
780725
780726
780727
780728
780729
780730
780731
780732
780733
780735
780736
780737
780738
780744
780745
780746
780747
780748
780749
780750
780751
780752
780753
780754
780755
780756
780757
780758
780759
780760
780761
780762
780763
780764
780765
780766
780767
780768
780769
780770
780771
780772
780773
780774
780775
780776
780777
780778
780779
780780
780781
780782
780783
780784
780785
780786
780787
780788
780789
780790
780791
780792
780793
780794
780795
780796
780797
780798
780799
780800
780801
780802
780803
780804
780805
780806
780807
780808
780809
780810
780811
780812
780813
780814
780815
780816
780817
780818
780819
780820
780821
780822
780823
780824
780825
780826
780827
780828
780829
780830
780831
780832
780833
780834
780835
780836
780837
780838
780915
780916
780917
780918
780919
780920
780921
780923
780925
780928
780929
780930
780931
780933
780942
780955
780956
780957
780958
780959
780960
780961
780965
780966
780967
780968
780971
780972
780973
780974
780978
780979
780980
780981
780986
780988
780989
780990
780991
780992
781000
781005
781006
781007
781008
781009
781010
781019
781020
781021
781022
781023
781024
781025
781026
781027
781028
781029
781030
781033
781034
781035
781036
781037
781038
781039
781046
781047
781048
781049
781050
781051
781052
781053
781054
781055
781056
781057
781058
781059
781060
781064
781069
781070
781071
781072
781073
781074
781075
781076
781077
781078
781079
781080
781081
781082
781083
781084
781085
781086
781087
781088
781089
781090
781091
781092
781093
781094
781095
781096
781097
781099
781100
781101
781102
781103
781104
781105
781106
781107
781108
781109
781110
781111
781112
781113
781114
781115
781116
781117
781118
781119
781120
781121
781122
781123
781124
781125
781126
781127
781128
781129
781130
781131
781132
781133
781134
781135
781136
781137
781138
781139
781140
781141
781142
781143
781144
781145
781146
781147
781148
781149
781150
781151
781152
781153
781154
781155
781156
781157
781158
781159
781160
781161
781162
781163
781164
781165
781166
781167
781168
781246
781247
781248
781249
781250
781251
781252
781253
781256
781257
781258
781260
781262
781263
781270
781283
781286
781287
781288
781291
781297
781298
781299
781300
781301
781302
781303
781304
781305
781306
781307
781308
781309
781310
781311
781312
781315
781316
781317
781318
781328
781339
781340
781341
781347
781348
781349
781350
781351
781352
781353
781354
781355
781356
781357
781358
781359
781360
781361
781362
781363
781364
781365
781366
781367
781368
781369
781370
781371
781372
781373
781374
781375
781376
781377
781378
781379
781384
781391
781392
781393
781394
781395
781401
781402
781403
781404
781405
781406
781407
781408
781409
781410
781411
781412
781413
781414
781415
781416
781417
781418
781419
781420
781421
781422
781423
781424
781425
781426
781427
781428
781429
781430
781431
781432
781433
781434
781435
781436
781437
781438
781439
781440
781441
781442
781443
781444
781445
781446
781447
781448
781449
781450
781451
781452
781453
781454
781455
781456
781457
781458
781459
781460
781461
781462
781463
781464
781465
781466
781467
781468
781469
781470
781471
781472
781473
781474
781475
781476
781477
781478
781479
781480
781481
781482
781483
781484
781485
781486
781487
781488
781489
781490
781491
781492
781493
781999
782787
782788
782790
782791
782794
782796
782800
782801
782802
782803
782804
782805
782806
782807
782808
782809
782813
782814
782815
782816
782817
782818
782819
782820
782821
782822
782823
782824
782825
782826
782827
782828
782829
782830
782831
782832
782833
782834
782835
782836
782837
782838
782839
782840
782841
782842
782843
783008
783009
783010
783012
783025
783026
783027
783028
783029
783033
783048
783049
783055
783056
783057
783058
783059
783060
783061
783062
783063
783064
783065
783066
783067
783068
783069
783070
783071
783072
783073
783074
783075
783076
783077
783078
783079
783080
783081
783082
783083
783084
783085
783086
783089
783090
783091
783093
783094
783096
783097
783098
783104
783105
783106
783107
783108
783109
783110
783111
783112
783113
783114
783115
783116
783117
783118
783119
783120
783121
783122
783123
783124
783125
783126
783127
783128
783130
783132
783133
783134
783135
783136
783137
783138
783139
783140
783141
783142
783143
783144
783145
783146
783147
783148
783149
783150
783523
783530
783531
783532
783533
783534
783548
783553
783554
783555
783558
783561
783566
783567
783568
783572
783573
783574
783582
783583
783584
783585
783586
783590
783591
783592
783593
783594
783595
783596
783597
783598
783599
783600
783601
783602
783603
783604
783605
783606
783607
783608
783609
783610
783611
783612
783613
783614
783615
783616
783617
783618
783619
783620
783621
783622
783623
783624
783625
783626
783627
783628
783629
783630
783631
783632
783633
783634
783635
783636
783637
783638
783639
783640
783641
783642
783643
783644
783645
783646
783647
783648
783649
783650
783651
783652
783653
783654
783655
783656
783657
783658
783659
783660
783816
783817
783818
783822
783825
783827
783828
783835
783841
783842
783844
783845
783846
783847
783851
783854
783855
783856
783857
783858
783863
783864
783865
783866
783867
783868
783869
783872
783874
783880
783881
783882
783883
783885
783886
783890
783891
783892
783893
783894
783895
783905
783906
783908
783909
783910
783911
783912
783914
783915
783916
783917
783918
783922
783923
783924
783925
783928
783929
783930
783931
783932
783934
783935
783938
783941
783942
783943
783944
783945
783946
783947
783948
783949
783950
783951
783952
783953
783954
783955
783956
783957
784189
784199
784207
784208
784209
784210
784248
784249
784250
784251
784252
784253
784267
784268
784269
784270
784271
784278
784279
784283
784288
784289
784290
784291
784292
784293
784294
784295
784296
784297
784298
784299
784300
784301
784302
784304
784305
784966
787415
787416
787417
787418
787419
787420
787421
787422
787423
787424
787425
787426
787427
787428
787429
787430
787431
787432
787433
787434
787435
787436
787437
787438
787439
787440
787441
787442
787443
787444
787445
787447
787448
787449
787450
787451
787452
787453
787454
787455
787456
787457
787458
787459
787460
787461
787462
787463
787464
787465
787466
787467
787468
787469
787470
787471
787472
787473
787474
787475
787476
787477
787478
787479
787480
787481
787482
787483
787484
787485
787486
787487
787488
787489
787490
787491
787492
787655
789578
789584
789585
789586
789588
789589
789590
789592
789593
789594
789595
789602
789645
789646
789647
789648
789649
789650
789651
789652
789658
789659
789660
789661
789664
789667
789668
789669
789674
789675
789676
789677
789678
789679
789680
789681
789682
789683
789684
789685
789686
789687
789688
789689
789690
789691
789692
789693
789694
789695
789696
789697
789698
789699
789700
789701
789702
789703
789704
789705
789706
789707
789708
789709
789710
789712
789713
789714
789715
789716
789717
789718
789719
789720
789721
789722
789723
789724
789856
789857
789858
789861
789862
789864
789865
789866
789867
789868
789874
789891
789895
789900
789901
789902
789903
789904
789914
789916
789917
789918
789970
789975
789976
789977
789978
789979
789989
789991
789992
789993
789994
789995
789996
789997
789998
789999
790001
790002
790004
790005
790006
790007
790008
790009
790010
790012
790013
790014
790015
790016
790017
790018
790019
790020
790021
790022
790023
790024
790025
790026
790027
790028
790029
790030
790031
790032
790034
790035
790036
790037
790038
790040
790041
790042
790043
790044
790045
790046
790047
790048
790049
790188
790189
790225
790226
790274
790275
790276
790277
790286
790288
790290
790293
790294
790295
790296
790299
790300
790301
790302
790303
790492
790493
790494
790495
790496
790507
790534
790535
790584
790585
790586
790587
790588
790598
790600
790601
790602
790603
790604
790605
790607
790609
790610
790611
790612
790613
790814
790815
790822
790870
790913
790914
790927
790931
790934
790938
790939
790942
790943
790945
790946
790947
790948
790949
790950
790952
790953
790954
790955
790956
790957
790958
792731
792732
792733
792734
792735
792736
792737
792738
792739
792740
792741
792742
792769
792771
792772
792773
792774
792775
792776
792777
792778
792779
792780
792781
792782
792783
792784
792785
792786
792787
792788
792789
792790
792791
792799
792800
792801
792802
792803
792804
792805
792806
792807
792808
792809
792810
792811
792812
792813
792814
792815
792817
792818
792819
792822
792829
792830
792832
792838
792839
792840
792841
792842
793026
793027
793028
793029
793033
793034
793048
793049
793066
793068
793069
793070
793073
793075
793076
793078
793079
793080
793084
793085
793089
793090
793091
793097
793098
793103
793104
793105
793106
793107
793112
793113
793114
793115
793116
793119
793120
793122
793296
793297
793300
793301
793302
793303
793317
793324
793325
793326
793327
793328
793329
793347
793348
793349
793352
793353
793354
793356
793357
793358
793360
793370
793530
793531
793532
793533
793534
793536
793537
793538
793539
793540
793541
793542
793543
793544
793545
793546
793547
793548
793550
793551
793552
793553
793554
793555
793556
793557
793558
793559
793560
793561
793562
793563
793564
793565
793566
793567
793568
793569
793570
793571
793572
793778
793780
793781
793782
793783
793784
793785
793786
793787
793799
793808
793809
793810
793811
793819
793822
793823
793824
793825
793827
795969
795981
795982
795993
804357
804358
804362
804363
804369
804375
804383
804384
804385
804386
804847
805060
805061
805062
805063
805064
805065
805067
805068
805069
805070
805071
805072
805074
805075
805076
805077
805078
805079
805081
805082
805083
805084
805085
805086
805088
805089
805090
805091
805092
805093
805098
805100
805101
805102
805103
805105
805106
805107
805108
805109
805110
805212
805214
805216
805467
805468
805470
805471
805472
805474
805475
805476
805477
805478
805509
805521
805676
805688
806020
806032
806314
806315
806326
806327
807288
807601
807895
807896
808237
808239
808240
808241
808242
808243
808244
808246
808247
808248
808250
808251
808252
808253
808254
808255
808256
808257
808258
808259
808260
808261
808262
808263
808264
808265
808266
808267
808268
808269
808270
808271
808272
808273
808274
808275
808276
808277
808279
808280
808281
808282
808283
808284
808285
808286
808539
808543
808546
808547
808548
808549
808550
808557
808558
808559
808560
808561
808562
808563
808564
808565
808566
808567
808568
808569
808570
808571
808572
808573
808574
808575
808811
810439
810440
810526
810527
813266
813267
813268
813269
813270
813271
813272
813273
813275
813276
813281
813282
813283
813284
813285
813286
813287
813288
813289
813290
813292
813293
815089
815093
815094
815101
815102
815103
815110
815348
815349
815350
815351
815352
815353
815354
815373
815374
815375
815376
815377
815378
815379
815380
815381
815382
815383
815384
815385
815386
815387
815388
815389
815390
815391
815392
815393
815394
815395
815396
815397
815398
815399
815400
815401
815402
815715
815716
815717
815718
815719
815720
815721
815722
815723
815724
815725
815726
815727
815728
815729
815730
815731
815732
816113
816114
816115
816119
816121
816122
816123
816124
816125
816126
816127
816128
816129
816130
816131
816132
816133
816134
816135
816136
816137
816138
816547
816548
816549
816550
816551
816552
816553
816554
816555
816556
816557
816558
816559
816560
816561
816562
816563
816564
816565
816566
816567
816568
816569
816570
816571
816572
816573
816574
816575
816576
816577
816578
816579
816580
816581
816582
816583
816584
816585
816586
816587
816588
816592
816935
816936
816937
816938
816939
816940
816941
816942
816943
816944
816945
816946
816947
816948
816949
816950
816951
816952
816953
816954
816955
816956
816957
816958
816959
816960
816961
816962
816963
816964
816965
816966
816967
816968
816969
816970
816971
816972
816976
816982
816983
816984
816986
816987
816988
817512
817514
817515
817516
817517
817518
817519
817520
817521
817522
817524
817525
817526
817527
817528
817529
817546
817547
817548
817549
817550
817551
817552
817553
818860
818861
818862
819144
819145
819146
819147
819148
819149
819150
819151
819433
819434
819435
819436
819437
819439
819440
819757
819758
819759
819760
819761
819762
819763
819774
819776
819777
819778
819779
819782
820072
820104
820105
820106
820107
820108
820109
820112
820113
820114
820115
820120
820121
820122
820123
820126
820127
820128
820129
820397
820399
820400
820401
820402
820403
820404
820405
820406
820407
820408
820409
820410
820411
820413
820414
820415
820416
820417
820419
820421
820422
820423
820424
820425
820426
820427
820428
820429
820430
820431
820432
820433
820434
820436
820437
820438
820439
820440
820441
820442
820443
820444
820445
820446
820447
820448
820449
820452
820453
820454
820455
820457
820458
820459
820460
820461
820462
820463
820464
820465
820466
820467
820468
820469
820470
820471
820472
820473
820474
820475
820477
820479
820480
820481
820482
820483
820484
820485
820486
820496
820736
820737
820738
820739
820740
820741
820742
820743
820744
820745
820746
820747
820748
820749
820750
820751
820752
820753
820754
820755
820756
820758
820759
820760
820761
820762
820764
820765
820766
820767
820768
820769
820770
820771
820772
820773
820774
820775
820776
820777
820778
820779
820780
820781
820782
820783
820784
820785
820786
820787
820788
820789
820790
820792
820793
820794
820797
820799
820801
820802
820804
820805
820806
820807
820808
820809
820810
820811
820812
820817
820818
820823
820824
820825
820829
820833
820834
820835
820836
820837
820838
820839
820840
820841
820842
820843
820844
820845
820848
820849
820850
820854
820855
820856
820857
820861
820862
820863
820864
820904
820905
820906
820907
820908
820909
820910
820911
820912
820913
820914
820915
820916
821109
821110
821113
821115
821116
821117
821119
821120
821121
821123
821125
821126
821127
821128
821135
821136
821137
821138
821139
821140
821145
821146
821149
821150
821151
821153
821155
821156
821157
821158
821159
821161
821163
821169
821170
821171
821172
821177
821178
821179
821180
821181
821185
821187
821188
821189
821190
821191
821192
821194
821197
821198
821199
821200
821203
821204
821248
821249
821250
821251
821252
821253
821254
821255
821256
821257
821258
821259
821260
821443
821444
821445
821447
821448
821449
821450
821452
821453
821454
821455
821456
821458
821459
821460
821462
821463
821466
821467
821468
821469
821470
821471
821472
821473
821476
821478
821479
821480
821482
821483
821486
821487
821488
821489
821490
821491
821492
821493
821494
821495
821496
821497
821498
821499
821500
821501
821502
821503
821504
821505
821506
821507
821512
821518
821519
821520
821521
821522
821523
821524
821525
821526
821527
821528
821529
821530
821531
821532
821533
821534
821535
821536
821537
821540
821541
821542
821544
821545
821546
821547
821548
821549
821550
821551
821552
821553
821554
821555
821556
821557
821558
821559
821560
821561
821562
821563
821564
821565
821566
821568
821569
821570
821571
821572
821573
821596
821597
821598
821599
821600
821601
821602
821603
821604
821605
821606
821607
821608
822621
822622
822623
822624
822625
822629
822630
822633
822640
822641
822642
822643
822644
822645
822646
822647
822648
822652
822653
822654
822682
822707
822708
822709
823444
823445
823817
823818
823819
823820
823821
823822
823823
823824
823825
823826
823827
823828
823829
823830
823831
823832
823833
823834
823835
823836
823837
823838
823839
823840
823841
823842
823843
823844
824177
824178
824179
824180
824181
824182
824183
824184
824185
824186
824187
824188
824189
824190
824191
824192
824193
824194
824195
824196
824197
824198
824199
824200
824201
824202
824203
824204
824205
824206
824207
824208
824209
824210
824211
824212
824213
824214
824215
824216
824217
824218
824219
824220
824221
824222
824223
824224
824225
824226
824230
824231
824232
824233
824234
824235
824236
824237
824238
824239
824240
824241
824242
824243
824244
824245
824246
824247
824248
824249
824250
824251
824252
824253
824254
824255
824256
824257
824258
824260
824261
824262
824263
824264
824266
824267
824268
824269
824270
824271
824272
824273
824274
824275
824276
824277
824278
824279
824280
824281
824282
824283
824284
824285
824286
824287
824288
824289
824290
824291
824292
824293
824294
824295
824296
824297
824685
824686
824687
824688
824689
824690
824691
824692
824693
824694
824695
824696
824697
824698
824699
824700
824701
824702
824703
824704
824705
824706
824707
824708
824709
824710
824711
824712
824713
824714
824715
824716
824717
824718
824719
824720
824721
824722
824723
824724
824725
824726
824727
824728
824729
824730
824731
824732
824733
824734
824735
824736
824737
824738
824740
824741
824742
824743
824744
824745
824746
824747
824748
824749
824750
824751
824752
824753
824754
824755
824756
824757
824758
824759
824760
824761
824762
824763
824764
824765
824766
824767
824768
824769
824770
824771
824772
824773
824774
824775
824776
824777
824778
824779
824780
824781
824782
824783
824784
824785
824786
824787
824788
824789
824790
824791
824792
824793
824794
824795
824796
824797
825162
825163
825164
825165
825166
825167
825168
825169
825170
825171
825172
825173
825174
825175
825176
825177
825178
825179
825180
825181
825182
825183
825184
825185
825186
825187
825188
825189
825190
825191
825192
825193
825194
825195
825196
825197
825198
825199
825200
825201
825202
825203
825204
825205
825206
825207
825208
825209
825210
825211
825212
825978
825979
825980
825981
825982
825983
825984
825985
825986
825987
825988
825989
825990
825991
825992
825993
825994
825995
825996
825997
825998
825999
826000
826001
826002
826003
826004
826005
826006
826007
826009
826010
826011
826012
826013
826014
826015
826016
826017
826018
826019
826020
826021
826022
826023
826024
826025
826026
826027
826028
826029
826030
826031
826032
826033
826034
826035
826036
826037
826038
826039
826040
826041
826042
826043
826044
826045
826046
826047
826048
826049
826050
826051
826052
826088
826089
826090
826091
826092
826093
826094
826095
826096
826097
826098
826099
826100
826101
826102
826103
826104
826105
826106
826107
826108
826109
826110
826111
826218
826873
826874
826875
826876
826877
826878
826879
826880
826881
826882
826883
826884
826885
826886
826887
826888
826889
826890
826891
826892
826893
826894
826895
826896
826897
826898
826899
826900
826901
826902
826903
826904
826905
826906
826907
826908
826909
826910
826911
826912
826913
826914
826915
826918
826919
826920
826921
826922
826923
826924
826925
826926
826927
826928
826929
826930
826931
826932
826933
826934
826935
826936
826937
826938
826939
826940
826941
826942
826943
826944
826945
826946
826947
826948
826949
826950
826951
826952
826953
826954
826955
826956
826957
826958
826959
826960
826961
826962
826963
826966
826967
826968
826972
826973
826974
826978
826979
826980
827145
827146
827147
827148
827149
827308
827309
827310
827311
827312
827316
827317
827318
827322
827323
827324
827325
827326
827327
827328
827329
827330
827331
827332
827333
827334
827335
827336
827337
827338
827339
827343
827344
827345
827346
827347
827348
827352
827353
827354
827355
827356
827357
827358
827359
827360
827364
827365
827366
827367
827368
827369
827370
827371
827372
827373
827376
827377
827378
827382
827383
827384
827388
827389
827390
827634
827635
827636
827637
827638
827639
827640
827641
827642
827643
827644
827645
827646
827647
827648
827649
827650
827651
827652
827653
827654
827655
827656
827657
827658
827659
827660
827661
827662
827663
827664
827665
827666
827667
827668
827669
827670
827671
827672
827673
827674
827675
827676
827677
827678
827679
827680
827684
827685
827686
827687
827688
827689
827690
827691
827692
827696
827697
827698
827699
827700
827701
827702
827703
827704
827705
827706
827707
827708
827709
827710
827711
827712
827713
827714
827715
827716
827717
827718
827719
827720
827721
827722
827723
827724
827725
827726
827727
827728
827729
827730
827731
827732
827733
827734
827735
827736
827737
827738
827739
827740
827986
827987
827988
827989
827990
827991
827992
827993
827994
827995
828002
828003
828004
828005
828006
828007
828021
828022
828023
828024
828025
828032
828033
828034
828035
828036
828037
828038
828039
828040
828041
828042
828043
828044
828045
828046
828047
828048
828049
828050
828051
828052
828053
828054
828055
828056
828057
828058
828059
828060
828061
828062
828063
828064
828065
828066
828067
828068
828069
828070
828071
828072
828073
828074
828075
828076
828077
828078
828079
828080
828081
828082
828083
828084
828085
828086
828087
828088
828089
828090
828091
828092
828093
828094
828095
828096
828097
828098
828099
828100
828101
828102
828103
828104
828105
828106
828107
828108
828109
828110
828111
828112
828113
828114
828115
828116
828117
828118
828119
828120
828121
828122
828123
828124
828125
828126
828127
828128
828129
828130
828131
828132
828133
828375
828376
828377
828378
828379
828380
828381
828382
828719
828720
828728
828729
828730
828731
828732
840201
840202
840203
840204
840205
840206
840207
840208
840209
840211
840212
840213
840214
840800
840801
840802
840804
840805
840806
840812
840813
840814
840815
840816
840819
840825
846273
846274
847133
847134
847135
847136
847137
847138
847713
847714
847715
847716
848295
850917
850918
851736
851777
851778
853465
853466
853693
853694
853739
853740
856195
856197
856744
856747
856750
856753
856754
856755
856756
856760
856763
856765
856770
856772
856775
856777
856778
857296
857297
857298
857299
857300
857301
857302
857303
857304
857305
857306
857307
857308
857309
857310
857311
857312
857313
857316
857318
857319
857320
857321
857524
857525
857526
857527
857528
857529
857530
857531
857532
857533
857534
857535
857536
857537
857678
857679
857688
857689
857690
857691
857692
857694
857695
857696
857697
857702
857703
857704
857705
857708
857710
857712
857713
857714
857715
857716
857717
857718
857922
857923
857925
857927
857928
857929
857930
857931
857932
857933
857934
857935
857936
857937
857938
857939
857940
857941
857942
857943
857944
857945
857946
857947
857948
857949
857950
858098
858099
858100
858101
858344
858345
858490
858491
858492
858884
858885
858896
858897
858898
858899
858900
858903
858904
858909
858917
858918
858965
858966
858967
858968
858969
858970
858971
858972
858973
858974
858975
858980
858991
858992
858993
858994
858995
858996
858999
859000
859001
859002
859003
859004
859005
859006
859007
859008
859019
859020
859021
859022
859023
859024
859025
859026
859027
859028
859029
859030
859041
859042
859043
859044
859045
859046
859047
859048
859049
859050
859051
859052
859053
859054
859055
859061
859062
859063
859064
859065
859066
859067
859068
859069
859070
859071
859072
859073
859074
859075
859076
859077
859078
859079
859080
859081
859082
859083
859084
859086
859087
859088
859089
859090
859091
859092
859093
859094
859095
859096
859097
859098
859100
859101
859102
859103
859241
859242
859243
859244
859380
859381
859382
859383
859384
859385
859387
859388
859389
859400
859401
859402
859403
859404
859405
859407
859408
859409
859411
859422
859423
859424
859425
859426
859427
859428
859429
859430
859431
859432
859433
859434
859435
859436
859437
859443
859444
859445
859446
859447
859448
859466
859470
859471
859472
860509
860510
860511
860512
860513
860514
860515
860516
860517
860518
860519
860520
860521
860522
860523
860524
860525
860526
860528
860530
860531
860532
860536
860540
860546
860547
860549
860553
860554
860555
860556
860557
860558
860559
860560
860561
860562
860563
860564
860565
860566
860567
860568
860569
860570
860571
860572
860573
860574
860575
860576
860577
860579
860580
860581
860582
860583
860584
860585
860586
860587
860588
860590
860591
860592
860593
860594
860595
860596
860955
860957
860958
860959
860960
860961
860962
860966
860967
860968
860969
860970
860971
860972
860973
860974
860975
860976
860978
860980
860981
860982
860983
860984
860985
860986
860987
860988
860989
860990
860991
860992
860993
860994
860995
860996
860997
860998
860999
861000
861001
861002
861003
861004
861005
861006
861007
861008
861009
861010
861011
861012
861013
861014
861015
861016
861017
861018
861019
861020
861021
861022
861023
861024
861025
861026
861027
861028
861029
861030
861031
861032
861033
861034
861035
861036
861037
861038
861039
861040
861041
861042
861043
861044
861045
861325
861326
861327
861328
861329
861330
861331
861360
861361
861362
861363
861364
861365
861366
861367
861368
861369
861370
861371
861384
861385
861386
861387
861388
861389
861390
861391
861392
861393
861394
861395
861396
861397
861398
861399
861400
861401
861402
861403
861404
861405
861406
861407
861408
861409
861410
861411
861412
861413
861414
861415
861416
861424
861425
861426
861427
861428
861429
861430
861431
861432
861433
861434
861435
861436
861437
861438
861439
861440
861441
861442
861443
861444
861445
861446
861447
861448
861449
861450
861451
861452
861453
861454
861455
861456
861457
861458
861459
861460
861461
861462
861463
861464
861465
861766
861767
861768
861772
861773
861812
861813
861814
861815
861816
861817
861824
861839
861854
861855
861856
861861
861871
861874
861875
861876
861877
861878
861879
861880
861884
861885
861886
861887
861888
861891
861892
861894
861895
861905
861906
861907
861908
861909
861913
861918
861919
861920
861921
861922
861923
861924
861926
861927
861928
861929
861930
861933
861934
862263
862267
862268
862269
862270
862271
862274
862275
862276
862299
862300
862307
862308
862309
862311
862312
862313
862314
862315
862316
862317
862687
862688
862690
862691
862697
862698
862699
862700
862701
862702
862703
862704
862705
862706
862707
862708
862709
862710
862711
862712
862713
862714
862715
862716
862717
862718
862719
862720
862721
862722
862723
862724
862725
862726
862727
862728
862729
862730
862731
862732
862733
862734
862735
862736
862737
862738
862739
862741
862742
862743
862744
862745
862746
862747
862748
862749
862750
862751
862752
862753
863133
863134
863135
863138
863139
863140
863141
863142
863143
863144
863145
863146
863147
863148
863149
863151
863152
863153
863154
863155
863156
863157
863158
863159
863160
863161
863162
863163
863164
863168
863169
863171
863172
863175
863176
863177
863178
863179
863180
863181
863182
863183
863184
863185
863186
863187
863188
863189
863190
863191
863192
863193
863194
863195
863196
863197
863198
863199
863200
863201
863202
863203
863204
863205
863206
863207
863208
863210
863211
863212
863213
863214
863215
863216
863217
863218
863219
863220
863221
863222
863223
863224
863225
863226
863227
863228
863229
863595
863597
863600
863601
863602
863603
863604
863605
863610
863617
863618
863619
863620
863622
863626
863627
863628
863632
863633
863634
863635
863636
863643
863644
863645
863646
863647
863648
863649
863650
863651
863652
863653
863654
863655
863656
863657
863658
863659
863660
863661
863662
863663
863664
863665
863666
863667
863668
863669
863670
863671
863672
863673
863674
863675
863676
863677
863678
863679
863680
863681
863682
863683
863684
863685
863686
863687
863688
863689
863690
863691
863692
863693
863694
863695
863696
863697
863698
863699
863700
863701
863702
863703
863704
863705
863706
863707
863708
863709
863710
864061
864062
864064
864065
864067
864068
864069
864070
864071
864072
864073
864074
864075
864076
864077
864078
864079
864080
864081
864082
864083
864084
864085
864086
864087
864088
864089
864090
864091
864092
864093
864094
864095
864096
864097
864098
864099
864100
864113
864114
864115
864116
864121
864123
864124
864125
864126
864127
864128
864129
864130
864131
864132
864133
864134
864135
864136
864137
864138
864139
864140
864141
864142
864143
864144
864145
864146
864147
864148
864149
864150
864151
864152
864153
864154
864155
864156
864157
864158
864159
864160
864161
864162
864163
864164
864165
864166
864167
864168
864169
864170
864171
864172
864173
864174
864175
864176
864177
864178
864179
864180
864181
864182
864183
864184
864185
864465
864467
864469
864471
864472
864475
864476
864477
864480
864481
864482
864518
864519
864520
864521
864522
864523
864524
864525
864526
864527
864528
864529
864530
864531
864532
864533
864534
864535
864536
864537
864538
864539
864540
864541
864542
864543
864544
864545
864546
864547
864548
864549
864550
864551
864552
864553
864554
864555
864556
864557
864558
864559
864560
864561
864562
864563
864564
864565
864566
864567
864568
864569
864570
864571
864572
864573
864574
864575
864576
864577
864578
864579
864580
864581
864582
864583
864584
864585
864586
864587
864588
864589
864590
864591
864592
864593
864594
864595
864596
864597
864598
864599
864600
864601
864602
864603
864604
864605
864606
864607
864608
864609
864610
864611
864612
864613
864614
865522
865523
865524
865525
865526
865527
865528
865533
865534
865537
865538
865539
865540
865541
865542
865543
865544
865545
865548
865549
865550
865551
865552
865553
865554
865555
865556
865557
865558
865559
865560
865561
865562
865563
865564
865565
865566
865567
865568
865569
865570
865571
865572
865573
865574
865575
865576
865577
865578
865579
865580
865581
865582
865583
865584
865585
865586
865588
865589
865590
865591
865592
865593
865595
865596
865597
865598
865599
865600
865601
865602
865603
865604
865605
865606
865607
865608
865609
865610
865611
865612
865613
865614
865615
865616
865617
865618
865619
865620
865621
865622
865623
865624
865625
865626
865762
865763
865764
865765
865766
865768
865769
866326
866327
866328
866329
866330
866331
866748
866749
866750
866751
866752
866753
866754
866755
866756
866757
866758
866759
866760
866761
866762
866763
866764
866765
866766
866767
866768
866769
866770
866771
866772
866773
866774
866775
866776
866777
866778
866779
866780
866781
866782
866783
866784
866785
866786
866787
866788
866789
866790
866791
866792
866793
866794
866795
866796
866797
866798
866799
866800
866801
866802
866803
866804
866805
866806
866807
866808
866809
866810
866811
866812
866813
866814
866815
866816
866817
866818
866819
866820
866821
866822
866823
866824
866825
866826
866827
866828
866829
866830
866831
866832
866833
866834
866835
866836
866837
866838
866839
866840
866841
866842
866843
866844
866845
866846
866847
866848
866849
866850
866851
866852
866853
866854
866855
866856
866857
866858
866859
866860
866861
866862
866863
866864
866865
866866
866867
866868
866869
866870
866871
866872
866873
866874
866875
867372
867376
867377
867392
867393
868030
868031
868032
868049
868050
868051
868052
868057
868058
868059
868062
868063
868064
868065
868066
868067
868068
868069
868070
868071
868072
868073
868074
868075
868076
868079
868080
868082
868083
868084
868085
868086
868087
868088
868089
868090
868091
868092
868093
868094
868095
868097
868098
868099
868100
868102
868103
868104
868105
868106
868107
868108
868109
868110
868111
868112
868113
868114
868115
868116
868117
868118
868119
868120
868122
870848
870849
870853
870854
870855
870856
870857
870858
870859
870860
870861
870862
870863
870864
870865
870869
871933
871934
871945
871946
871957
871958
871985
872599
872603
872605
872606
872607
872608
872609
872610
872612
872613
872614
872615
872616
872617
872618
872621
872622
872623
872624
872625
872626
872627
872628
872629
872630
872631
872632
872633
874016
874017
874026
874038
874039
874040
874041
874042
874043
874044
874045
874046
874047
874048
874049
874050
874051
874052
874053
874054
874055
874056
874057
874058
874059
874060
874061
874062
874063
874064
874065
874066
874067
874068
874069
874070
874071
874072
874073
874074
874075
874076
874077
874078
874079
874080
874081
874082
874083
874084
874085
874086
874087
874089
874091
874092
874093
874094
874095
874132
874133
874134
874135
874136
874137
874138
874139
874712
874713
874714
874715
874716
874717
874719
874720
874721
874722
874723
874724
874725
874726
874727
874728
874729
874730
874731
874732
874733
874742
874743
874751
874752
874753
874754
874755
874756
874757
874758
874759
874760
874761
874762
874962
875364
875365
875366
875369
875370
875371
875373
875375
875376
875377
875378
875379
875380
875381
875382
875383
875384
875385
875386
875387
875388
875389
875391
875392
875393
875394
875395
875396
876050
876051
876052
876053
876054
876058
876059
876060
876061
876062
876066
876067
876068
876069
876072
876073
876074
876075
876076
876083
876084
876541
876542
876543
876544
876547
876548
876550
876551
876552
876553
876554
876555
876557
876558
876562
876564
876575
876576
876580
876581
876584
876590
876591
876592
876593
876595
876596
876597
876598
876599
876600
876601
876602
876603
876604
876605
876606
876607
876608
876609
876610
876611
876612
876614
876615
876616
876617
876618
876619
876620
876621
876622
876623
876624
876625
876626
876627
876628
876629
876630
876631
876632
876633
876634
876635
876744
876745
876746
876747
876748
876749
876750
876946
877540
877555
877556
877557
877558
877559
877560
877561
877562
877563
877564
877565
877566
877567
877570
877573
877575
877580
877584
877585
877587
877588
877589
877590
877591
877592
877593
877594
877596
877616
877631
877632
877633
877634
877647
877648
877649
877650
877651
877653
877655
877976
877977
878017
878049
878050
878051
878052
878053
878054
878237
878238
878239
878240
878241
878242
878243
878244
878245
878246
878247
878248
878254
878256
878257
878258
878260
878261
878265
878266
878325
878326
878332
878333
878334
878335
878336
878337
878338
878339
878340
878341
878342
878343
878344
879870
879878
879881
879886
879887
879888
879889
879890
879891
879901
879903
879911
879932
879933
879934
879935
879936
879937
879938
879939
879940
879941
879942
879943
879944
879945
879961
879962
879970
879974
879977
879997
879998
880006
880010
880013
880018
880019
880020
880021
880022
880023
880024
880025
880026
880027
880028
880029
880030
880031
880032
880034
880036
880037
880038
880039
880040
880041
880042
880043
880044
880045
880047
880048
880049
880050
880051
880052
880053
880054
880055
880056
880057
880058
880059
880060
880061
880062
880063
880064
880065
880066
880067
880068
880069
880070
880071
880072
880073
880074
880075
880077
880078
880079
880080
880081
880082
880084
880085
880087
880088
880089
880090
880091
880092
880093
880094
880095
880096
880097
880098
880099
880100
880101
880102
880103
880104
880105
880106
880107
880108
880109
880110
880111
880112
880114
880115
880116
880117
880118
880119
880120
880121
880122
880124
880129
880130
880131
880132
880162
880164
880321
880322
880323
880324
880325
880326
880327
880328
880329
880330
880331
880332
880333
880334
880335
880336
880337
880338
880339
880340
880341
880342
880343
880344
880345
880346
880347
880348
880349
880350
880351
880352
880353
880354
880355
880356
880357
880358
880359
880360
880361
880362
880363
880364
880365
880366
880367
880368
880369
880370
880371
880372
880373
880374
880375
880376
880377
880378
880379
880380
880381
880382
880383
880384
880385
880386
880387
880388
880389
880390
880391
880392
880393
880394
880395
880396
880397
880398
880399
880400
880401
880402
880403
880404
880405
880406
880407
880408
880409
880425
880426
880434
880438
880441
880446
880447
880448
880449
880450
880451
880452
880453
880454
880455
880456
880457
880458
880459
880460
880461
880462
880463
880464
880465
880466
880467
880468
880469
880470
880471
880473
880474
880475
880476
880477
880478
880479
880480
880481
880482
880483
880484
880485
880486
880487
880488
880489
880490
880491
880492
880493
880494
880495
880496
880497
880498
880499
880500
880501
880502
880503
880504
880505
880506
880507
880508
880509
880510
880511
880512
880513
880514
880515
880516
880517
880518
880519
880520
880521
880522
880523
880524
880525
880526
880527
880528
880529
880530
880531
880532
880533
880534
880535
880536
880537
880538
880539
880540
880541
880542
880543
880544
880545
880546
880547
880548
880549
880550
880551
880552
880553
880554
880555
880556
880557
880558
880559
880560
880561
880562
880563
880564
880565
880566
880567
880568
880569
880570
880571
880572
880573
880574
880575
880576
880577
880578
880579
880580
880581
880582
880583
880584
880585
880586
880587
880588
880589
880590
880591
880592
880593
880594
880595
880596
880597
880599
880600
880601
880602
880603
880604
880605
880607
880608
880609
880610
880612
880613
880614
880615
880616
880617
880633
880634
880635
880636
880637
880638
880639
880640
880641
880642
880643
880644
880795
880796
880797
880798
880799
880800
880801
880802
880803
880804
880805
880806
880807
880808
880809
880810
880811
880812
880813
880814
880815
880816
880817
880818
880819
880820
880821
880822
880823
880824
880825
880826
880827
880828
880829
880830
880831
880832
880833
880834
880835
880836
880837
880838
880839
880840
880841
880842
880843
880844
880845
880846
880847
880848
880849
880850
880851
880852
880853
880854
880855
880856
880857
880858
880859
880860
880861
880862
880863
880864
880865
880866
880867
880868
880869
880870
880871
880872
880873
880874
880875
880876
880877
880878
880879
880880
880881
880882
880883
880884
880885
880886
880887
880888
880889
880890
880891
880892
880893
880894
880896
880897
880898
880899
880900
880901
880902
880903
880904
880905
880906
880907
880908
880909
880910
880911
880912
880913
880914
880915
880916
880917
880918
880919
880920
880921
880922
880923
880924
880925
880926
880927
880928
880929
880930
880931
880932
880933
880934
880935
880936
880937
880938
880939
880940
880941
880943
880944
880945
880946
880947
880948
880949
880950
880951
880952
880953
880954
880955
880956
880957
880958
880959
880960
880961
880962
880963
880964
880965
880966
880968
880969
880970
880971
880972
880973
880974
880975
880976
880977
880978
880979
880980
880981
880982
880983
880984
880985
880986
880987
880988
880989
880990
880991
880992
880993
880994
880995
880996
880997
880998
880999
881000
881001
881002
881003
881004
881005
881006
881007
881008
881009
881010
881011
881012
881013
881014
881015
881016
881017
881018
881019
881020
881021
881022
881023
881024
881025
881026
881027
881028
881029
881030
881031
881032
881033
881034
881035
881036
881037
881038
881039
881040
881041
881042
881043
881044
881045
881046
881047
881048
881049
881050
881051
881052
881053
881054
881055
881056
881057
881058
881059
881060
881061
881062
881063
881064
881065
881066
881067
881068
881069
881070
881071
881072
881073
881074
881075
881077
881078
881079
881080
881081
881082
881084
881085
881086
881087
881088
881089
881090
881091
881092
881094
881097
881098
881099
881100
881101
881102
881103
881104
881105
881107
881109
881110
881111
881112
881113
881114
881115
881116
881117
881118
881119
881120
881124
881298
881475
881477
881480
881491
881878
882696
882697
882705
882709
882712
883888
883889
883890
883891
883892
883893
883894
883895
883896
883897
883898
883899
883900
883901
883902
883903
883904
883905
883906
883907
883908
883909
883910
883911
883912
883913
883914
883915
883916
883917
883918
883919
883920
883921
883922
883923
883924
883927
883928
883931
884001
884002
884003
884004
884005
884006
884007
884008
884009
884010
884011
884012
884013
884014
884015
884016
884017
884018
884019
884020
884021
884022
884023
884024
884025
884026
884027
884028
884029
884030
884031
884032
884033
884034
884035
884036
884037
884038
884039
884040
884041
884042
884043
884045
884046
884048
884049
884050
884051
884052
884053
884054
884055
884056
884057
884058
884060
884061
884062
884063
884064
884065
884066
884067
884092
884094
884096
884097
884098
884099
884100
884367
884371
884372
884373
884374
884375
884376
884377
884378
884379
884380
884381
884382
884383
884384
884385
884386
884387
884388
884389
884390
884391
884392
884393
884394
884395
884396
884397
884398
884399
884400
884401
884402
884403
884404
884405
884406
884407
884408
884409
884410
884411
884412
884413
884414
884415
884416
884417
884418
884419
884420
884421
884422
884423
884424
884425
884426
884427
884428
884430
884431
884432
884433
884434
884435
884436
884447
884448
884449
884450
884451
884452
884455
884456
884457
884458
884459
884460
884461
884462
884463
884464
884465
884466
884467
884468
884469
884470
884471
884472
884473
884474
884475
884476
884477
884478
884479
884480
884481
884482
884483
884484
884485
884486
884487
884488
884489
884490
884491
884492
884493
884494
884495
884496
884497
884498
884499
884500
884501
884502
884503
884504
884505
884506
884507
884508
884509
884510
884511
884512
884513
884514
884515
884516
884517
884518
884519
884520
884521
884522
884523
884524
884525
884526
884527
884528
884529
884530
884531
884532
884533
884534
884535
884536
884537
884538
884539
884540
884541
884542
884543
884544
884545
884546
884547
884548
884549
884550
884551
884552
884553
884554
884555
884556
884557
884558
884559
884560
884561
884562
884565
884566
884567
884568
884569
884570
884571
884572
884573
884574
884575
884576
884577
884578
884579
884580
884581
884582
884583
884584
884585
884586
884825
884826
884827
884828
884829
884830
884831
884832
884833
884834
884835
884836
884837
884839
884840
884846
884847
884848
884849
884850
884851
884854
884855
884856
884857
884858
884859
884860
884861
884863
884864
884865
884866
884867
884868
884869
884870
884871
884872
884873
884874
884875
884876
884877
884878
884879
884880
884881
884882
884883
884884
884885
884886
884887
884888
884889
884890
884891
884892
884893
884894
884895
884896
884897
884898
884899
884900
884901
884902
884903
884904
884905
884906
884907
884908
884909
884910
884911
884912
884913
884914
884915
884916
884917
884918
884919
884920
884921
884922
884923
884924
884925
884926
884927
884928
884929
884930
884931
884932
884933
884934
884935
884936
884937
884938
884939
884940
884941
884942
884943
884944
884945
884946
884947
884948
884949
884950
884951
884952
884953
884954
884955
884956
884957
884958
884959
884960
884961
884962
884963
884964
884965
884966
884967
884968
884969
884970
884971
884972
884973
884974
884975
884976
884977
884978
884979
884980
884981
884982
884983
884984
884985
884986
884987
884988
884989
884990
884991
884992
884993
884994
885211
885213
885285
885286
885287
885293
885294
885297
885300
885302
885303
885308
885309
885310
885311
885312
885313
885314
885315
885316
885317
885318
885319
885320
885321
885322
885323
885324
885325
885326
885327
885328
885329
885330
885331
885332
885333
885334
885335
885336
885337
885338
885339
885340
885341
885342
885343
885344
885345
885346
885347
885348
885349
885350
885373
885374
885375
885376
885377
885378
885379
885380
885381
885382
885384
885390
885398
885399
885400
885409
885410
885411
885412
885697
885698
885699
885700
885701
885702
885714
886069
886070
886071
886077
886079
886081
886082
886083
886084
886087
886526
886530
886531
886532
886533
886534
886535
886536
886537
886538
886539
886540
886541
886542
886543
886544
886545
886546
886549
886552
886553
886554
886555
886556
886557
886558
887104
887105
887106
887107
887108
887110
887111
887112
887113
887116
887117
887118
887119
887123
887124
887127
887809
887811
887813
887815
887817
887818
887819
887822
887825
887826
888051
888053
888058
888059
888061
888074
888079
888080
888081
888123
888259
888445
888446
888447
888448
888449
888450
888451
888452
888453
888454
888455
888456
888457
888458
888459
888460
888461
888462
888463
888464
888466
888469
888470
888471
888472
888473
888474
888475
888476
888477
888478
888479
888480
888482
888483
888484
888485
888486
888487
888488
888489
888496
888497
888502
888503
888508
888509
888517
888518
888526
888527
888535
888536
888544
888545
888550
888551
888556
888557
888823
888824
888825
888826
888827
888828
888829
888830
888831
888832
888833
888834
888835
888836
888837
888838
888839
888840
888841
888845
889171
889172
889173
889181
889182
889183
889184
889185
889186
889187
889188
889189
889190
889191
889192
889193
889194
889195
889196
889197
889198
889199
889200
889201
889202
889203
889204
889205
889206
889207
889208
889209
889210
889211
889212
889213
889214
889215
889216
889217
889218
889219
889221
889222
889223
889224
889225
889226
889227
889228
889229
889230
889231
889232
889233
889234
889235
889236
889237
889238
889239
889240
889241
889242
889244
889245
889250
889251
889256
889257
889262
889263
889536
889537
889538
889539
889540
889600
889601
889602
889603
889604
889605
889606
889607
889608
889609
889619
889620
889621
889649
889650
889651
889652
889653
889654
889655
889656
889657
889834
889835
889837
889839
889840
889841
889842
889843
889844
889845
889847
889848
889849
889852
889871
889872
889873
889874
889875
889876
889877
889878
889879
889880
889881
889884
889885
889887
889890
889892
889893
889894
889895
889896
889897
889898
889900
889901
889928
889930
889931
889933
889934
889935
889936
890123
890124
890125
890126
890127
890128
890129
890130
890131
890132
890133
890134
890139
890140
890171
890172
890173
890174
890175
890176
890177
890178
890217
890360
890361
890362
890363
890364
890365
890366
890368
890369
890370
890371
890372
890373
890374
890375
890376
890377
890401
890402
890403
890404
890405
890406
890407
890408
890409
890410
890411
890412
890431
890432
890433
890434
890435
890436
890437
890438
890439
890440
890441
890442
890443
890444
890445
890446
890447
890448
890449
890450
890451
890452
890453
890454
890455
890456
890457
890458
890459
890460
890461
890462
890463
890464
890465
890466
890467
890468
890472
890473
890474
890649
890650
890651
890652
890653
890654
890655
890656
890658
890668
890669
890670
890733
890734
890735
890736
890737
890738
890739
890770
890772
890795
890796
890797
890798
890799
890800
890801
892100
892101
892102
892103
892104
892105
892106
892107
892108
892109
892110
892111
892112
892113
892114
892115
892116
892117
892118
892120
892121
892122
892125
892126
892127
892129
892130
892131
892132
892133
892134
892135
892136
892137
892138
892139
892140
892141
892214
892215
892216
892271
892512
892551
892555
892584
892585
892639
892668
892671
892672
892673
892674
892675
892676
892677
892678
892679
892680
892681
892682
892683
892684
892685
892686
892886
892894
892896
892904
892905
892906
892907
892908
892909
892910
892911
892912
892913
892914
892915
892916
892920
892922
892927
892928
892934
892949
892950
892951
892952
892953
892954
892955
892956
892957
892961
892974
892975
892984
892985
892986
892987
892988
892989
892990
892996
893006
893020
893021
893025
893026
893033
893083
893084
893085
893086
893087
893088
893089
893091
893092
893094
893095
893096
893097
893098
893099
893100
894405
894406
894407
894408
894410
894411
894419
894420
894421
894422
894423
894424
894425
894426
894427
894428
894429
894430
894431
894432
894433
894434
894435
894436
894437
894438
894439
894440
894441
894442
894443
894444
894445
894446
894447
894448
894452
894455
894456
894457
894459
894460
894461
894462
894463
894464
894465
894466
894467
894468
894469
894470
894471
894472
894473
894474
894475
894476
894477
894478
894479
894480
894481
894482
894483
894484
894485
894486
894487
894488
894489
894490
894491
894492
894493
894494
895010
895267
895270
895274
895353
895354
895356
895357
895373
895375
895377
895378
895379
895380
895381
895382
895383
895384
895385
895386
895388
895389
895390
895391
895392
895393
895545
895590
895591
895594
895595
895634
895649
898439
899318
899319
899320
899321
899322
899323
899324
899325
899326
899327
899328
899329
899330
899331
899332
899333
899334
899335
899336
899337
899338
899339
899340
899341
899342
899343
899344
899345
899346
899347
899348
899349
899350
899351
899352
899353
899354
899355
899356
899357
899358
899359
899360
899361
899362
899363
899364
899365
899366
899367
899368
899369
899370
899371
899372
899373
899374
899375
899376
899377
899378
899379
899380
899381
899382
899383
899384
899385
899387
899388
899390
899391
899392
899393
899394
899395
899396
899397
899398
899399
899400
899401
899402
899403
899404
899405
899406
899407
899408
899409
899410
899411
899412
899413
899414
899415
899416
899417
899418
899419
899420
899421
899422
899423
899424
899425
899426
899427
899428
899429
899430
899431
899432
899433
899434
899435
899436
899437
899438
899439
899440
899441
899442
899443
899444
899445
899446
899447
899448
899449
899450
899451
899452
899453
899454
899455
899456
899457
899458
899652
899653
899654
899655
899656
899657
899658
899659
899660
899661
899662
899663
899664
899665
899666
899667
899668
899669
899670
899671
899672
899673
899674
899675
899676
899677
899678
899679
899680
899681
899682
899683
899684
899685
899686
899687
899688
899689
899690
899691
899692
899693
899694
899695
899696
899697
899698
899699
899700
899701
899702
899703
899704
899705
899706
899707
899708
899709
899710
899711
899712
899713
899714
899715
899716
899717
899718
899719
899720
899721
899722
899723
899724
899725
899726
899727
899728
899729
899731
899732
899733
899734
899735
899736
899738
899739
899740
899743
899744
899745
899758
899762
899763
899780
899781
899782
899783
899785
899786
899787
899788
899993
900000
900053
900064
900065
900066
900067
900068
900069
900070
900071
900072
900073
900074
900075
900076
900077
900078
900079
900080
900081
900082
900083
900084
900085
900086
900087
900088
900089
900090
900091
900092
900093
900094
900095
900096
900097
900098
900099
900100
900101
900102
900103
900104
900105
900106
900107
900108
900109
900110
900111
900112
900113
900114
900115
900116
900117
900609
900610
900611
900612
900613
900614
900615
900616
900617
900618
900619
900620
900621
900622
900623
900624
900625
900626
900627
900628
900629
900630
900631
900632
900633
900634
900635
900636
900637
900638
900639
900640
900641
900642
900643
900644
900645
900646
900647
900648
900649
900650
900651
900652
900656
900662
900663
900669
900699
900700
900702
900709
900715
900716
900721
900722
900723
900724
900725
900726
900727
900728
900729
900730
900731
900732
900733
900734
900735
900736
900737
900738
900739
900740
900741
900742
900743
900744
900745
900746
900748
900749
900750
900751
900752
900753
900754
900755
900756
900757
900758
900759
900760
900761
900762
900763
900764
900765
900766
900767
900768
900769
900770
900771
900772
900773
900774
900775
900776
900777
900778
900779
900780
900781
900782
900783
900784
900785
900786
900835
900836
900837
900873
901383
901394
901403
901404
901405
901406
901407
901408
901409
901410
901411
901412
901413
901414
901415
901416
901417
901418
901422
901425
901426
901437
901438
901439
901441
901442
901443
901444
901445
901446
901447
901448
901449
901450
901451
901452
901453
901454
901455
901456
901457
901458
901459
901460
901461
901462
901463
901464
901465
901488
901489
901491
901492
901493
901494
901495
901496
901497
901498
901499
901500
901501
901503
901504
901505
901506
901507
901508
901509
901510
901512
901513
901514
901515
901516
901517
901518
901519
901520
901521
901522
901523
901524
901525
901526
901527
901528
901529
901530
901531
901532
901533
901534
901535
901536
901537
901538
901539
901540
901541
901542
901545
901546
901547
901548
901549
901550
901551
901552
901553
901554
901555
901556
901557
901558
901559
901560
901561
901562
901563
901564
901565
901566
901567
901568
901569
901570
901571
901572
901573
901574
901575
901576
901577
901578
901579
901582
901583
901584
901585
901586
901587
901588
901767
901811
901812
901813
901814
901815
901816
901821
901823
901824
901825
901826
901827
901828
901829
901830
901831
901832
901833
901834
901835
901836
901837
901838
901839
901869
901870
901871
901872
901873
901874
901875
901893
901895
901896
901897
901905
901906
901907
901908
901909
901910
901911
901912
901913
901914
901915
901916
901917
901918
901919
901920
901921
901922
901923
901924
901925
901926
901927
901928
901929
901931
901932
901933
901934
901935
901936
901937
901938
901939
901940
901941
901942
901943
901944
901945
901946
901947
901949
902153
902154
902155
902156
902157
902158
902159
902160
902424
902425
902426
902428
902429
902430
902433
902434
902449
902450
902451
902466
902528
902529
903019
903020
903021
903022
903023
903024
903025
903026
903027
903028
903029
903030
903031
903032
903033
903034
903035
903036
903037
903038
903039
903040
903041
903042
903043
903044
903045
903046
903047
903048
903049
903050
903051
903052
903055
903056
903057
903058
903059
903060
903061
903062
903063
903064
903065
903066
903067
903068
903069
903070
903071
903072
903073
903074
903075
903076
903077
903078
903079
903080
903081
903082
903083
903084
903085
903086
903087
903088
903089
903090
903091
903092
903093
903094
903095
903096
903097
903098
903099
903142
903143
903144
903145
903146
903147
903148
903149
903150
903151
903152
903153
903154
903155
903156
903157
903158
903159
903374
903375
903376
903377
903378
903379
903380
903381
903382
903383
903384
903385
903386
903387
903388
903389
903390
903391
903666
903667
903668
903669
903670
903672
903673
903674
903675
903676
903677
903678
903679
903680
903681
903682
903683
904089
904090
904091
904092
904094
904576
904577
904578
904585
904586
904587
904597
904598
904599
904613
904614
904615
904633
904634
905281
905293
905294
905295
905305
905307
905319
905320
905321
906086
906091
906092
906093
906094
906095
906096
906097
906098
906099
906100
906101
906102
906103
906104
906105
906106
906107
906108
906109
906110
906111
906112
906113
906114
906115
906116
906117
906118
906119
906120
906121
906122
906123
906124
906125
906126
906127
906132
906137
906349
906350
906351
906352
906353
906354
906355
906356
906358
906359
906360
906364
906365
906392
906402
906403
906404
906406
906407
906408
906409
906410
906411
906412
906414
906415
906417
906418
906419
906420
906422
906423
906424
906425
906428
906429
906430
906431
906432
906433
906434
906435
906436
906437
906438
906441
906442
906443
906445
906448
906449
906452
906453
906456
906610
906611
906612
906613
906614
906615
906616
906619
906620
906621
906622
906623
906624
906625
906626
906627
906628
906629
906630
906631
906632
906633
906634
906635
906636
906637
906638
906639
906640
906641
906642
906643
906644
906645
906647
906649
906653
906654
906655
906656
906657
906658
906659
906660
906661
906662
906663
906664
906665
906666
906667
906668
906669
906670
906671
906672
906673
906674
906675
906676
906677
906678
906679
906680
906681
906682
906683
906684
906685
906686
906687
906688
906689
906690
906691
906692
906694
906695
906696
906697
906698
906699
906700
906701
906702
906703
906704
906705
906706
906707
906709
906710
906711
906712
906713
906714
906715
906716
906717
906718
906719
906720
906722
906723
906724
906725
906726
906727
906728
906729
906730
906731
906732
906733
906734
906735
906736
906737
906738
906969
906972
906983
906999
907003
907006
907007
907008
907009
907010
907012
907013
907014
907015
907016
907017
907018
907019
907021
907022
907023
907024
907025
907026
907027
907028
907255
907257
907260
907262
907264
907265
907268
907270
907271
907273
907277
907278
907279
907280
907281
907282
907284
907539
907542
907543
907545
907547
907549
907550
907551
907552
907553
907554
907555
907559
907560
907561
907760
907783
907812
907827
907830
907831
907834
907882
907883
907884
907885
907886
907887
907888
907889
907891
907892
907893
907894
907895
907896
907897
907898
907899
907900
907901
907902
907903
907904
907905
907906
907907
907908
907909
907910
907911
907912
908133
908134
908604
908615
908617
908618
908619
908620
908622
908623
908624
908625
908627
908629
908630
908631
908633
908636
908637
908638
908641
908642
908643
908644
908645
908646
908647
908648
908649
908796
908797
908807
908808
908809
908810
908811
908812
908819
908820
908821
908822
908823
908824
908831
908832
908833
908834
908835
908836
908866
908868
908869
908871
908872
908873
908875
908877
908878
908879
908880
908881
908882
908884
908885
908886
908887
908888
908889
908890
908891
908892
908893
908894
908897
908898
908900
908901
909056
909057
909058
909059
909060
909064
909065
909066
909068
909069
909076
909077
909078
909079
909080
909081
909091
909092
909093
909116
909117
909118
909119
909120
909121
909122
909123
909124
909125
909126
909128
909129
909132
909134
909135
909136
909137
909138
909139
909140
909141
909142
909143
909144
909145
909146
909147
909149
909150
909151
909152
909153
909319
909322
909323
909324
909325
909326
909327
909348
909349
909350
909351
909353
909354
909379
909380
909391
909392
909679
909684
909685
909686
909687
909688
909690
909691
909692
909695
909706
909707
909708
909738
909739
909750
909751
912581
912582
912590
912825
912826
912827
912828
912829
912965
912966
912967
912968
912969
912970
912971
912972
912973
912974
912975
912977
912981
912982
912983
912984
912985
912986
912987
912988
912989
912990
912991
912992
912994
912995
912998
912999
913000
913001
913002
913004
913005
913006
913007
913008
913414
913415
913416
913417
913419
913420
913421
913422
913423
913424
913427
913428
913429
913430
913431
913432
913433
913434
913435
913436
913437
913438
913439
913441
913442
913443
913444
913445
913446
913447
913448
913449
913450
913452
913711
913712
913713
913717
913745
913746
913752
913753
913754
913755
913756
913757
913758
913759
913760
913761
913762
913763
913765
913766
913767
913768
913769
913770
913773
913774
913775
913776
913777
913778
913779
913780
913804
914192
914193
914194
914196
914197
914198
914199
914200
914201
914202
914203
914204
914205
914206
914207
914208
914209
914210
914211
914212
914213
914214
914215
914216
914217
914218
914219
914220
914221
914223
914224
914225
914226
914227
914228
914229
914230
914231
914232
914233
914629
914630
914631
914632
914633
914635
914636
914637
914638
914639
914640
914642
914643
914644
914645
914646
914647
914648
914649
914650
914651
914652
914653
914654
914655
914656
914657
914658
914659
914660
914661
914662
914663
914665
914667
915071
915072
915073
915074
915075
915076
915077
915078
915079
915080
915081
915082
915083
915084
915085
915086
915087
915088
915089
915090
915092
915093
915094
915095
915096
915097
915098
915099
915100
915101
915102
915103
915104
915105
915106
915107
915108
915109
915110
915111
915112
915113
915114
915115
915117
915118
915119
915120
915121
915122
915123
915124
915128
915129
915130
915131
915132
915397
915398
915399
915400
915401
915402
915403
915404
915405
915407
915409
915410
915411
915412
915413
915414
915419
915420
915421
915424
915427
915428
915429
915430
915433
915434
915435
915437
915600
915601
915602
915603
915604
915605
915606
915607
915608
915609
915610
915611
915612
915613
915614
915615
915616
915617
915618
915619
915620
915621
915622
915623
915624
915625
915626
915627
915628
915629
915630
915631
915632
915633
915634
915635
915636
915637
915638
915640
915641
915642
915643
915644
915645
915646
915647
915648
915649
915650
915651
915652
915653
915654
915655
915656
915657
915658
915659
915660
915661
915662
915663
915664
915665
915666
915667
915668
915669
915670
915671
915672
915673
915674
915675
915676
915691
915692
915693
915694
915695
915696
915697
915698
915699
915700
915701
915702
915703
915704
915705
915706
915707
915708
915709
915710
915711
915712
915713
915714
915715
915716
915717
915718
915719
915720
915721
915722
915723
915724
915725
915726
915727
915728
915729
915730
915941
915944
915945
915946
915947
915948
915949
915950
915951
915954
915956
915957
915959
915965
915966
915967
915968
915969
915970
915971
915972
915973
915974
915975
915976
915977
915978
915979
915982
915983
915984
915985
915986
915987
915988
915989
915990
915991
915992
915993
915994
915995
915996
915997
916003
916004
916005
916006
916007
916008
916009
916010
916011
916012
916013
916014
916015
916016
916017
916018
916019
916020
916021
916022
916023
916024
916212
916215
916216
916218
916219
916221
916222
916225
916226
916227
916228
916229
916230
916231
916232
916233
916234
916235
916236
916237
916238
916239
916240
916241
916242
916243
916244
916245
916246
916247
916248
916249
916250
916251
916252
916253
916256
916257
916258
916259
916260
916261
916262
916263
916264
916265
916266
916267
916268
916499
916500
916506
916507
916508
916509
916510
916511
916513
916514
916515
916516
916517
916518
916519
916520
916521
916522
916523
916524
916525
916526
916527
916528
916529
916530
916537
916539
916541
916542
916543
916544
916545
916546
916547
916548
916549
916560
916562
916563
916564
916565
916566
916567
916568
916569
916570
916571
916572
916573
916574
916575
916576
916577
916578
916579
916580
916581
916582
916583
916584
916585
916586
916829
916830
916831
916832
916840
916841
916842
916843
916844
916845
916846
916847
916848
916849
916850
916851
916853
916854
916855
916856
916857
916858
916862
916865
916866
916875
916876
916877
916878
916879
916880
916881
916883
916884
916885
916886
916888
916889
916890
916892
916895
916896
916898
916900
916901
916905
916906
916907
916908
916909
916910
916937
916938
916939
916940
916941
916942
916943
916944
916945
916946
917168
917222
917223
917224
917225
917226
917227
917228
917229
917230
917231
917232
917233
917234
917235
917236
917237
917238
917239
917240
917241
917242
917243
917244
917245
917246
917247
917248
917249
917250
917251
917252
917253
917254
917255
917256
917257
917258
917259
917261
917262
917263
917264
917265
917266
917267
917268
917269
917270
917271
917272
917273
917274
917275
917276
917277
917278
917279
917280
917281
917282
917283
917284
917285
917287
917288
917289
917290
917291
917292
917293
917294
917295
917296
917297
917299
917449
917450
917451
917452
917453
917454
917456
917457
917458
917459
917460
917461
917463
917464
917465
917466
917467
917468
917470
917471
917472
917473
917474
917475
917477
917478
917479
917480
917481
917482
917518
917519
917520
917521
917522
917523
917524
917525
917526
917527
917528
917529
917530
917531
917532
917533
917534
917535
917536
917537
917538
917539
917540
917541
917542
917543
917544
917545
917547
917548
917550
917554
917555
917566
917567
917570
917571
917573
917574
917575
917576
917577
917578
917579
917582
917583
917584
917585
917586
917587
917588
917589
917590
917593
917594
917595
921178
921179
921180
921183
921253
921255
921256
921257
921258
921259
921260
921261
921267
921268
921270
921271
921272
921273
921274
921275
921276
921277
921278
921279
921280
921281
921282
921283
921286
921289
921290
921291
921292
921293
921294
921295
921296
921297
921299
921441
921442
921443
921444
921445
921446
921447
921448
921449
921450
921451
921452
921453
921467
921468
921469
921470
921471
921472
921473
921474
921475
921476
921477
921478
921479
921480
921481
921482
921483
921484
921485
921486
921487
921488
921489
921490
921491
921492
921493
921494
921495
921496
921497
921498
921499
921500
921501
921502
921503
921504
921505
921506
921507
921508
921509
921510
921511
921512
921513
921514
921515
921516
921517
921518
921519
921520
921523
921524
921525
921526
921527
921528
921529
921530
921531
921532
921533
921685
921686
921687
921688
921689
921690
921695
921696
921697
921698
921699
921700
921701
921702
921703
921704
921705
921706
921707
921708
921711
921712
921713
921714
921716
921717
921718
921719
921720
921721
921722
921723
921724
921725
921726
921727
921728
921729
921730
921731
921732
921944
921945
921946
921947
921955
921957
921958
921959
921960
921961
921962
921963
921964
921965
921966
921967
921968
921969
921970
921971
921972
921973
921974
921975
921977
921978
921979
921980
921981
921982
921983
921984
921985
921986
921987
921988
921989
921990
921992
921994
921996
921997
922000
922001
922002
922003
922004
922005
922006
922007
922008
922009
922010
922011
922012
922013
922014
922015
922016
922017
922018
922019
922020
922021
922022
922023
922024
922025
922026
922027
922028
922029
922643
922644
922655
922656
922667
922668
923696
923697
923698
923708
924352
924353
924354
924355
924356
924357
924358
924359
924360
924361
924362
924363
924364
924365
924366
924367
924368
924369
924370
924371
924372
924373
924374
924375
924376
924377
924378
924379
924380
924381
924382
924383
924384
924385
924386
924387
924388
924389
924390
924391
924392
924393
924394
924395
924396
924397
924398
924399
924400
924401
924402
924403
924404
924405
924406
924407
924408
924409
924410
924411
924412
924413
924414
924415
924416
924417
924418
924419
924420
924421
924422
924423
924424
924425
924675
924676
924677
924678
924679
924684
924685
924686
924687
924688
924689
924690
924692
924694
924695
924696
924697
924698
924699
924700
924701
924702
924704
924707
924708
924709
924711
924713
924714
924715
924716
924717
924719
924720
924721
924722
924723
924724
924726
924727
924728
924729
924730
924731
924732
924733
924734
924736
924737
924738
924739
924740
924741
924742
924743
924745
924748
924749
924752
924756
924757
924758
924763
924765
924766
924767
924785
924786
924787
924796
924797
924798
924799
924804
924805
924806
924807
924808
924809
924810
924811
925430
925432
925458
925520
925521
925523
925540
925541
925542
925543
925546
925547
925548
925549
925550
925551
925552
925553
925554
925555
925556
925557
925558
925560
925561
925562
925563
925564
925565
925566
925567
925568
925569
925570
925721
925722
925723
925724
925725
925726
925802
925803
925804
925805
925806
925807
925808
925810
925811
925812
925813
925814
925815
925816
925817
925818
925819
925820
925821
925823
925824
925825
925845
925846
925847
925848
927358
927359
927360
927361
927362
927363
927364
927365
927404
927479
927480
927481
927482
927483
927484
927485
927486
927487
927488
927489
927490
927491
927492
927493
927494
927495
927496
927497
927498
927499
927500
927508
927509
927510
927519
927708
927709
927710
927810
927812
927813
927814
927815
927816
927817
927818
927819
927820
927821
927822
927823
927824
927825
927826
927827
927828
927829
928082
928083
928084
928085
928086
928087
928088
928089
928090
928091
928092
928093
928094
928095
928096
928097
928098
928099
928100
928101
928102
928103
928104
928105
928106
928107
928108
928109
928110
928111
928112
928113
928114
928115
928116
928117
928118
928123
928124
928125
928130
928132
928143
928144
928145
928146
928147
928153
928155
928253
928254
928255
928256
928257
928258
928259
928260
928261
928262
928263
928264
928265
928266
928267
928270
928271
928272
928273
928274
928449
928450
928451
928452
928453
928454
928455
928456
928457
928458
928459
928460
928461
928462
928463
928464
928465
928466
928467
928468
928469
928470
928471
928472
928473
928474
928475
928476
928477
928478
928479
928480
928481
928482
928483
928484
928485
928486
928487
928488
928489
928490
928491
928492
928493
928494
928495
928496
928497
928498
928499
928500
928501
928502
928503
928505
928506
928507
928512
928523
928524
928525
928526
928527
928528
928529
928530
928531
928532
928534
928535
928536
928537
928538
928539
928540
928541
928542
928543
928544
928545
928546
928547
928548
928549
928550
928553
928554
928555
928556
928558
928559
928560
928561
928562
928563
928564
928565
928566
928567
928568
928569
928570
928571
928572
928573
928574
928575
928576
928577
928578
928579
928580
928581
928582
928583
928584
928585
928586
928588
928589
928590
928591
928592
928593
928594
928595
928596
928599
928804
928805
928806
928807
928808
928809
928810
928811
928812
928813
928814
928815
928816
928817
928818
928819
928820
928821
928822
928823
928824
928825
928826
928827
928828
928829
928830
928831
928832
928833
928834
928924
928925
928926
928927
928928
928929
928930
928931
928932
928933
928934
928935
928936
928937
928938
928939
928940
928941
928942
928943
928944
928945
928946
928947
928948
928949
928950
928951
928952
928953
928954
928955
928956
928957
928958
928959
928960
928962
928964
928965
928966
928967
928968
928969
928970
928971
928972
928973
928974
928975
928976
928977
928978
928980
928981
928982
928983
928984
928986
928987
928988
928989
928990
928991
928992
928993
928994
928995
928996
928997
928998
929009
929010
929011
929012
929013
929014
929015
929016
929017
929018
929019
929020
929021
929022
929023
929024
929025
929026
929027
929042
929043
929286
929287
929288
929289
929290
929291
929293
929294
929317
929318
929319
929320
929321
929322
929323
929324
929325
929326
929327
929328
929329
929330
929331
929332
929333
929334
929335
929336
929337
929338
929339
929340
929341
929342
929343
929344
929345
929346
929347
929348
929349
929350
929351
929352
929353
929354
929355
929356
929357
929358
929359
929360
929361
929362
929363
929364
929365
929366
929367
929368
929369
929370
929371
929372
929373
929374
929375
929376
929377
929378
929379
929380
929381
929382
929383
929384
929385
929386
929387
929388
929389
929390
929391
929392
929393
929395
929396
929397
929400
929401
929402
929403
929404
929406
929407
929897
929898
929899
930208
930211
930219
930220
930556
930557
930559
930560
930561
930562
930563
930564
930565
930566
930567
930568
930569
930570
930571
930572
930573
930574
930575
930576
930577
930578
930579
930583
930584
930585
930586
930587
930588
930589
930775
930776
930777
930778
930779
930787
930788
930789
930790
930791
930792
930991
930992
930993
930994
930995
930996
930997
930998
930999
931001
931002
931003
931004
931005
931006
931007
931008
931164
931176
931182
931183
931272
931273
931274
931297
931300
931302
931303
931321
931322
931324
931331
931332
931333
931334
931367
931370
931566
931567
931568
931569
931570
931571
931572
931573
931574
931575
931576
931577
931578
931579
931580
931581
931582
931583
931584
931585
931586
931587
931588
931589
931603
931604
931606
931607
931611
931614
931616
931617
931618
931619
931622
931623
931624
931625
931626
931627
931628
931629
931630
931631
931632
931633
931634
931635
931636
931637
931638
931639
931640
931641
931642
931643
931648
931650
931651
931652
931653
931654
931655
931656
931657
931658
931659
931660
931661
931662
931663
931664
931665
931666
931667
931668
931669
931670
931671
931672
931679
931680
931681
931719
931720
931722
931723
931724
931728
931729
931730
931731
931732
931733
931734
931735
931736
931737
931738
931739
931740
931741
931742
931743
931917
931918
931919
931920
931921
931922
931923
931924
931925
931926
931927
931928
931929
931930
931931
931932
931933
931934
931935
931936
931937
931938
931939
931940
931941
931942
931943
931944
931945
931946
931947
931948
931949
931950
931951
931952
931953
931954
931955
931956
931957
931958
931959
931960
931961
931962
931963
931964
931965
931966
931967
931968
931969
931970
931971
931972
931973
931974
931975
931977
931978
931979
931980
931981
931982
931983
931984
931985
931986
931987
931988
931989
931990
931991
931992
931993
931994
931995
931996
931997
931998
931999
932000
932001
932002
932003
932004
932006
932007
932008
932010
932011
932012
932013
932014
932015
932016
932017
932018
932019
932020
932021
932022
932023
932024
932025
932026
932027
932028
932029
932030
932031
932032
932033
932034
932035
932036
932037
932038
932039
932040
932041
932071
932278
932279
932280
932281
932282
932283
932284
932285
932286
932287
932288
932289
932290
932291
932292
932293
932294
932295
932296
932297
932298
932299
932300
932301
932302
932303
932304
932305
932306
932307
932308
932309
932310
932311
932312
932313
932314
932315
932316
932317
932318
932319
932320
932321
932322
932323
932324
932325
932326
932327
932328
932329
932330
932331
932332
932333
932334
932335
932336
932337
932338
932339
932340
932341
932343
932344
932348
932350
932351
932352
932353
932354
932355
932408
932409
932656
932657
932659
932668
932669
932670
932671
932672
932673
932674
932675
932711
932715
932717
932718
932963
932964
932965
932966
932974
932975
932978
932979
932980
932981
932982
932983
932985
932986
933623
933624
933625
933626
933627
933628
933629
933630
933632
933633
933634
938091
938092
938093
938094
938095
938096
938097
938098
938099
938100
938101
938102
938103
938104
938105
938106
938107
938108
938109
938110
938111
938112
938113
938115
938116
938117
938118
938119
938120
938121
938122
938123
938124
938125
938126
938127
938128
938129
938130
938131
938132
938133
938134
938135
938136
938137
938139
938140
938141
938142
938143
938144
938145
938146
938147
938148
938149
938150
938151
938152
938153
938154
938155
938156
938157
938158
938159
938160
938161
938162
938163
938164
938166
938167
938168
938169
938170
938171
938172
938173
938174
938175
938176
938177
938178
938179
938180
938182
938183
938184
938185
938186
938187
938188
938189
938191
938192
938193
938194
938195
938197
938198
938201
938202
938203
938204
938205
938206
938207
938208
938210
938693
938694
938695
938870
938871
938872
938873
938874
938875
938876
938877
938878
938879
938880
938881
938882
938883
938884
938885
938886
938887
938888
938889
938890
938891
938892
938893
938894
938896
938897
938898
938899
938900
938901
938902
938903
938904
938905
938906
938907
938908
938909
938910
938911
938912
938913
938914
938915
938916
938917
938918
938919
938920
938921
938922
938923
938924
938925
938926
938927
938928
938929
938930
938931
938932
938933
938934
938935
938936
938937
938938
938939
938940
938946
938947
938948
938949
938950
938951
938956
938957
938958
938959
938960
938961
938962
938963
938964
938965
938966
938967
938968
938969
938970
938973
938975
938976
938977
938978
938980
938981
938982
938983
938984
938985
938986
938987
938988
938989
938990
938991
938992
938993
938994
938995
938996
938997
938998
938999
939000
939001
939002
939003
939004
939006
939007
939009
939012
939013
939245
939246
939247
939248
939249
939250
939251
939252
939253
939255
939256
939593
939594
939595
939596
939597
939598
939599
939600
939601
939602
939603
939604
939605
939606
939607
939608
939609
939610
939611
939612
939613
939614
939880
939881
939882
939883
939884
939885
939886
939887
940192
940193
940194
940195
940196
940197
940198
940199
940200
940201
940202
940203
940204
940216
940217
940218
940219
940220
940223
940224
940225
940226
940227
940228
940229
940230
940231
940232
940233
940234
940235
940237
940238
940239
940240
940241
940242
940243
940244
940245
940246
940247
940248
940249
940250
940251
940252
940253
940254
940255
940256
940257
940259
940260
940475
940482
940483
940485
940488
940490
940491
940492
940493
940494
940495
940496
940497
940498
940499
940500
940501
940502
940503
940504
940505
940506
940507
940509
940510
940511
940512
940513
940514
940515
940516
940518
940519
940520
940787
940788
940790
940791
940796
940797
940799
940800
941159
941427
941428
941443
941444
941445
941446
941447
941450
941461
941462
941463
941476
941477
941481
941482
941483
941484
941485
941488
941492
941493
941494
941495
941496
941497
941498
941504
941505
941506
941655
941656
941657
941658
941659
941660
941661
941662
941663
941664
941666
941667
941670
941671
941674
941675
941676
941677
941678
941679
941680
941681
941683
941684
941685
941686
941687
941688
941690
941691
941692
941693
941694
941695
941696
941697
941698
941699
941700
941701
941702
941703
941704
941705
941706
941707
941708
941709
941710
941711
941712
941713
941714
941715
941716
941717
941718
941719
941720
941721
941722
941723
941724
941725
941726
941727
941728
941729
941730
941731
941732
941733
941734
941735
941736
941737
941738
941739
941740
941741
941742
941743
941744
941745
941746
941747
941748
941749
941750
941751
941752
941753
941754
941755
941757
941758
941759
941870
941871
941872
941873
941874
941875
941876
941877
941878
941879
941880
941881
941882
941883
941884
941885
941886
941887
941888
941889
941890
941891
941892
941893
941894
941895
941896
941897
941898
941899
941900
942244
942245
942246
942247
942248
942249
942251
942252
942253
942254
942255
942256
942257
942544
942545
942546
942547
942548
942549
942550
942607
942608
942613
942614
942615
942616
942617
942618
942619
942620
942621
942622
942623
942625
942626
942918
942919
942920
943310
943311
943312
943313
943314
943315
943316
943318
943319
943320
943321
943322
943323
943324
943325
943326
943327
943328
943331
943332
943333
943335
943336
943337
943338
943340
943344
943345
943347
943349
943352
943353
943354
943355
943356
943357
943358
943359
943360
943361
943586
943587
943588
943589
943590
943591
943592
943593
943594
943595
943596
943597
943598
943599
943600
943601
943602
943603
943604
943605
943606
943607
943608
943609
943610
943611
943612
943613
943614
943615
943616
943617
943618
943619
943620
943621
943622
943623
943624
943625
943626
943627
943628
943629
943630
943631
943632
943978
943979
943980
943981
943984
943985
943986
943987
943988
943989
943990
943991
943992
943993
943994
943995
943996
943997
943998
943999
944000
944001
944002
944003
944007
944008
944009
944010
944011
944012
944013
944014
944015
944016
944017
944018
944019
944020
944021
944022
944023
944024
944069
944070
944073
944074
944089
944091
944092
944093
944095
944099
944100
944245
944247
944250
944251
944252
944253
944256
944259
944260
944261
944262
944263
944264
944265
944266
944267
944268
944269
944270
944271
944272
944273
944274
944275
944276
944277
944278
944279
944280
944281
944282
944283
944284
944285
944286
944287
944288
944289
944290
944291
944292
944293
944294
944295
944296
944297
944298
944299
944300
944301
944302
944303
944304
944305
944306
944307
944308
944870
944871
944872
944873
944874
944885
944886
944887
944888
944889
944890
944891
944892
944893
944894
944905
944906
944907
944908
944909
945093
945094
945095
945096
945097
945100
945111
945112
945113
945114
945115
945116
945117
945118
945119
945120
945795
946801
946802
946973
946974
946981
947750
947751
947752
947753
947754
947755
947756
947757
947758
947759
947760
947761
947762
947763
947764
947765
947766
947767
947768
947769
947770
947771
947772
947773
947779
947780
947781
947782
947784
947785
947787
947788
947789
947790
947791
947792
947793
947794
947795
947796
947797
947798
947799
947801
947802
947803
947804
947805
947806
947807
947808
947809
947811
947812
947815
947816
947817
947820
947821
947823
947824
947825
947826
947827
947828
947829
947831
947832
947834
947835
947837
947839
947842
947843
947844
947849
947850
947851
947853
947854
947855
947856
947857
947858
947859
947860
947861
947874
947875
947881
947883
947884
947885
947886
947888
947889
947898
947899
947900
947901
947902
947908
947909
948171
948172
948173
948174
948175
948177
948343
948344
948345
948346
948347
948348
948349
948350
948351
948352
948353
948354
948355
948356
948357
948358
948359
948360
948361
948362
948363
948364
948365
948366
948367
948368
948369
948370
948371
948372
948373
948374
948375
948376
948377
948378
948379
948380
948381
948382
948383
948384
948385
948386
948387
948388
948389
948390
948391
948392
948393
948394
948395
948396
948397
948398
948406
948407
948408
948409
948410
948411
948412
948413
948414
948415
948416
948417
948418
948420
948421
948422
948423
948424
948425
948426
948427
948428
948429
948430
948431
948432
948433
948434
948435
948436
948437
948438
948439
948440
948441
948442
948443
948444
948445
948446
948447
948448
948449
948450
948451
948452
948453
948454
948455
948456
948457
948458
948459
948460
948461
948462
948463
948464
948465
948468
948470
948471
948474
948475
948476
948477
948478
948479
948480
948481
948482
948483
948484
948485
948486
948487
948489
948490
948491
948492
948493
948494
948495
948496
948497
948500
948506
948525
948526
948527
948528
948700
948701
948702
948703
948704
948705
948708
948722
948723
948724
948725
948727
948728
948729
948730
948731
948732
948733
948734
948735
948736
948737
948738
948739
948740
948741
948742
948743
948744
948745
948746
948747
948748
948749
948750
948751
948752
948753
948754
948755
948756
948757
948763
948765
948766
948767
948768
948769
948770
948771
948772
948773
948774
948775
948776
948777
948778
948779
948780
948796
948797
948798
948799
948800
948801
948802
948803
948805
948806
948807
948808
948809
948810
948811
948812
948813
948814
948815
948816
948817
948818
948819
948820
948821
948822
948823
948824
948825
948826
948827
948828
948829
948830
948831
948832
948833
948834
948835
948836
948837
948838
948839
948840
948841
948842
948843
948844
948845
948846
948847
948852
948853
948854
948856
948857
948858
948859
948864
948865
948867
948868
948869
948872
948873
948874
948877
948878
948879
948880
948881
948882
948883
948884
948885
948886
948887
948888
950103
950104
950105
950106
950107
950108
950109
950110
950111
950114
950116
950118
950121
950125
950126
950128
950130
950131
950132
950133
950136
950361
950362
950364
950365
950366
950369
950371
950372
950374
950375
950376
950379
950380
950381
950382
950383
950384
950385
950386
950387
950388
950389
950390
950393
950394
950395
950396
950397
950399
950622
950623
950624
950670
950671
950672
950673
950674
950675
950676
950677
950678
950679
950680
950681
950682
950683
950684
950685
950686
950687
950688
950689
950690
950691
950692
950693
950694
950695
950696
950697
950698
950699
950700
950701
950702
950703
950704
950705
950706
950707
950708
950709
950710
950711
950712
950916
950917
950918
950919
950920
950925
950926
950928
950939
950940
950949
950950
950951
950952
950953
950954
950955
950956
950957
950958
950959
950960
950961
950962
950963
950964
950965
950966
950967
950968
950969
950970
950971
950972
950973
950974
950975
950976
950977
950978
950979
950980
950981
950982
950983
950984
950985
950986
950987
950988
950989
950990
950991
950992
950993
950994
950995
950996
950997
950998
950999
951000
951001
951002
951003
951004
951005
951006
951007
951008
951009
951010
951011
951208
951211
951212
951213
951214
951215
951216
951217
951218
951220
951221
951222
951223
951224
951225
951227
951228
951229
951250
951251
951252
951253
951254
951255
951256
951258
951260
951263
951264
951265
951266
951267
951268
951269
951270
951271
951272
951273
951274
951275
951276
951277
951278
951279
951280
951281
951282
951283
951284
951285
951286
951287
951288
951895
951896
951897
951898
951899
951942
951956
951957
951958
951959
951961
951962
951963
951964
951966
951967
951968
951969
951970
951971
951973
951974
951975
951976
951978
951979
951980
951981
951982
951983
951985
952133
952134
952135
952136
952137
952138
952139
952140
952141
952142
952143
952144
952145
952146
952147
952148
952149
952150
952151
952152
952153
952154
952155
952156
952157
952158
952159
952160
952161
952162
952163
952164
952165
952166
952167
952168
952199
952200
952201
952202
952203
952204
952205
952207
952208
952209
952211
952212
952213
952214
952216
952217
952218
952219
952220
952222
952223
952224
952225
952226
952227
952228
952229
952401
952402
952404
952405
952407
952408
952409
952410
952411
952412
952413
952414
952415
952416
952418
952419
952420
952421
952422
952423
952424
952425
952426
952427
952428
952429
952430
952431
952432
952433
952434
952435
952436
952437
952439
952441
952442
952443
952444
952445
952446
952447
952448
952449
952450
952451
952452
952453
952454
952455
952456
952457
952458
952459
952460
952461
952462
952463
952464
952465
952466
952467
952468
952469
952470
952471
952472
952473
952475
952476
952477
952478
952479
952480
952481
952483
952484
952485
952488
952489
952490
952491
952492
952493
952494
952495
952496
952497
952498
952499
952500
952501
952502
952503
952504
952505
952506
952507
952508
952509
952510
952511
952512
952514
952515
952516
952517
952518
952519
952520
952521
952522
952523
952524
952525
952527
952528
952530
952531
952532
952533
952534
952537
952538
952539
952540
952543
952545
952546
952547
952548
952889
952890
952891
952892
952893
952894
952895
952896
952897
952898
952899
952900
952901
952902
952921
952922
952923
952924
952925
952926
952927
952928
952929
952930
952931
952932
952933
952934
952935
952936
952937
952938
952939
952940
952941
952942
952943
952944
952945
952946
952947
952948
952949
952950
952951
952952
952953
952954
953116
953117
953118
953119
953120
953121
953122
953123
953124
953125
953126
953127
953128
953129
953130
953131
953132
953133
953157
953158
953159
953160
953161
953162
953165
953166
953167
953168
953172
953173
953174
953175
953176
953177
953178
953179
953180
953181
953332
953333
953334
953791
953792
953793
953794
953795
953796
953797
953798
953799
953800
954162
954177
954178
954179
954391
954392
954394
954395
954482
954483
954484
954485
954486
954488
954489
954490
954491
954492
954493
954494
954495
954496
954499
954500
954501
954975
954979
954981
954982
955350
955351
955352
955353
955354
955355
955356
955357
955358
955359
955360
955361
955362
955363
955364
955365
955366
955367
955368
955369
955371
955372
955373
955374
955547
955548
955549
955550
955551
955552
955553
955554
955555
955556
955559
955560
955561
955562
955563
955564
955565
955566
955567
955568
955569
955570
955571
955572
955573
955574
955575
955576
955577
955578
955579
955587
955588
955589
955590
955591
955592
955593
955594
955595
955596
955597
955598
955599
955600
955601
955602
955603
955604
955607
955608
955609
955610
955611
955612
955613
955614
955615
955616
955617
955618
955619
955620
955621
955622
955623
955624
955625
955626
955627
955628
955629
955630
955631
955632
955633
955634
955635
955636
955637
955638
955640
955641
955644
955645
955646
955647
955648
955649
955651
955653
955654
955655
955656
955657
955658
955659
955660
955661
955662
955663
955665
955666
955667
955668
955669
955670
955671
955672
955673
955674
955675
955676
955677
955678
955679
955680
955681
955682
955683
955684
955685
955686
955687
955688
955689
955690
955691
955692
955693
955694
955695
955696
955697
955698
955699
955700
955701
955702
955705
955706
955707
955708
955709
955710
955711
955712
955713
955714
955715
955717
955718
955719
955720
955721
955724
955726
955727
955728
955729
955730
955731
955732
955733
955734
955741
955743
955745
955747
955748
955753
955754
955755
955756
955758
955759
955921
955922
955923
955924
955941
955942
955943
955944
955945
955946
955947
955948
955949
955950
955951
955952
955953
955954
955955
955956
955957
955958
955959
955960
955961
955962
955963
955964
955965
955966
955967
955968
955969
955970
955971
955972
955973
955974
955975
955976
955977
955978
955979
955980
955981
955982
955983
955984
955985
955986
955987
955988
955989
955990
955991
955992
955995
955996
955997
955998
955999
956000
956001
956002
956003
956004
956005
956006
956007
956008
956009
956010
956011
956012
956013
956014
956015
956016
956017
956018
956019
956020
956021
956024
956025
956028
956029
956030
956031
956032
956033
956034
956035
956036
956037
956038
956040
956041
956042
956043
956044
956045
956047
956049
956050
956051
956052
956053
956054
956055
956057
956062
956064
956066
956067
956068
956069
956072
956073
956074
956075
956077
956078
956079
956080
956081
956082
956083
956085
956086
956087
956088
956089
956090
956091
956092
956093
956094
956095
956096
956097
956098
956100
956101
956102
956103
956104
956105
956106
956107
956108
956109
956110
956111
956112
956290
956291
956292
956293
956294
956298
956299
956300
956301
956302
956303
956304
956305
956306
956307
956321
956322
956323
956324
956336
956337
956338
956339
956340
956341
956342
956343
956344
956345
956346
956347
956348
956349
956350
956351
956352
956353
956354
956355
956356
956357
956358
956359
956360
956361
956362
956363
956364
956365
956366
956367
956368
956369
956370
956371
956372
956373
956374
956375
956376
956377
956379
956380
956381
956382
956383
956384
956385
956386
956387
956388
956389
956390
956391
956393
956394
956395
956396
956397
956398
956399
956400
956401
956413
956414
956415
956416
956417
956418
956421
956422
956424
956425
956426
956427
956428
956429
956430
956432
956433
956434
956436
956615
956616
956617
956618
956619
956620
956621
956622
956623
956624
956625
956626
956627
956628
956629
956630
956632
956633
956636
956649
956650
956651
956652
956653
956654
956655
956656
956657
956658
956659
956660
956661
956662
956663
956664
956665
956666
956667
956668
956669
956670
956671
956672
956673
956674
956675
956676
956677
956678
956679
956680
956681
956682
956683
956684
956685
956686
956687
956688
956690
956691
956692
956693
956694
956695
956696
956697
956698
956699
956700
956701
956702
956703
956704
956705
956706
956707
956708
956709
956710
956711
956712
956713
956714
956715
956716
956717
956718
956719
956720
956721
956722
956723
956724
956725
956726
956727
956728
956729
956730
956731
956732
956733
956734
956735
956736
956737
956738
956739
956740
956741
956742
956743
956744
956745
956746
956747
956748
956749
956750
956751
956752
956753
956754
956755
956756
956757
956758
956759
956760
956761
956763
956766
956770
956771
956776
956777
956778
956779
956780
956781
956782
956783
956784
956785
956786
956788
956789
956790
956791
956792
956793
956794
956795
956796
956797
956798
956799
956800
956801
956802
956803
956806
956807
956808
956809
956810
956986
957119
957120
957121
957364
957367
957369
957370
957381
957382
957384
957385
957387
957388
957390
957391
957393
957394
957396
957397
957399
957400
957402
957403
957405
957406
957408
957409
957411
957412
957414
957415
957417
957418
957420
957421
957423
957424
957426
957427
957428
957429
957430
957431
957432
957433
957434
957435
957436
957437
957438
957439
957440
957441
957442
957443
957444
957445
957446
957447
957448
957449
957450
957451
957653
957654
957655
957656
957657
957658
957659
957660
957661
957662
957663
957664
957665
957666
957667
957668
957669
957670
957671
957672
957673
957674
957675
957676
957677
957678
957679
957680
957681
957682
957683
957684
957685
957688
957689
957690
957692
957693
957694
957695
957696
957697
957698
957699
957700
957701
957702
957703
957704
957705
957706
957707
957708
957709
957710
957711
957712
957713
957714
957715
957716
957717
957718
957719
957720
957721
957722
957723
957724
957725
957726
957727
957729
957730
957731
957732
957734
957735
957737
957740
957741
957742
957743
957744
957745
957746
957747
957748
957749
957750
957751
957752
957753
957754
957755
957756
957757
957758
957759
957760
957761
957762
957763
957764
957765
957766
957767
957768
957769
957770
957771
957772
957773
957774
957775
957776
957777
957778
957779
957781
957782
957783
957784
957785
957786
957787
957788
957789
957790
957791
957792
957872
957873
957874
957875
957876
957877
957878
957879
957880
957881
957882
957883
957884
957885
957886
957887
957888
957918
957919
957920
957921
957922
957923
957924
957925
957926
957927
957928
957929
957930
957931
957932
957933
957934
957935
957936
957937
957938
957939
957940
957941
957942
957943
957944
957945
957946
957947
957948
958214
958219
958220
958221
958222
958223
958224
958225
958226
958227
958230
958231
958232
958233
958235
958237
958238
958239
958240
958241
958244
958246
958247
958250
958251
958252
958253
958255
958256
958380
958381
958382
958383
958384
958385
958386
958387
958388
958389
958390
958391
958392
958393
958394
958395
958639
958808
958809
958812
958813
958816
958817
958821
958822
959091
959092
959093
959094
959096
959097
959098
959099
959100
959101
959349
959350
959351
959352
959353
959354
959355
959356
959357
959358
959359
959360
959361
959362
959363
959364
959365
959366
959367
959369
959370
959371
959372
959373
959375
959376
959377
959378
959380
959381
959382
959383
959384
959385
959387
959388
959389
959390
959391
959393
959394
960045
960046
960047
960049
960050
960051
960052
960053
960065
960066
960067
960068
960069
960070
960071
960072
960073
960074
960077
960079
960080
960081
960082
960083
960084
960085
960086
960087
960088
960089
960090
960091
960092
960093
960094
960095
960096
960097
960098
960099
960100
960101
960102
960103
960104
960105
960106
960107
960108
960109
960110
960111
960112
960113
960114
960115
960392
960393
960394
960395
960396
960397
960398
960399
960400
960401
960402
960403
960404
960405
960406
960407
960408
960409
960410
960411
960412
960413
960414
960415
960416
960417
960418
960419
960420
960421
960422
960423
960424
960434
960435
960436
960437
960438
960439
960440
960441
960442
960443
960444
960445
960446
960447
960448
960449
960450
960451
960452
960453
960454
960455
960456
960457
960458
960459
960460
960461
960462
960463
960464
960465
960466
960467
960468
960469
960470
960471
960472
960473
960474
960475
960476
960477
960478
960479
960480
960481
960482
960483
960484
960485
960486
960487
960488
960489
960490
960491
960492
960493
960494
960495
960716
960717
960718
960719
960720
960721
960722
960723
960724
960725
960726
960727
960728
960729
960730
960731
960732
960733
960735
960736
960738
960740
960741
960742
960743
960744
960745
960746
960747
960748
960749
960750
960751
960752
960753
960754
960755
960756
960757
960758
960759
960760
960761
960762
960763
960764
960765
960766
960767
960768
960769
960770
960771
960772
960773
960774
960775
960776
960777
960778
960779
960780
960781
960782
960783
960784
960785
960786
960787
960788
960789
960790
960791
960792
960793
960794
960795
960796
960797
960798
960799
960800
960801
960802
960803
960804
960805
960806
960807
960808
960809
960810
960811
960812
960813
960814
960815
960816
960817
960818
960819
960820
960821
960822
960823
960824
960826
960827
960828
960829
960830
960831
960832
960833
960834
960835
960836
960837
960838
960839
960840
960841
960842
960843
960844
960845
960846
960847
960848
960849
960850
960851
960852
960853
960854
960855
960856
960857
960858
960859
960860
960861
960862
960863
960864
960865
960866
960867
960868
960869
960870
960871
960872
960873
960875
960876
960877
960878
960879
960880
960881
960882
960883
960884
960885
960886
960887
960888
960889
960890
960891
960892
960893
960894
960895
960896
961497
961498
961499
961500
961501
961502
961503
961504
961505
961506
961507
961518
961519
961520
961521
961522
961523
961524
961525
961526
961527
961528
961529
961530
961531
961532
961533
961534
961535
961536
961537
961538
961539
961540
961541
961542
961543
961544
961545
961546
961547
961548
961549
961550
961551
961552
961553
961816
961817
961818
961819
961820
961821
961822
961823
961824
961825
961826
961827
961828
961829
961830
961831
961832
961833
961834
961835
961836
961837
961838
961839
961840
961841
961842
961843
961844
961845
961846
961847
961848
961849
961850
961851
961853
961854
961855
961856
961857
961858
961859
961860
961861
961862
961863
961864
961865
961866
961867
961868
961869
961870
961871
961872
961873
961874
961875
961876
961877
961878
961879
961880
961881
961906
961908
961909
961910
961911
961912
961913
961914
961919
961922
961923
961924
962784
962785
962787
962788
962789
962790
962791
962792
962793
962794
962795
962796
962797
962798
962799
962800
962801
962802
962803
962804
962805
962806
962807
962809
962811
962812
962813
962814
962815
962816
962817
962818
962821
962835
962836
962892
962893
962894
962906
962907
962912
963047
963048
963049
963050
963051
963052
963053
963054
963375
963376
963377
963378
963379
963386
963399
963615
963616
963617
963618
963619
963620
963621
963622
963623
963624
963625
963626
963627
963647
963879
963880
963881
963882
963883
963884
963885
963886
963887
963890
963891
963892
963893
963896
963897
963899
963900
963902
963903
963904
963907
963908
963909
963910
963911
963914
963915
963916
963917
963920
963926
964075
964076
964077
964078
964079
964080
964081
964082
964083
964084
964085
964086
964087
964088
964089
964090
964091
964092
964093
964094
964095
964096
964097
964098
964099
964100
964101
964102
964103
964104
964105
964106
964107
964108
964109
964110
964111
964112
964113
964114
964115
964116
964117
964118
964119
964120
964121
964122
964123
964124
964125
964126
964127
964128
964129
964133
964134
964135
964136
964137
964138
964139
964140
964141
964143
964145
964147
964148
964150
964151
964152
964153
964154
965611
965612
965613
965614
965615
965616
965617
965618
965619
965620
965621
965622
965623
965626
965633
965638
965639
965643
965648
965657
965658
965663
965666
965673
965688
965689
965692
965899
965900
965901
965902
965903
965904
965905
965906
965907
965908
965909
965910
965911
965912
965913
965914
965915
965916
965917
965918
965919
965920
965921
965922
965923
965924
965925
965926
965927
965928
965929
965930
965931
965932
965933
965934
965935
965941
965942
965943
965944
965945
965946
965947
965959
965960
965961
965962
965963
965964
965965
965966
965967
965968
965969
965970
965971
965972
966378
966379
966380
966381
966382
966383
966384
966385
966386
966387
966388
966389
966390
966391
966392
966393
966394
966395
966397
966398
966399
966400
966402
966404
966405
966407
966453
966454
966455
966456
966647
966649
966650
966651
966652
966653
966654
966655
966656
966657
966658
966659
966660
966661
966662
966663
966664
966665
966666
966843
966844
966845
966848
966849
966852
966853
966854
966855
966856
966857
966858
966859
966860
966861
966862
966863
966865
966866
966867
966868
966869
966871
966875
966876
966877
966879
966880
967172
967173
967174
967175
967176
967177
967178
967179
967181
967182
967184
967185
967186
967188
967189
967192
967193
967194
967196
967197
967199
967200
967203
967204
967205
967206
967207
967208
967209
967210
967211
967212
967213
967214
967215
967484
967485
967486
967487
967488
967489
967490
967491
967492
967493
967494
967495
967496
967497
967498
967504
967509
967510
967511
967797
967798
967799
967800
967803
967808
967810
967812
967813
967814
967815
967816
967817
967818
967819
967820
967821
968215
968217
968218
968220
968223
968224
968227
968228
968230
968231
968232
968666
968861
968862
968864
968865
968867
968868
968869
968870
968871
968872
968873
968874
968875
968878
968880
970010
970011
970012
970013
970014
970015
970016
970017
970018
970019
970020
970021
970022
970023
970442
970443
970446
970447
970448
970449
970450
970619
970620
970621
970674
970675
970676
970677
970678
970679
970698
970699
970700
970701
970702
970708
970710
970715
970716
970717
970718
970720
970721
970722
970723
970724
970725
970773
970775
970776
970777
970778
970779
970783
970784
970785
970786
970787
970788
970789
970790
970791
970792
970793
970794
970795
970796
970797
970798
970799
970800
970801
970802
970803
970804
970805
970951
970952
970953
970954
970955
970956
970957
970958
970959
970960
970961
970962
970963
970964
970965
970966
970967
970968
971017
971018
971019
971020
971021
971022
971057
971061
971063
971064
971065
971066
971067
971068
971069
971070
971071
971072
971073
971075
971076
971077
971078
971079
971080
971081
971082
971083
971084
971085
971086
971087
971088
971089
971090
971091
971092
971093
971094
971096
971097
971098
971099
971100
971101
971102
971103
971104
971105
971106
971107
971108
971109
971110
971111
971112
971289
971290
971291
971292
971293
971294
971295
971296
971297
971298
971299
971300
971301
971302
971303
971304
971305
971306
971307
971308
971309
971310
971311
971312
971313
971314
971315
971316
971317
971318
971319
971320
971323
971324
971325
971326
972173
972174
972175
972176
972177
972393
972394
972395
972396
972397
972398
972399
972400
972401
972402
972403
972404
972405
972406
972407
972813
972814
972815
972816
972819
972827
972828
972829
972830
972831
972832
972833
973551
973644
973645
973646
973647
973652
973658
973659
973664
973665
973666
973667
973668
973669
973670
973671
973672
973999
974000
974001
974005
974006
974008
974009
974010
974013
974014
974016
974017
974018
974020
974024
974025
974026
974027
974028
974029
974030
974715
974716
974717
974718
974719
974720
974721
974722
974723
974724
974725
974726
974727
974728
974729
974730
974731
974732
974733
974734
974735
974736
974737
974738
975821
975822
975823
975824
975825
975826
975827
976090
976091
976092
976093
976094
976095
976097
976099
976100
976102
976103
976105
976107
976113
976114
976115
976117
976118
976252
976253
976255
976256
976257
976258
976259
976260
976263
976264
976265
976266
976267
976268
976269
976270
976271
976272
976273
976274
976275
976276
976277
976278
976279
976280
976281
976282
976283
976284
976285
976286
976287
976288
976289
976290
976291
976292
976293
976294
976295
976296
976297
976298
976299
976300
976301
976302
976303
976304
976305
976306
976770
976771
976772
976932
976933
976934
976936
976938
976964
976965
976967
977335
977336
977337
977338
977339
977340
977341
977342
977706
977707
977899
977900
977901
977902
977903
977904
977905
977906
977907
977908
977909
977910
977911
977912
977913
978711
978712
978713
978714
978716
978964
978965
978966
978967
978968
978969
978971
978973
978974
978975
978976
984245
984246
984247
984248
984249
984250
984251
984252
984253
984254
984255
984256
984261
984262
984263
984371
984372
984373
984374
984375
984376
984377
984378
984379
984380
984381
984382
984383
984384
984385
984386
984387
984388
984401
984402
984403
984404
984405
984406
984407
984408
984409
984410
986882
986883
986884
986885
986886
986887
986888
986889
986890
986891
986892
986893
986894
986895
986896
986897
986898
986900
986902
986903
986910
986911
986912
986913
986914
986915
986916
986917
986918
986919
986920
986921
986922
988009
988010
988011
988012
988013
988014
988015
988016
988017
988018
988019
988020
988021
988022
988023
988024
988025
988026
988029
988030
988031
988032
988033
988034
988035
988036
988037
988038
988039
988040
988042
988048
988049
988050
988051
988053
988055
988057
988058
988059
988060
988061
988062
988063
988064
988066
988073
988074
988075
988094
988096
988097
988098
988099
988100
988101
988102
988701
988702
988771
989027
989029
989030
989033
989034
989036
989038
989396
989416
989417
989418
989419
989420
989421
989422
989423
989424
989425
989426
989427
989428
989429
989430
989431
989441
989442
989443
990073
990084
990085
990086
990087
990088
991140
991142
993284
993302
993303
993306
993307
993308
993309
993310
993311
993312
993313
993314
993315
994103
994109
996514
996515
996516
996517
996518
996519
996520
996521
996522
996523
996524
996525
996526
996527
996528
996529
996530
996531
996532
996533
996535
996536
996537
996546
996547
996548
996549
996550
996551
996553
998905
998906
998907
998908
998909
998910
998911
998912
998913
998914
998915
998916
998917
998918
998919
998920
998921
998922
998924
998926
998927
998928
998929
998930
998931
998932
998933
998934
998935
998936
998938
998939
998940
999881
999882
999883
999884
999885
999886
999887
999888
999889
999890
999891
999892
999893
999894
999895
999896
999897
999898
999899
999900
999902
999903
999904
999905
999907
999909
999910
999911
999912
999914
999915
999916
999966
1000089
1000090
1000091
1000092
1000093
1000094
1000095
1000097
1000099
1000100
1000101
1000102
1000103
1000104
1000105
1000115
1000116
1000117
1000118
1000120
1000121
1000122
1000123
1000124
1000125
1000126
1000127
1000128
1000129
1000130
1000131
1000132
1000133
1000134
1000135
1000136
1000137
1000138
1000139
1000140
1000141
1000142
1000143
1000144
1000145
1000146
1000147
1000148
1000149
1000150
1000151
1000153
1000154
1000155
1000156
1000157
1000158
1000159
1000160
1000161
1000162
1000163
1000164
1000165
1000166
1000167
1000168
1000169
1000170
1000171
1000172
1000173
1000174
1000175
1000176
1000177
1000178
1000179
1000180
1000181
1000182
1000183
1000184
1000185
1000186
1000187
1000188
1000189
1000190
1000191
1000192
1000193
1000194
1000195
1000196
1000197
1000198
1000199
1000200
1000201
1000202
1000203
1000204
1000205
1000206
1000208
1000209
1000210
1000211
1000212
1000213
1000214
1000215
1000216
1000217
1000218
1000219
1000220
1000221
1000222
1000223
1000224
1000225
1000226
1000227
1000228
1000229
1000230
1000231
1000232
1000233
1000234
1000235
1000236
1000237
1000238
1000239
1000240
1000241
1000242
1000243
1000244
1000245
1000246
1000247
1000248
1000249
1000250
1000251
1000252
1000253
1000254
1000255
1000256
1000257
1000258
1000259
1000260
1000261
1000262
1000826
1000827
1000828
1000829
1000830
1000831
1000833
1000835
1000837
1000839
1000841
1000843
1000845
1000847
1000849
1000850
1000851
1000852
1000853
1000854
1000855
1000856
1000857
1000858
1000859
1000860
1000861
1000894
1000896
1000897
1000898
1000899
1000900
1000901
1000902
1000903
1000905
1001196
1001197
1001199
1001200
1001201
1001202
1001203
1001204
1001205
1001206
1001207
1001208
1001209
1001210
1001211
1001212
1001213
1001215
1001216
1001217
1001218
1001219
1001220
1001221
1001222
1001223
1001224
1001225
1001226
1001227
1001228
1001229
1001230
1001232
1001233
1001234
1001237
1001238
1001239
1001240
1001241
1001242
1001243
1001244
1001245
1001247
1001248
1001249
1001250
1001251
1001252
1001253
1001254
1001260
1001261
1001262
1001263
1001267
1001268
1001269
1001271
1001272
1001273
1001274
1001275
1001276
1001277
1001278
1001279
1001280
1002149
1002151
1002153
1002155
1002157
1002161
1002167
1002169
1002173
1002175
1002177
1002179
1003464
1003465
1003468
1003469
1003470
1003471
1003472
1003473
1003474
1003475
1003476
1003477
1003478
1003480
1003482
1003483
1003484
1003485
1003486
1003487
1003488
1003489
1003490
1003491
1003492
1003493
1003494
1003495
1003497
1003498
1003499
1003500
1003501
1003502
1003503
1003504
1003505
1003506
1003507
1003508
1003509
1003510
1003525
1003526
1003529
1003530
1003531
1003538
1003539
1003540
1003541
1003546
1003547
1003890
1003891
1003892
1003893
1003894
1003895
1003896
1003897
1003898
1003899
1003900
1003901
1003902
1003903
1003904
1003905
1003906
1003907
1003908
1003909
1003910
1003911
1003912
1003914
1003915
1003916
1003917
1003918
1003919
1003920
1003921
1003922
1003923
1003924
1003925
1003926
1003927
1003928
1003929
1003930
1003931
1003932
1003933
1003934
1003935
1003969
1003970
1003971
1003972
1003973
1003974
1003975
1003976
1003977
1003978
1003979
1004469
1004471
1004473
1004475
1004477
1004479
1004483
1004487
1004489
1004491
1004495
1004497
1011546
1011547
1011556
1011562
1011564
1011566
1011574
1011576
1011577
1011578
1011580
1011581
1011582
1011587
1011588
1011592
1011595
1011596
1011597
1011599
1011600
1011602
1011616
1011618
1011619
1011624
1011625
1011627
1011629
1011898
1011904
1011905
1011906
1011907
1011915
1011917
1011918
1011919
1011920
1011922
1011935
1011936
1011938
1011939
1011940
1011941
1011942
1011943
1011944
1011945
1011946
1011947
1011948
1011950
1011951
1011952
1011953
1011954
1011955
1011956
1011957
1011958
1011959
1011960
1011961
1011962
1011964
1011966
1011967
1011969
1011971
1011973
1011976
1011978
1011979
1011980
1011981
1011982
1011983
1011984
1011985
1011986
1011987
1011988
1015798
1015831
1015832
1015833
1015834
1015835
1015836
1015837
1015838
1015839
1015840
1016056
1016057
1016058
1016059
1016060
1016061
1016062
1016063
1016064
1016065
1016066
1016067
1016068
1016069
1016070
1016071
1016072
1016073
1016074
1016075
1016076
1016077
1016078
1016079
1016080
1016081
1016082
1016083
1016084
1016085
1016086
1016087
1016088
1016089
1016090
1016119
1016120
1016121
1016122
1016123
1016124
1016125
1016126
1016127
1016128
1016147
1016148
1016149
1016150
1016151
1016152
1016153
1016154
1016155
1016295
1016296
1016297
1016298
1016299
1016300
1016301
1016302
1016303
1016304
1016305
1016306
1016307
1016308
1016309
1016310
1016311
1016313
1016314
1016315
1016316
1016317
1016318
1016319
1016320
1016321
1016322
1016323
1016324
1016325
1016326
1016327
1016328
1016329
1016330
1016331
1016332
1016333
1016334
1016335
1016336
1016337
1016338
1016339
1016340
1016341
1016342
1016343
1016344
1016345
1016346
1016347
1016348
1016349
1016350
1016351
1016352
1016353
1016354
1016355
1016356
1016357
1016358
1016359
1016360
1016361
1016373
1016374
1016375
1016390
1016391
1016393
1016394
1016395
1016396
1016397
1016398
1016399
1016400
1016401
1016402
1016403
1016404
1016405
1016408
1016409
1016410
1016411
1016412
1016413
1016414
1016415
1016416
1016417
1016418
1016419
1016421
1016422
1016423
1016424
1016425
1016426
1016427
1016428
1016429
1016430
1016431
1016433
1016434
1016435
1016436
1016437
1016438
1016445
1016446
1016447
1016448
1016449
1016450
1016451
1016452
1016453
1016454
1016455
1016456
1016457
1016458
1016459
1016460
1016461
1016462
1016464
1016465
1016467
1016468
1016469
1016470
1016471
1016472
1016473
1016474
1016475
1016476
1016477
1016478
1016479
1016480
1016481
1016482
1016483
1016484
1016485
1016486
1016487
1016488
1016489
1016490
1016491
1016492
1016493
1016494
1016495
1016654
1016655
1016656
1016657
1016658
1016659
1016660
1016661
1016662
1016671
1016673
1016674
1016675
1016676
1016677
1016678
1016679
1016681
1016682
1016683
1016684
1016685
1016686
1016687
1016688
1016689
1016690
1016691
1016692
1016693
1016694
1016695
1016696
1016697
1016698
1016700
1016701
1016702
1016703
1016704
1016705
1016714
1016720
1016721
1016722
1016723
1016724
1016725
1016726
1016732
1016733
1016735
1016736
1016737
1016738
1016739
1016740
1016741
1016742
1016744
1016745
1016746
1016747
1016748
1016749
1016750
1016751
1016752
1016753
1016754
1016755
1016756
1016757
1016758
1016759
1016761
1016762
1016763
1016764
1016765
1016766
1016768
1016769
1016991
1016992
1016993
1016994
1016995
1016996
1016997
1016998
1016999
1017000
1017001
1017002
1017003
1017004
1017005
1017006
1017007
1017008
1017009
1017010
1017011
1017012
1017013
1017014
1017015
1017016
1017017
1017018
1017019
1017020
1017021
1017022
1017023
1017024
1017025
1017026
1017027
1017028
1017029
1017030
1017031
1017032
1017033
1017034
1017035
1017036
1017037
1017038
1017039
1017040
1017041
1017042
1017043
1017044
1017045
1017046
1017047
1017048
1017049
1017050
1017051
1017052
1017053
1017054
1017055
1017056
1017057
1017058
1017059
1017060
1017061
1017062
1017063
1017064
1017065
1017066
1017067
1017068
1017069
1017070
1017071
1017072
1017073
1017074
1017075
1017076
1017077
1017078
1017079
1017080
1017081
1017082
1017083
1017084
1017085
1017086
1017087
1017088
1017089
1017090
1017091
1017092
1017093
1017094
1017095
1017096
1017097
1017098
1017099
1017100
1017101
1017106
1017107
1017108
1017109
1017116
1017117
1017118
1017119
1017120
1017121
1017122
1017123
1017124
1017125
1017126
1017127
1017128
1017129
1017130
1017148
1017150
1017152
1017153
1017154
1017155
1017156
1017157
1017158
1017159
1017160
1017161
1017162
1017163
1017164
1017165
1017166
1017170
1017173
1017174
1017175
1017176
1017177
1017178
1017179
1017180
1017181
1017182
1017183
1017184
1017185
1017186
1017187
1017188
1017206
1017208
1017210
1017211
1017214
1017215
1017216
1017217
1017219
1017220
1017221
1017222
1017223
1017224
1017225
1017226
1017227
1017234
1017235
1017236
1017237
1017238
1017239
1017240
1017241
1017242
1017243
1017244
1017245
1017246
1017247
1017248
1017249
1017250
1017251
1017252
1017253
1017254
1017255
1017256
1017257
1017258
1017259
1017260
1017261
1017262
1017263
1017264
1017265
1017266
1017267
1017268
1017269
1017271
1017272
1017273
1017274
1017275
1017277
1017278
1017285
1017286
1017287
1017288
1017289
1017290
1017291
1017292
1017293
1017469
1017470
1017471
1017472
1017473
1017474
1017475
1017476
1017477
1017478
1017479
1017480
1017481
1017482
1017483
1017484
1017485
1017486
1017487
1017488
1017489
1017490
1017491
1017492
1017493
1017494
1017495
1017496
1017497
1017498
1017499
1017500
1017501
1017502
1017503
1017504
1017505
1017506
1017507
1017508
1017509
1017510
1017511
1017512
1017513
1017514
1017515
1017516
1017517
1017518
1017519
1017520
1017521
1017522
1017523
1017524
1017525
1017526
1017527
1017528
1017529
1017530
1017531
1017532
1017533
1017534
1017535
1017536
1017537
1017538
1017539
1017540
1017541
1017542
1017543
1017544
1017545
1017546
1017547
1017548
1017549
1017550
1017551
1017552
1017553
1017554
1017555
1017556
1017557
1017558
1017559
1017560
1017561
1017562
1017563
1017564
1017565
1017566
1017567
1017568
1017569
1017570
1017626
1017627
1017628
1017629
1017630
1017639
1017640
1017823
1017824
1017825
1017826
1017916
1017917
1017918
1017919
1017920
1017921
1017922
1017923
1017924
1017929
1017930
1017931
1017932
1017933
1017934
1017935
1017936
1017937
1017939
1017940
1017941
1017942
1017943
1017944
1017945
1017946
1017947
1017948
1017949
1017950
1017951
1017952
1018192
1018196
1018197
1018198
1018199
1018200
1018201
1018202
1018203
1018217
1018218
1018219
1018220
1018221
1018222
1018223
1018224
1018225
1018226
1018227
1018228
1018229
1018230
1018252
1018253
1018254
1018255
1018256
1018257
1018258
1018259
1018550
1018551
1018552
1018553
1018554
1018555
1018556
1018557
1018558
1018559
1018560
1018561
1018562
1018563
1018564
1018565
1018567
1018568
1018569
1018570
1018571
1018572
1018573
1018574
1018575
1018576
1018577
1018578
1018579
1018580
1018581
1018582
1018583
1018584
1018585
1018586
1018587
1018588
1018589
1018590
1018591
1018592
1018593
1018594
1018595
1018596
1018597
1018598
1018599
1018956
1018957
1018958
1018959
1018960
1018961
1018962
1018963
1018964
1018965
1018966
1018967
1018968
1018969
1018970
1018971
1018972
1018974
1018975
1018976
1018977
1018978
1018979
1018982
1018983
1018984
1018985
1018986
1018987
1018988
1018989
1018990
1018991
1018992
1018993
1018994
1018995
1018998
1018999
1019000
1019001
1019002
1019003
1019004
1019005
1019006
1019007
1019008
1019009
1019010
1019011
1019012
1019015
1019016
1019017
1019018
1019020
1019021
1019022
1019023
1019024
1019025
1019026
1019027
1019028
1019029
1019030
1019031
1019032
1019033
1019034
1019035
1019036
1019037
1019038
1019039
1019040
1019041
1019042
1019043
1019044
1019045
1019046
1019047
1019048
1019049
1019050
1019051
1019052
1019053
1019054
1019055
1019056
1019057
1019058
1019059
1019060
1019061
1019062
1019063
1019064
1019065
1019066
1019067
1019068
1019069
1019070
1019071
1019072
1019073
1019074
1019075
1019076
1019077
1019078
1019079
1019080
1019081
1019082
1019083
1019085
1019086
1019087
1019088
1019089
1019090
1019091
1019092
1019093
1019094
1019095
1019096
1019097
1019099
1019100
1019101
1019102
1019103
1019106
1019107
1019108
1019109
1019110
1019111
1019112
1019113
1019114
1019115
1019117
1019118
1019119
1020285
1020286
1020287
1020293
1020294
1020317
1020408
1020409
1020411
1020417
1020418
1020419
1020420
1020424
1020425
1020426
1020427
1020432
1020433
1020435
1020436
1020437
1020438
1020439
1020440
1020441
1020442
1020443
1020444
1020445
1020446
1020451
1020452
1020453
1020454
1020455
1020456
1020457
1020458
1020459
1020460
1020461
1020462
1020463
1020464
1020465
1020466
1020467
1020468
1020469
1020470
1020471
1020472
1020473
1020474
1020475
1020476
1020477
1020478
1020479
1020480
1020481
1020482
1020483
1020484
1020485
1020486
1020487
1020488
1020489
1020490
1020491
1020492
1020493
1020494
1020495
1020496
1020497
1020498
1020499
1020500
1020501
1020502
1020503
1020504
1020505
1020506
1020507
1020508
1020509
1020510
1020511
1020512
1020513
1020514
1020515
1020516
1020517
1020518
1020519
1020520
1020521
1020522
1020523
1020524
1020525
1020526
1020527
1020528
1020529
1020530
1020531
1020532
1020533
1020534
1020535
1020539
1020541
1020542
1020543
1020544
1020545
1020562
1020563
1020756
1020757
1020758
1020760
1020761
1020762
1020763
1020764
1020765
1020766
1020768
1020769
1020770
1020771
1020775
1020776
1020778
1020779
1020780
1020781
1020783
1020784
1020785
1020786
1020861
1020862
1020863
1020864
1020865
1020866
1020867
1020868
1020869
1020870
1020871
1020872
1020873
1020874
1020875
1020876
1020877
1020878
1020879
1020880
1020881
1020882
1020956
1020981
1020982
1020983
1020984
1020985
1020986
1020987
1020988
1020989
1020990
1020991
1024533
1024534
1024535
1024536
1024538
1024539
1024540
1024541
1024552
1024563
1024564
1024566
1024567
1024568
1024569
1024570
1024571
1024572
1024573
1024574
1024575
1024576
1024577
1024578
1024579
1024580
1024581
1024582
1024583
1024584
1024870
1024871
1024872
1024873
1024874
1024875
1024876
1024877
1024878
1024879
1024880
1024881
1024882
1024883
1024884
1024885
1024886
1024887
1024888
1024889
1024890
1024891
1024892
1024893
1024894
1024895
1024896
1024897
1025129
1025130
1025131
1025132
1025135
1025136
1025137
1025138
1025139
1025140
1025141
1025142
1025143
1025145
1025146
1025150
1025151
1025152
1025153
1025154
1025155
1025156
1025157
1025158
1025159
1025160
1025161
1025162
1025163
1025164
1025166
1025167
1025168
1025169
1025170
1025171
1025172
1025173
1025174
1025175
1025176
1025177
1025178
1025179
1025180
1025181
1025182
1025183
1025191
1025192
1025193
1025194
1025195
1025196
1025197
1025198
1025199
1025591
1025592
1025596
1025644
1025645
1025646
1025647
1025648
1025649
1025777
1025778
1025779
1025780
1025781
1025782
1025783
1025784
1025785
1025786
1025787
1025788
1025789
1025790
1025791
1025792
1025793
1025794
1025795
1025796
1025797
1025798
1025799
1025800
1025801
1025802
1025803
1025804
1025805
1025806
1025807
1025808
1025809
1025810
1025811
1025812
1025813
1025814
1025815
1025818
1025819
1025820
1025821
1025822
1025823
1025824
1025825
1025826
1025827
1025828
1025829
1025830
1025831
1025832
1025833
1025834
1025835
1025836
1025837
1025838
1025839
1025840
1025841
1025842
1025843
1025844
1025845
1025846
1025847
1025848
1025849
1025851
1026045
1026047
1026049
1026050
1026052
1026053
1026054
1026055
1026056
1026057
1026058
1026059
1026060
1026061
1026062
1026063
1026064
1026065
1026066
1026067
1026068
1026069
1026070
1026071
1026072
1026073
1026074
1026075
1026076
1026077
1026078
1026079
1026080
1026082
1026083
1026084
1026085
1026086
1026087
1026088
1026089
1026090
1026091
1026092
1026093
1026094
1026095
1026096
1026097
1026098
1026099
1026100
1026101
1026102
1026103
1026104
1026105
1026106
1026107
1026108
1026109
1026110
1026111
1026112
1026113
1026114
1026115
1026116
1026117
1026118
1026119
1026120
1026121
1026122
1026123
1026124
1026125
1026126
1026127
1026128
1026129
1026130
1026131
1026132
1026133
1026134
1026135
1026136
1026137
1026138
1026139
1026140
1026141
1026142
1026143
1026144
1026145
1026146
1026147
1026148
1026149
1026150
1026151
1026152
1026153
1026154
1026155
1026156
1026157
1026158
1026159
1026160
1026161
1026162
1026163
1026164
1026165
1026166
1026169
1026170
1026171
1026173
1026174
1026175
1026176
1026177
1026178
1026179
1026180
1026181
1026182
1026183
1026184
1026185
1026186
1026187
1026188
1026189
1026190
1026191
1026192
1026193
1026194
1026195
1026196
1026197
1026198
1026199
1026200
1026201
1026202
1026203
1026204
1026205
1026218
1026219
1026220
1026221
1026222
1026223
1026224
1026225
1026226
1026227
1026228
1026229
1026230
1026231
1026232
1026233
1026234
1026235
1026236
1026237
1026238
1026239
1026240
1026241
1026242
1026243
1026244
1026245
1026246
1026247
1026248
1026249
1026250
1026251
1026252
1026253
1026254
1026255
1026256
1026257
1026258
1026259
1026260
1026261
1026262
1026263
1026264
1026265
1026266
1026267
1026268
1026269
1026270
1026271
1026272
1026273
1026274
1026275
1026276
1026277
1026278
1026279
1026280
1026281
1026282
1026283
1026284
1026285
1026286
1026287
1026482
1026483
1026484
1026485
1026486
1026487
1026488
1026489
1026490
1026491
1026492
1026498
1026499
1026500
1026501
1026502
1026503
1026504
1026505
1026506
1026507
1026508
1026510
1026511
1026512
1026513
1026514
1026515
1026516
1026517
1026518
1026519
1026520
1026521
1026522
1026523
1026524
1026525
1026526
1026527
1026528
1026529
1026530
1026531
1026532
1026533
1026534
1026535
1026536
1026537
1026538
1026539
1026540
1026541
1026542
1026543
1026544
1026545
1026546
1026547
1026548
1026549
1026550
1026551
1026552
1026553
1026554
1026555
1026556
1026557
1026558
1026559
1026560
1026561
1026562
1026563
1026567
1026568
1026569
1026570
1026571
1026575
1026576
1026577
1026578
1026579
1026580
1026581
1026582
1026583
1026584
1026585
1026586
1026587
1026588
1026589
1026590
1026591
1026592
1026594
1026595
1026596
1026597
1026598
1026599
1026614
1026624
1026625
1026626
1026627
1026628
1026629
1026630
1026631
1026632
1026633
1026634
1026635
1026636
1026637
1026638
1026639
1026640
1026641
1026642
1026643
1026644
1026645
1026646
1026647
1026648
1026649
1026650
1026651
1026652
1026653
1026654
1026655
1026656
1026657
1026658
1026659
1026660
1026661
1026662
1026663
1026664
1026665
1026666
1026667
1026668
1026669
1026670
1026671
1026672
1026675
1026676
1026677
1026894
1026895
1026896
1026897
1026898
1026900
1026943
1026944
1026945
1026946
1026949
1026950
1026951
1026952
1026957
1026958
1026959
1026961
1026962
1026969
1026970
1026971
1026972
1026975
1026976
1026982
1026983
1026984
1026985
1026986
1026987
1026988
1026992
1026993
1027014
1027015
1027016
1027017
1027018
1027027
1027028
1027029
1027030
1027031
1027032
1027033
1027034
1027035
1027036
1027038
1027039
1027040
1027041
1027042
1027043
1027044
1027045
1027046
1027047
1027050
1027051
1027258
1027259
1027260
1027261
1027262
1027263
1027264
1027265
1027266
1027267
1027268
1027269
1027270
1027271
1027272
1027273
1027275
1027277
1027278
1027279
1027280
1027281
1027282
1027283
1027284
1027285
1027286
1027287
1027288
1027289
1027290
1027291
1027293
1027521
1027522
1027523
1027524
1027525
1027526
1027527
1027528
1027529
1027530
1027531
1027532
1027533
1027534
1027563
1027564
1027567
1027568
1027569
1027570
1027571
1027572
1027573
1027575
1027576
1027577
1027578
1027579
1027580
1027581
1027582
1027583
1027584
1027585
1027586
1027587
1027588
1027589
1027590
1027603
1027604
1032987
1032988
1032989
1032990
1032991
1032992
1032993
1032994
1032995
1032997
1032998
1032999
1033000
1033001
1033002
1033003
1033006
1033007
1033008
1033009
1033010
1033012
1033013
1033014
1033017
1033019
1033020
1033022
1033023
1033024
1033025
1033026
1033027
1033028
1033029
1033030
1033031
1033032
1033033
1033207
1033211
1033215
1033216
1033217
1033218
1033219
1033220
1033223
1033224
1033225
1033226
1033227
1033228
1033229
1033230
1033231
1033232
1033233
1033234
1033235
1033236
1033237
1033239
1033245
1033246
1033247
1033248
1033249
1033250
1033251
1033252
1033253
1033254
1033255
1033256
1033257
1033260
1033261
1033262
1033263
1033264
1033265
1033266
1033267
1033268
1033269
1033270
1033271
1033272
1033273
1033274
1033275
1033276
1033277
1033278
1033279
1033280
1033281
1033283
1033286
1033287
1033503
1033505
1033506
1033507
1033508
1033509
1033510
1033523
1033528
1033529
1033530
1033531
1033532
1033533
1033534
1033535
1033536
1033537
1033538
1033539
1033540
1033541
1033542
1033543
1033544
1033545
1033546
1033547
1033548
1033549
1033550
1033551
1033553
1033554
1033555
1033556
1033557
1033558
1033559
1033560
1033561
1033562
1033563
1033564
1033565
1033567
1033568
1033569
1033570
1033571
1033572
1033575
1033576
1033577
1033578
1033579
1033580
1033581
1033583
1033584
1033585
1033586
1033589
1033590
1033591
1033592
1033593
1033594
1033595
1033596
1033597
1033598
1033599
1033600
1033601
1033602
1033603
1033604
1033605
1033606
1033607
1033845
1033909
1033911
1033912
1033914
1033916
1033917
1033919
1033920
1033922
1033923
1033925
1033926
1033928
1033929
1033931
1033932
1033934
1033935
1033937
1033938
1033940
1033941
1033942
1033944
1033948
1033949
1033950
1033955
1033956
1033988
1033992
1034020
1034022
1034024
1034026
1034028
1034030
1034032
1034034
1034035
1034036
1034038
1034039
1034040
1034042
1034048
1034050
1034052
1034054
1034256
1034257
1034258
1034259
1034260
1034261
1034262
1034263
1034264
1034265
1034266
1034267
1034268
1034269
1034270
1034271
1034272
1034353
1034400
1034401
1034402
1034403
1034434
1034436
1034438
1034440
1034441
1034442
1034443
1034444
1034675
1034676
1034677
1034679
1034680
1034681
1034682
1034683
1034685
1034686
1034687
1034688
1034689
1034690
1034694
1034942
1034944
1034946
1034950
1034952
1035082
1035092
1035146
1035148
1035150
1035152
1035154
1035156
1035162
1035164
1035166
1035168
1035170
1035172
1035190
1035192
1035194
1035196
1035202
1035204
1035206
1035208
1035386
1035387
1035388
1035389
1035390
1035391
1035392
1035393
1035396
1035397
1035400
1035401
1035402
1035403
1035404
1035406
1035407
1035408
1035415
1035416
1035417
1035418
1035419
1035420
1035421
1035422
1035423
1035426
1035427
1035429
1035430
1035431
1035432
1035433
1035434
1035435
1035436
1035437
1035439
1035440
1035441
1035442
1035443
1035444
1035451
1035452
1035453
1035454
1035455
1035456
1035460
1035461
1035462
1035463
1035464
1035465
1035466
1035467
1035468
1035469
1035470
1035471
1035472
1035473
1035474
1035475
1035476
1035477
1035478
1035479
1035480
1035481
1035482
1035483
1035484
1035485
1035486
1035487
1035489
1035490
1035491
1035492
1035493
1035494
1035495
1035496
1035497
1035498
1035499
1035500
1035501
1035502
1035503
1035504
1035505
1035506
1035507
1035508
1035509
1035510
1035511
1035512
1035513
1035593
1035595
1035597
1035599
1035601
1035603
1035609
1035611
1035613
1035615
1035625
1035629
1035765
1035766
1035767
1035768
1035769
1035770
1035771
1035772
1035773
1035774
1035775
1035776
1035777
1035778
1035779
1035780
1035781
1035782
1035791
1035792
1035793
1035795
1035796
1035797
1035798
1035799
1035800
1035801
1035802
1035803
1035804
1035805
1035806
1035809
1035811
1035812
1035814
1035815
1035816
1035817
1035818
1035819
1035820
1035821
1035822
1035823
1035824
1035825
1035827
1035828
1035829
1035830
1035831
1035832
1035833
1035834
1035835
1035836
1035837
1035838
1035839
1035840
1035841
1035842
1035843
1035844
1035845
1035846
1035847
1035848
1035849
1035850
1035851
1035852
1035853
1035854
1035855
1035856
1035857
1035858
1035859
1035860
1035861
1035862
1035863
1035864
1035865
1035866
1035867
1035868
1035871
1035872
1035873
1035874
1035875
1035876
1035877
1035878
1035879
1035880
1035881
1035882
1035883
1035884
1035885
1035886
1035887
1035888
1035889
1035890
1035892
1035893
1035894
1035895
1035896
1035897
1035898
1035899
1035900
1035901
1035902
1035903
1035904
1035928
1036185
1036186
1036187
1036188
1036189
1036190
1036191
1036192
1036193
1036194
1036195
1036196
1036197
1036198
1036199
1036200
1036201
1036202
1036203
1036204
1036205
1036206
1036207
1036208
1036209
1036210
1036211
1036212
1036213
1036214
1036215
1036216
1036217
1036218
1036219
1036220
1036295
1036297
1036299
1036301
1036303
1036307
1036309
1036311
1036313
1036401
1036409
1036411
1036413
1036415
1036417
1036419
1036826
1036827
1036828
1036829
1036830
1037086
1037087
1037088
1037089
1037090
1037091
1037092
1037093
1037094
1037095
1037097
1037098
1037099
1037123
1037124
1037125
1037126
1037128
1037130
1037131
1037132
1037133
1037134
1037135
1037136
1037137
1037138
1037139
1037140
1037141
1037142
1037143
1037144
1037145
1037146
1037147
1037148
1037150
1037151
1037152
1037425
1037426
1037427
1037428
1037429
1037430
1037431
1037432
1037433
1037434
1037435
1037436
1037437
1037440
1037441
1037442
1037443
1037444
1037445
1037446
1037447
1037448
1037449
1037450
1037451
1037452
1037453
1037454
1037455
1037456
1037457
1037458
1037459
1037460
1037461
1037462
1037463
1037464
1037465
1037466
1037467
1037468
1037469
1037470
1037471
1037472
1037473
1037474
1037475
1037476
1037477
1037478
1037479
1037480
1037481
1037482
1037483
1037484
1037485
1037486
1037487
1037488
1037489
1037490
1037502
1037503
1037504
1037505
1037506
1037507
1037508
1037509
1037510
1037511
1037512
1037563
1037564
1037567
1037568
1037668
1037674
1037682
1037684
1037686
1037688
1037900
1037901
1037902
1037903
1037904
1037905
1037906
1037907
1037908
1037909
1037910
1037911
1037912
1037913
1037914
1037915
1037916
1037917
1037918
1037919
1037920
1037921
1037922
1037923
1037924
1037925
1037926
1037927
1037928
1037929
1037930
1037931
1037932
1037933
1037934
1037935
1037936
1037937
1037938
1037939
1037940
1037941
1037942
1037943
1037944
1037945
1037946
1037947
1037948
1037949
1037950
1037951
1037952
1037953
1037954
1037955
1037956
1037957
1037958
1037959
1037960
1037961
1037962
1037963
1037964
1037965
1037966
1037967
1037968
1037969
1037970
1037971
1037972
1037973
1037974
1037975
1037976
1037977
1037978
1037979
1037980
1037981
1037982
1037983
1037984
1037985
1037986
1037987
1037988
1037989
1037990
1038001
1038002
1038003
1038004
1038005
1038006
1038007
1038008
1038009
1038011
1038012
1038013
1038014
1038015
1038016
1038017
1038018
1038019
1038020
1038021
1038022
1038023
1038024
1038025
1038026
1038027
1038028
1038029
1038030
1038031
1038032
1038033
1038034
1038036
1038049
1038294
1038295
1038296
1038297
1038298
1038299
1038301
1038302
1038303
1038305
1038307
1038308
1038310
1038311
1038313
1038314
1038315
1038317
1038318
1038319
1038320
1038321
1038322
1038324
1038325
1038328
1038329
1038330
1038331
1038332
1038333
1038335
1038336
1038337
1038338
1038339
1038340
1038345
1038347
1038637
1038638
1038641
1038642
1038675
1038676
1038677
1038678
1038679
1038680
1038681
1038682
1038683
1038684
1038685
1038686
1039393
1039394
1039428
1039429
1039432
1039433
1039448
1039449
1039450
1039454
1039455
1039457
1039459
1039461
1039462
1039463
1039464
1039465
1039501
1040278
1040279
1040280
1040319
1040320
1040323
1040324
1040358
1040359
1040360
1040361
1040362
1040364
1040365
1040366
1040367
1040368
1040408
1040409
1040411
1040412
1040413
1040414
1040415
1041636
1041637
1041674
1041675
1041679
1041711
1041717
1041721
1042316
1042317
1042364
1042365
1042368
1042369
1042389
1042393
1042394
1042395
1042396
1042397
1042398
1042399
1042400
1042401
1042402
1042403
1042404
1042405
1042417
1042418
1042419
1043116
1043117
1043118
1043120
1043122
1043124
1043125
1043126
1043221
1043225
1043227
1043229
1043230
1043231
1043233
1043236
1043237
1043240
1043241
1043267
1043324
1043326
1043333
1043335
1043337
1044088
1044089
1044091
1044093
1044095
1044097
1044099
1044104
1044105
1044107
1044109
1044111
1044113
1044115
1044315
1044317
1044319
1044321
1044323
1044325
1045118
1045119
1045120
1045121
1045122
1045123
1045124
1045125
1045126
1045127
1045128
1045129
1045135
1045137
1045139
1045141
1045143
1045145
1045156
1045242
1045246
1045262
1045266
1045341
1045343
1045345
1045347
1045978
1045980
1045992
1046004
1046006
1046008
1046239
1046240
1046241
1046242
1046243
1046244
1046245
1046246
1046247
1046248
1046249
1046250
1046251
1046252
1046253
1046254
1046255
1046257
1046258
1046259
1046260
1046262
1046263
1046264
1046265
1046266
1046267
1046268
1046269
1046273
1046274
1046429
1046430
1046431
1046432
1046433
1046435
1046436
1046437
1046438
1046440
1046441
1046442
1046445
1046446
1046450
1046451
1046455
1046460
1046461
1046464
1046466
1046467
1046620
1046621
1046622
1046623
1046624
1046625
1046626
1046627
1046628
1046629
1046634
1046636
1046637
1046638
1046639
1046641
1046643
1046644
1046645
1046646
1046647
1046648
1046649
1046650
1046651
1046652
1046653
1046654
1046655
1046656
1046657
1046658
1046659
1046660
1046661
1046663
1046664
1046666
1046667
1047533
1047534
1047548
1047550
1047566
1047568
1047570
1047572
1047574
1047576
1047589
1048121
1048122
1048125
1048126
1048155
1048156
1048157
1048161
1048162
1048163
1048164
1048165
1048166
1048167
1048170
1048171
1048172
1048179
1048181
1048183
1048185
1048187
1049009
1049010
1049011
1049024
1049039
1049040
1049045
1049922
1049923
1049926
1049927
1049954
1049955
1049956
1049963
1049964
1049965
1049966
1049968
1049969
1049970
1049971
1049972
1049973
1049974
1049981
1049982
1049983
1049984
1049985
1049986
1049987
1049988
1050933
1050934
1050941
1050942
1050943
1050944
1050945
1050946
1050947
1050948
1050949
1050950
1050951
1050952
1050953
1050954
1050955
1050956
1050957
1050958
1050959
1050960
1050961
1050962
1050963
1050966
1050967
1050968
1050969
1050970
1050971
1050972
1050973
1050975
1050976
1050977
1050978
1050979
1050980
1050981
1050982
1050983
1050984
1050985
1050986
1050987
1050988
1050989
1050990
1050991
1050992
1050997
1050998
1050999
1051000
1051001
1051002
1051003
1051006
1051007
1051008
1051009
1051010
1051011
1051014
1051016
1051017
1051019
1051021
1051022
1051023
1051024
1051027
1051028
1051029
1051030
1051031
1051032
1051033
1051034
1051035
1051074
1051076
1051127
1051129
1051131
1051332
1051333
1051334
1051335
1051336
1051337
1051338
1051339
1051340
1051341
1051342
1051343
1051344
1051345
1051346
1051347
1051348
1051349
1051350
1051351
1051352
1051353
1051354
1051355
1051356
1051357
1051358
1051359
1051360
1051361
1051362
1051363
1051364
1051365
1051366
1051367
1051845
1051846
1051973
1052006
1052248
1052249
1052250
1052251
1052252
1052253
1052254
1052255
1052256
1052257
1052258
1052259
1052260
1052261
1052262
1052263
1052264
1052265
1052266
1052267
1052268
1052269
1052270
1052271
1052272
1052273
1052274
1052744
1052745
1052746
1052747
1052748
1052749
1052750
1052751
1052752
1052753
1052754
1052755
1052756
1052757
1052758
1052759
1052760
1052761
1052762
1052763
1052764
1052765
1052766
1052767
1052768
1052769
1052770
1052771
1052772
1052773
1052774
1052775
1052776
1052777
1052778
1052779
1052780
1052781
1052782
1052783
1052784
1052785
1052786
1052787
1052788
1052789
1052790
1052791
1052792
1052793
1052794
1052795
1052796
1053127
1053128
1053129
1053130
1053131
1053132
1053133
1053134
1053135
1053136
1053137
1053138
1053139
1053140
1053141
1053142
1053143
1053144
1053145
1053146
1053147
1053148
1053149
1053150
1053151
1053152
1053153
1053154
1053155
1053156
1053157
1053158
1053159
1053160
1053161
1053162
1053163
1053164
1053165
1053166
1053167
1053168
1053169
1053170
1053171
1053172
1053173
1053174
1053175
1053176
1053177
1053178
1053179
1053180
1053181
1053182
1053183
1053184
1053185
1053186
1053187
1053188
1053189
1053190
1053191
1053192
1053193
1053194
1053195
1053196
1053197
1053198
1053199
1053200
1053201
1053202
1053203
1053204
1053205
1053206
1053207
1053208
1053209
1053210
1053211
1053212
1053213
1053214
1053215
1053216
1053217
1053218
1053219
1053220
1053221
1053222
1053223
1053224
1053225
1053226
1053227
1053228
1053229
1053230
1053231
1053232
1053233
1053234
1053235
1053236
1053237
1053238
1053239
1053240
1053241
1053242
1053243
1053244
1053245
1053246
1053247
1053263
1053265
1053376
1053378
1053380
1053382
1054745
1054746
1054747
1054748
1054749
1054750
1054751
1054752
1054753
1054754
1054755
1054759
1054770
1054771
1054772
1054773
1054774
1054775
1054776
1054777
1054778
1054779
1054780
1054781
1054782
1054783
1054784
1054785
1054985
1054986
1054987
1054988
1054989
1054990
1054991
1054992
1054993
1054994
1054996
1054997
1054998
1054999
1055000
1055001
1055002
1055011
1055014
1055015
1055016
1055017
1055018
1055234
1055252
1055253
1055254
1055280
1055282
1055286
1055288
1055294
1055296
1055527
1055528
1055529
1055530
1055531
1055532
1055533
1055534
1055535
1055536
1055537
1055538
1055539
1055540
1055541
1055542
1055543
1055544
1055545
1055547
1055550
1055551
1055555
1055557
1055558
1055560
1055561
1055563
1055564
1055723
1055724
1055725
1055726
1055728
1055729
1055730
1055731
1055732
1055733
1055734
1055735
1055737
1055738
1055779
1055780
1055944
1055947
1055948
1055964
1055965
1055966
1056000
1056002
1056004
1056006
1056010
1056012
1056014
1056016
1056018
1056020
1056032
1056034
1056035
1056036
1056038
1056039
1056232
1056233
1056234
1056235
1056236
1056237
1056238
1056239
1056240
1056241
1056242
1056243
1056244
1056245
1056246
1056247
1056248
1056249
1056250
1056251
1056252
1056253
1056254
1056255
1056256
1056452
1056453
1056454
1056455
1056456
1056457
1056458
1056459
1056460
1056461
1056462
1056463
1056464
1056466
1056467
1056468
1056470
1056471
1056472
1056473
1056474
1056475
1056721
1056723
1056725
1056727
1056729
1056731
1056732
1056733
1056735
1056741
1056743
1056951
1056952
1056954
1056955
1056956
1056957
1056958
1056959
1056960
1056961
1056962
1056963
1056964
1056965
1056966
1056967
1056968
1056969
1056970
1056971
1056972
1056973
1056974
1056975
1056976
1056977
1056978
1056979
1056988
1056989
1056990
1056991
1056992
1056993
1056994
1057216
1057217
1057218
1057219
1057220
1057221
1057222
1057450
1057456
1057466
1057467
1057471
1057474
1057475
1057488
1057489
1057490
1057491
1057492
1057493
1057494
1057495
1058242
1058282
1058284
1058286
1058287
1058288
1058289
1058290
1058292
1058294
1058295
1058296
1058297
1058298
1058299
1058300
1058301
1058302
1058303
1058304
1058305
1058323
1058324
1058325
1058326
1058327
1058328
1058329
1058330
1060298
1060300
1060302
1060304
1061938
1062760
1062761
1063358
1063360
1063362
1063366
1063368
1063385
1064709
1064713
1064726
1064729
1064730
1065152
1065153
1065154
1065155
1065156
1065157
1065158
1065159
1065160
1065161
1065162
1065163
1065164
1065165
1065166
1065167
1065168
1065169
1065170
1065171
1065172
1065173
1065174
1065175
1065176
1065177
1065178
1065179
1065180
1065181
1065183
1065184
1065185
1065186
1065187
1065189
1065190
1065191
1065195
1065196
1065197
1065198
1065199
1065200
1065201
1065203
1065204
1065205
1065206
1065214
1065215
1065216
1065217
1065218
1065494
1065495
1065498
1065499
1065508
1065509
1065512
1065513
1066398
1066399
1066401
1066403
1066418
1066419
1066420
1066421
1066422
1066423
1066424
1066425
1066427
1066429
1066434
1066435
1066437
1066439
1066441
1068242
1068244
1068246
1068248
1068250
1068252
1068262
1068263
1068264
1068265
1068266
1068267
1068268
1068269
1068270
1068271
1068272
1068273
1068278
1068279
1068280
1068281
1068282
1068283
1068284
1068285
1068879
1068880
1068883
1068884
1068901
1068902
1068976
1068977
1068981
1068982
1068983
1068984
1068985
1068986
1068987
1068988
1069000
1069001
1069002
1069003
1069004
1069005
1069006
1069007
1069008
1069009
1069010
1069025
1069026
1069027
1069028
1069029
1069030
1069032
1069678
1069679
1069680
1069681
1069682
1069683
1069684
1069685
1069686
1069687
1069688
1069689
1069692
1069693
1069695
1069698
1069699
1069700
1069701
1070307
1070308
1070309
1070311
1070312
1070313
1070314
1070315
1070316
1070317
1070318
1070320
1070321
1070322
1070323
1070325
1070326
1070327
1070328
1070329
1070332
1070333
1070334
1070335
1070337
1070338
1070339
1070340
1070341
1070342
1070343
1070344
1070347
1070348
1070349
1070350
1070351
1070352
1070353
1070354
1070355
1070356
1070369
1070370
1070632
1070633
1070634
1070635
1070636
1070637
1070638
1070639
1070640
1070641
1070642
1070643
1070644
1070645
1070646
1070647
1070648
1070649
1070650
1070651
1070652
1070653
1070658
1070659
1070660
1070661
1070665
1070666
1070667
1070668
1070669
1070670
1070671
1070672
1070675
1070677
1070678
1070679
1070840
1070841
1070847
1070849
1070854
1070857
1070858
1070859
1070860
1070861
1070862
1070865
1070871
1070872
1070873
1070874
1070875
1070876
1070882
1070883
1071352
1071353
1071354
1071355
1071356
1071357
1073630
1073631
1073634
1073635
1073636
1073637
1073638
1073639
1073640
1073646
1073647
1073648
1073649
1073650
1073651
1073652
1073653
1073654
1073655
1073656
1073657
1073658
1073659
1073660
1073661
1073662
1073663
1073664
1073665
1073666
1073668
1073669
1073670
1073671
1073672
1073673
1073674
1073675
1073676
1073677
1073678
1073679
1073680
1073681
1073682
1073683
1073684
1073685
1073686
1073687
1073688
1073689
1073690
1073691
1073693
1073694
1073695
1073696
1073698
1073699
1073700
1073701
1073702
1073703
1073704
1073705
1073707
1073708
1073715
1073717
1073718
1073720
1073722
1073723
1073724
1073743
1073744
1073745
1073746
1073747
1073748
1073749
1073750
1073751
1073752
1073753
1073754
1073755
1073756
1073757
1073758
1073759
1073760
1073761
1073762
1073763
1073773
1073774
1073775
1073776
1073777
1073947
1073948
1073949
1073950
1073951
1073952
1073953
1073954
1073955
1073956
1073957
1073958
1073959
1073960
1073961
1073962
1073963
1073964
1073965
1073967
1073968
1073969
1073970
1073971
1073972
1073973
1073974
1073975
1073978
1073979
1073980
1073981
1073982
1073983
1073987
1073991
1073992
1073993
1073994
1073996
1073997
1074000
1074001
1074004
1074006
1074007
1074008
1074009
1074011
1074012
1074017
1074018
1074020
1074021
1074023
1074025
1074026
1074027
1074028
1074029
1074030
1074031
1074032
1074033
1074034
1074035
1074036
1074037
1074038
1074039
1074040
1074041
1074042
1074043
1074044
1074045
1074046
1074047
1074048
1074049
1074050
1074051
1074052
1074053
1074054
1074055
1074056
1074057
1074058
1074059
1074060
1074061
1074062
1074063
1074064
1074065
1074066
1074067
1074068
1074069
1074070
1074071
1074072
1074073
1074074
1074075
1074076
1074077
1074078
1074079
1074080
1074081
1074082
1074083
1074084
1074085
1074086
1074087
1074088
1074089
1074090
1074091
1074092
1074093
1074094
1074095
1074096
1074097
1074098
1074099
1074100
1074101
1074102
1074103
1074104
1074105
1074106
1074107
1074108
1074109
1074110
1074111
1074112
1074113
1074114
1074115
1074116
1074117
1074118
1074119
1074120
1074121
1074122
1074123
1074124
1074125
1074126
1074128
1074129
1074130
1074131
1074132
1074133
1074134
1074135
1074136
1074138
1074139
1074140
1074141
1074142
1074143
1074144
1074145
1074146
1074147
1074148
1074149
1074150
1074151
1074152
1074155
1074156
1074158
1074159
1074161
1074162
1074163
1074164
1074165
1074166
1074167
1074168
1074169
1074171
1074172
1074173
1074176
1074177
1074350
1074381
1074382
1075433
1075504
1076338
1076339
1076340
1076341
1076342
1076343
1076344
1076345
1076346
1076347
1076348
1076349
1076350
1076351
1076352
1076353
1076551
1076552
1076553
1076554
1076555
1076556
1076557
1076558
1076559
1076560
1076561
1076562
1076563
1076564
1076565
1076566
1076567
1076568
1076811
1076812
1076813
1076814
1076824
1076825
1077058
1077059
1077060
1077061
1077062
1077063
1077064
1077065
1077066
1077072
1077073
1077074
1077075
1077076
1077077
1077078
1077079
1077080
1077081
1077082
1077083
1077084
1077085
1077086
1077087
1077088
1077295
1077296
1077297
1077298
1077299
1077300
1077301
1077302
1077303
1077304
1077305
1077306
1078423
1078424
1078425
1078426
1078432
1078433
1078435
1078436
1078438
1078439
1078440
1078441
1078442
1078443
1078444
1078446
1078447
1078448
1078450
1078451
1078452
1078453
1078454
1078455
1078456
1078457
1078458
1078459
1078460
1078647
1078648
1078649
1078650
1078651
1078653
1078654
1078655
1078656
1078657
1078658
1078666
1078667
1078668
1078669
1078672
1078673
1078674
1078675
1078676
1078677
1078678
1078679
1078680
1078681
1078682
1078684
1078685
1078686
1078689
1078690
1078849
1078850
1078851
1078852
1078853
1078854
1078855
1078856
1078857
1078858
1078859
1078860
1078861
1078862
1078863
1078864
1078865
1078866
1078867
1078868
1078869
1078870
1078871
1078872
1078873
1078874
1078875
1078876
1078877
1078878
1078879
1078880
1078881
1078882
1078883
1078884
1078885
1078886
1078887
1078888
1078889
1078890
1078891
1078892
1078893
1078894
1078895
1078896
1078897
1078898
1078899
1078900
1078901
1078902
1078903
1078904
1078905
1078906
1078907
1078908
1078909
1078910
1078911
1078912
1078916
1078917
1078918
1078919
1078920
1078921
1078922
1078923
1078924
1078925
1078926
1078927
1078928
1078929
1078930
1078931
1078932
1078933
1078934
1083268
1083274
1084672
1084673
1084674
1084675
1084676
1084677
1084678
1084679
1084680
1084681
1084682
1084683
1084684
1084685
1084686
1084687
1084688
1084689
1084690
1084691
1084692
1084693
1084694
1084695
1084696
1084697
1084698
1084699
1084700
1084701
1084702
1084703
1084704
1084705
1084706
1084707
1084708
1084709
1084710
1084711
1084712
1084715
1084719
1084720
1084721
1084722
1084723
1084725
1084726
1084727
1084728
1084729
1084894
1084895
1084896
1084897
1084898
1084899
1084900
1084901
1084902
1084903
1084904
1084905
1084906
1084907
1084908
1084909
1084910
1084911
1084912
1084914
1084915
1084917
1084918
1084919
1084920
1084921
1084922
1084923
1084924
1084925
1084926
1084927
1084928
1084929
1084930
1084931
1084932
1084933
1084934
1084935
1084936
1084937
1084938
1084939
1084940
1084941
1084942
1085093
1085097
1085100
1085101
1085102
1085103
1085104
1085333
1085337
1085341
1085345
1085573
1085574
1085807
1085812
1085813
1085814
1085815
1085817
1085818
1085819
1085820
1086017
1086018
1086241
1086242
1086243
1086244
1086466
1086467
1086468
1086469
1086674
1086676
1086682
1086684
1086686
1086688
1086696
1086698
1086700
1086702
1086936
1086940
1086942
1088566
1088567
1088568
1088571
1088572
1088573
1088574
1088575
1088576
1088577
1088585
1089465
1089466
1089468
1089469
1089470
1089471
1093539
1093540
1093541
1093542
1093543
1093544
1093549
1093551
1093552
1093553
1093554
1093555
1093556
1093557
1093558
1093559
1093560
1093563
1093565
1093566
1093567
1093752
1093754
1093756
1093757
1093758
1093768
1093769
1093770
1093771
1093773
1093776
1093841
1093842
1093844
1093845
1093883
1093884
1093885
1093886
1093887
1093888
1093889
1093890
1093891
1093892
1093893
1093894
1093895
1093896
1093897
1093898
1093899
1093901
1093903
1093904
1093905
1093906
1093907
1093908
1093909
1093910
1093911
1093912
1093913
1093914
1093915
1093916
1093917
1093918
1093919
1093920
1093921
1093922
1093923
1093924
1093925
1093926
1093927
1093928
1093929
1093930
1093931
1093932
1093933
1093935
1093936
1093937
1093938
1093940
1093941
1093942
1093943
1093944
1093945
1093946
1093947
1093948
1093949
1093950
1093952
1093953
1093954
1093955
1093956
1093957
1093958
1093959
1093960
1093961
1093962
1093963
1093964
1093965
1093966
1093967
1093968
1093969
1093970
1093971
1093972
1093973
1093974
1093975
1093976
1093977
1093978
1093979
1093980
1093981
1093982
1093983
1093984
1093985
1093986
1093987
1093988
1093989
1093990
1093991
1093992
1093993
1093994
1093995
1094167
1094168
1094169
1094170
1094175
1094176
1094177
1094178
1094179
1094180
1094181
1094182
1094183
1094184
1094185
1094186
1094187
1094188
1094189
1094190
1094194
1094195
1094196
1094197
1094198
1094200
1094201
1094202
1094203
1094294
1094295
1094297
1094298
1094299
1094300
1094301
1094302
1094303
1094329
1094334
1094372
1094373
1094374
1094375
1094376
1094377
1094378
1094379
1094380
1094381
1094382
1094383
1094384
1094804
1094805
1094806
1094807
1094808
1094809
1094810
1094811
1094812
1094813
1094814
1094820
1094821
1094822
1094823
1094824
1094825
1094826
1094827
1094828
1094829
1094830
1094831
1094833
1094834
1094835
1094836
1094837
1094838
1094839
1094840
1094841
1094842
1094843
1096678
1096681
1096693
1096699
1096748
1096749
1096750
1096754
1096755
1097947
1097974
1097975
1097976
1097977
1097978
1097979
1097980
1097981
1097982
1097983
1097984
1097985
1098004
1098005
1098006
1098007
1098009
1098010
1098011
1098012
1098013
1098014
1099317
1099318
1099321
1099322
1099323
1099324
1099325
1099326
1099327
1099328
1099329
1099330
1099331
1099332
1099333
1099334
1099335
1099336
1099337
1099338
1099339
1099340
1099341
1099342
1099343
1099344
1099345
1099346
1099347
1099348
1099351
1099352
1099353
1099354
1099355
1099393
1099394
1099395
1099396
1099397
1099398
1099399
1099403
1099404
1099406
1099407
1099408
1099664
1099665
1099667
1099668
1099669
1099670
1099671
1099672
1099674
1099675
1099738
1099739
1099740
1099741
1099742
1099743
1099744
1099745
1099746
1099747
1099748
1099749
1099751
1099752
1099754
1099755
1099756
1099757
1100272
1100273
1100275
1100276
1100277
1100278
1100282
1100283
1100294
1100296
1100298
1100322
1100323
1100324
1100325
1100332
1100333
1100334
1100490
1100491
1100492
1100493
1100494
1100495
1100497
1100498
1100505
1100506
1100507
1100508
1100509
1100510
1100511
1100512
1100513
1100514
1101241
1101242
1101243
1101244
1101245
1101246
1101247
1101248
1101249
1101250
1101251
1101252
1101253
1101254
1101255
1101256
1101257
1101258
1101259
1101260
1101261
1101262
1101263
1101264
1101265
1101266
1101267
1101268
1101269
1101270
1101271
1101272
1101273
1101274
1101275
1101276
1101277
1101278
1101279
1101280
1101281
1101282
1101283
1101284
1101285
1101286
1101287
1101288
1101289
1101290
1101291
1101292
1101293
1101294
1101297
1101298
1101299
1101300
1101302
1101303
1101304
1101305
1101306
1101307
1101308
1101309
1102812
1102813
1102814
1102815
1102816
1102817
1102818
1102819
1102820
1102825
1102826
1102827
1102828
1102829
1102830
1102831
1102832
1102833
1102834
1102835
1102836
1102837
1102838
1102839
1102841
1102843
1102844
1102845
1102846
1102847
1102849
1102850
1102851
1102852
1102853
1102854
1102855
1102856
1102857
1102858
1102859
1102860
1102861
1102862
1102863
1102864
1102865
1102866
1102867
1102868
1102869
1102870
1102871
1102872
1102873
1102874
1102875
1102876
1102883
1102884
1102885
1102886
1102887
1102888
1102889
1102890
1102891
1102892
1102893
1102894
1103360
1103361
1103362
1103363
1103364
1103365
1103366
1103367
1103368
1103369
1103370
1103371
1103372
1103373
1103374
1103375
1103380
1103381
1103382
1103383
1103384
1103385
1103389
1103391
1103394
1103395
1103396
1103397
1103398
1103399
1103400
1103401
1103402
1103403
1103406
1103407
1103408
1103409
1103410
1103411
1103412
1103413
1103439
1103449
1103450
1103451
1103452
1103453
1103454
1103455
1103456
1103457
1103458
1103459
1103460
1104274
1104275
1104276
1104277
1104278
1104279
1104295
1104296
1104297
1104298
1104299
1104300
1104301
1104302
1104303
1104304
1104305
1104306
1104307
1104308
1104309
1104310
1104311
1104312
1104313
1104314
1104315
1104316
1104317
1104318
1104319
1104320
1104321
1104322
1104323
1104324
1104325
1104326
1104327
1104328
1104329
1104330
1104331
1104332
1104333
1104334
1104335
1104336
1104337
1104338
1104339
1104340
1104341
1104342
1104343
1104344
1104345
1104346
1104347
1104382
1104384
1104387
1104793
1104795
1104797
1104799
1104801
1104803
1104805
1104807
1104809
1104811
1104828
1104830
1104885
1104887
1104897
1104899
1104903
1104905
1104908
1104909
1104910
1104911
1104912
1104914
1104916
1106985
1106986
1106987
1106988
1106989
1106990
1107911
1107912
1107913
1107914
1107915
1107923
1107927
1107939
1107951
1107952
1107957
1107958
1108472
1108540
1108983
1108984
1108985
1108986
1108989
1108992
1108993
1109015
1109026
1109027
1109028
1109029
1109030
1109032
1109040
1109041
1109042
1110106
1110107
1110108
1110109
1110110
1110111
1110125
1110127
1110129
1110131
1110135
1110146
1110148
1110149
1110150
1110178
1110520
1110522
1110523
1110524
1110525
1110526
1110528
1110529
1110530
1110531
1110532
1110535
1110536
1110537
1110539
1110540
1110541
1110542
1110543
1110544
1110545
1110546
1110547
1110548
1110549
1110550
1110551
1110552
1110553
1110554
1110555
1110556
1110558
1110559
1110560
1110561
1110562
1110563
1110564
1110565
1110566
1110567
1110568
1110569
1110570
1110571
1110572
1110574
1110575
1110576
1110577
1110578
1110579
1110580
1110581
1110582
1110583
1110584
1110585
1110586
1110587
1110588
1110589
1110590
1110591
1110592
1110593
1110594
1110595
1110596
1110597
1110598
1110599
1110600
1110601
1110602
1110603
1110604
1110605
1110606
1110607
1110608
1110609
1110610
1110611
1110612
1110613
1110614
1110615
1110616
1110617
1110618
1110619
1110620
1110621
1110622
1110623
1110624
1110625
1110626
1110627
1110628
1110629
1110630
1110631
1110632
1110633
1110634
1110635
1110636
1110637
1110638
1110639
1110640
1110641
1110642
1110643
1110644
1110645
1110646
1110647
1110648
1110649
1110650
1110651
1110652
1110653
1110654
1110655
1110656
1110657
1110658
1110659
1110660
1110661
1110662
1110938
1110940
1110941
1110942
1110943
1110944
1110945
1110946
1110947
1110948
1110949
1110950
1110951
1110952
1110953
1110954
1110955
1110956
1110957
1110959
1110960
1110961
1110962
1110963
1110964
1110965
1110966
1110967
1110968
1110969
1110970
1110971
1110972
1110973
1110974
1110975
1110976
1110977
1110978
1110979
1110980
1110981
1110982
1110983
1110984
1110985
1110986
1110987
1110988
1110989
1110990
1110991
1110992
1110993
1110994
1110995
1110996
1110997
1110998
1110999
1111404
1111405
1111406
1111407
1111408
1111409
1111410
1111411
1111412
1111413
1111414
1111415
1111416
1111418
1111419
1111420
1111421
1111422
1111423
1111424
1111427
1111428
1111429
1111433
1111435
1111437
1111438
1111439
1111440
1111442
1111443
1111444
1111445
1111446
1111447
1111448
1111449
1111451
1111452
1111453
1111454
1111455
1111457
1111462
1111463
1111464
1111465
1111466
1111467
1111468
1111469
1111470
1111471
1111472
1111473
1111507
1111509
1111512
1111514
1111518
1111520
1111524
1111526
1111529
1111530
1111531
1111532
1111533
1111534
1111535
1111536
1111537
1111538
1111539
1111540
1111750
1111751
1111752
1111753
1111766
1111769
1111771
1111772
1111773
1111774
1111775
1111776
1111777
1111778
1111779
1111780
1111781
1111782
1111783
1111784
1111785
1111786
1111787
1111788
1111789
1111790
1111791
1111792
1111793
1111794
1111795
1111796
1111797
1111798
1111799
1111800
1111801
1111802
1111803
1111804
1111805
1111806
1111807
1111808
1111809
1111810
1111811
1111812
1111813
1111814
1111815
1111816
1111817
1111818
1111819
1111821
1111822
1111823
1111824
1111825
1111826
1111828
1111829
1111830
1111831
1111832
1111833
1111834
1111835
1111836
1111837
1111849
1111851
1111852
1111853
1111857
1111858
1111860
1111864
1111868
1111873
1111881
1111882
1111883
1111884
1111885
1111886
1111887
1111888
1111891
1111892
1111893
1111894
1111895
1111896
1111900
1111901
1111902
1111903
1111904
1112462
1112463
1112464
1112465
1112466
1112467
1112470
1112471
1112474
1112475
1112476
1112481
1112482
1112484
1112485
1112486
1112487
1112488
1112489
1112490
1112491
1112492
1112493
1112494
1112495
1112496
1112497
1112498
1112499
1112500
1112502
1112503
1112507
1112508
1112509
1112510
1112511
1112512
1112513
1112514
1112522
1112523
1112524
1112525
1112527
1112528
1112529
1112530
1112531
1112532
1112534
1112535
1112536
1112537
1112936
1112937
1112940
1112941
1112943
1112944
1112945
1112948
1112950
1112951
1112952
1112964
1112965
1112966
1112967
1112968
1112969
1112970
1112971
1112972
1112976
1112977
1112981
1112982
1112983
1112985
1112986
1112987
1112988
1112989
1112990
1112991
1112992
1112993
1112995
1112996
1113278
1113279
1113280
1113281
1113282
1113283
1113285
1113286
1113287
1113288
1113289
1113290
1113291
1113292
1113293
1113294
1113295
1113296
1113297
1113298
1113299
1113300
1113301
1113302
1113303
1113304
1113305
1113306
1113307
1113308
1113309
1113310
1113311
1113312
1113313
1113314
1113315
1113316
1113317
1113318
1113319
1113320
1113321
1113322
1113665
1113667
1113668
1113669
1113671
1113687
1113689
1113692
1113694
1113726
1113763
1113773
1113778
1113779
1113780
1113781
1113782
1113783
1113784
1113785
1113786
1113787
1113788
1114186
1114187
1114189
1114190
1114191
1114192
1114196
1114765
1114766
1114767
1114768
1114773
1114774
1114778
1114779
1114780
1114781
1114782
1114783
1114784
1114785
1114787
1114788
1114800
1114801
1114802
1114806
1114808
1114809
1114810
1114811
1114812
1114813
1114830
1114831
1114832
1114833
1114834
1114835
1114836
1114837
1114838
1114839
1114840
1114841
1114842
1114843
1114844
1114845
1114846
1114847
1114848
1114849
1114853
1114857
1114858
1114859
1114860
1114861
1114862
1114863
1114864
1114865
1114866
1115628
1115629
1115630
1115631
1115632
1115645
1115646
1115647
1115650
1115651
1115652
1115659
1115683
1115684
1115685
1115699
1115700
1115715
1115716
1115725
1115726
1115745
1115752
1116342
1116343
1116344
1116345
1116346
1116347
1116348
1116349
1116350
1116351
1116352
1116353
1116354
1116355
1116356
1116357
1116358
1116359
1116360
1116361
1116362
1116363
1116364
1116365
1116367
1116368
1116369
1116370
1116371
1116372
1116373
1116374
1116375
1116376
1116377
1116378
1116379
1116380
1116381
1116382
1116383
1116384
1116385
1116386
1116387
1116388
1116389
1116390
1116391
1116393
1116394
1116395
1116396
1116397
1116408
1116409
1116410
1116411
1116412
1116413
1116414
1116415
1116416
1116417
1116418
1116419
1116421
1116422
1116427
1116428
1116429
1116430
1116431
1116432
1116433
1116434
1116435
1116436
1116437
1116438
1116439
1116440
1116441
1116442
1116443
1116444
1116445
1116448
1116449
1116450
1116451
1116452
1116454
1116456
1116457
1116458
1116459
1116463
1116465
1116469
1116700
1116701
1116702
1116703
1116704
1116705
1116706
1116707
1116708
1116709
1116710
1116711
1116712
1116713
1116714
1116715
1116716
1116717
1116759
1116760
1116762
1116775
1116777
1117085
1117087
1117111
1117112
1117114
1117115
1117116
1117117
1117119
1117125
1117126
1117149
1117151
1117307
1117308
1117309
1117311
1117312
1117313
1117314
1117601
1117609
1117612
1117613
1117614
1117616
1117618
1117619
1117620
1117621
1117622
1117623
1117847
1117848
1117849
1117850
1117852
1117853
1117854
1117855
1117856
1117857
1117858
1117859
1117860
1117861
1117862
1117863
1117866
1117867
1117871
1117875
1117877
1117883
1117884
1117885
1117886
1117887
1117888
1117889
1117890
1117891
1117892
1117893
1117894
1117895
1117896
1117897
1117898
1117899
1117900
1117901
1117902
1117903
1117904
1117905
1117906
1117907
1117908
1117909
1117910
1117911
1117912
1117913
1117914
1117915
1117916
1117917
1117918
1117919
1117920
1117921
1117922
1117923
1117924
1117925
1117926
1117927
1117928
1117929
1117930
1117931
1117932
1117933
1117935
1117936
1117937
1117938
1117939
1117940
1117941
1117942
1117943
1117944
1117945
1117950
1117951
1117952
1117953
1117954
1117955
1117956
1117957
1117958
1117959
1117960
1117961
1117962
1117963
1117964
1117965
1117966
1117969
1117971
1117972
1117973
1117974
1117975
1117976
1117977
1117978
1117979
1117980
1117982
1117983
1117984
1117985
1117986
1117987
1117988
1118003
1118004
1118006
1118007
1118009
1118010
1118011
1118014
1118015
1118016
1118017
1118018
1118019
1118373
1118375
1118376
1118383
1118384
1118385
1118386
1118387
1118389
1118390
1118391
1118392
1118393
1118394
1118395
1118396
1118397
1118398
1118399
1118400
1118401
1118402
1118403
1118404
1118405
1118406
1118407
1118408
1118409
1118410
1118411
1118412
1118413
1118414
1118415
1118416
1118417
1118418
1118419
1118420
1118421
1118422
1118423
1118424
1118425
1118426
1118427
1118428
1119508
1119509
1122053
1122057
1122058
1122059
1122060
1122061
1122062
1122063
1122064
1122065
1122066
1122067
1122068
1122069
1122070
1122071
1122072
1122088
1122089
1122090
1122091
1122093
1122096
1122097
1122098
1122101
1122102
1122105
1122106
1122120
1122121
1122122
1122123
1122127
1122128
1122129
1122130
1122131
1122132
1122133
1122134
1122135
1122136
1122137
1122138
1122139
1122140
1122141
1122142
1122143
1122144
1122145
1122146
1122147
1122148
1122149
1122150
1122151
1122157
1122158
1122159
1122160
1122161
1122162
1122163
1122165
1122166
1122167
1122168
1122169
1122170
1122171
1122172
1122173
1122174
1122175
1122176
1122177
1122178
1122179
1122180
1122181
1122182
1122183
1122184
1122185
1122186
1122187
1122188
1122420
1122421
1122424
1122425
1122434
1122435
1122436
1122437
1122438
1122439
1122451
1122454
1122455
1122456
1122457
1122458
1122652
1122653
1122654
1122655
1122656
1122657
1122658
1122659
1122660
1122662
1122663
1122667
1122668
1122669
1122677
1122678
1122679
1122680
1122681
1122683
1122692
1122693
1122694
1122696
1122697
1122698
1122699
1122700
1122701
1122702
1122703
1122704
1122705
1122706
1122710
1122722
1122730
1122731
1122732
1122740
1122750
1122751
1122752
1122753
1122754
1122755
1122756
1122757
1122758
1122760
1122761
1122762
1122763
1122764
1122765
1122766
1122767
1123012
1123013
1123015
1123016
1123017
1123018
1123019
1123020
1123021
1123022
1123023
1123024
1123025
1123026
1123027
1123028
1123029
1123030
1123031
1123032
1123033
1123034
1123036
1123037
1123038
1123040
1123041
1123042
1123043
1123044
1123045
1123046
1123047
1123048
1123049
1123050
1123051
1123052
1123053
1123054
1123055
1123056
1123057
1123058
1123059
1123060
1123061
1123062
1123063
1123064
1123065
1123066
1123067
1123068
1123069
1123070
1123071
1123072
1123074
1123075
1123076
1123279
1123280
1123281
1123282
1123285
1123286
1123287
1123288
1123289
1123290
1123292
1123293
1123294
1123295
1123296
1123297
1123298
1123299
1123300
1123301
1123302
1123303
1123304
1123305
1123306
1123307
1123308
1123309
1123310
1123311
1123312
1123318
1123319
1123320
1123321
1123322
1123323
1123324
1123325
1123326
1123327
1123328
1123329
1123330
1123331
1123332
1123333
1123334
1123335
1123336
1123337
1123338
1123339
1123340
1123341
1123350
1123351
1123352
1123353
1123637
1123638
1123639
1123640
1123641
1123642
1123643
1123644
1123645
1123646
1123647
1123648
1123657
1123658
1123659
1123660
1123661
1123662
1123663
1123664
1123665
1123666
1123667
1123668
1123669
1123670
1123671
1123672
1123673
1123674
1123675
1123676
1123677
1123678
1123679
1123680
1123681
1123682
1123683
1123684
1123685
1123686
1123687
1123688
1123689
1123690
1123691
1123692
1123922
1123923
1123924
1123925
1123926
1123939
1123940
1123941
1123942
1123943
1123944
1123945
1123946
1123947
1123948
1124264
1124265
1124266
1124267
1124268
1124269
1124284
1124286
1124287
1124288
1124289
1124290
1124291
1124297
1124298
1124299
1124300
1124301
1124302
1124303
1124304
1124305
1125094
1125095
1125117
1125118
1125119
1125120
1125179
1125180
1125181
1125182
1125183
1125184
1125185
1125186
1125187
1125188
1125189
1125190
1125195
1125197
1125201
1125203
1125246
1125247
1125248
1125252
1125253
1125254
1125255
1125256
1125257
1125258
1125259
1125260
1125261
1125262
1125263
1125264
1125269
1125270
1125272
1126550
1126551
1126552
1126553
1126554
1126555
1126556
1126557
1126558
1126559
1126560
1126561
1126570
1126571
1126572
1126573
1126574
1126575
1126576
1126577
1126578
1126579
1126580
1126581
1126582
1126583
1126584
1126585
1126586
1126587
1126588
1126589
1126590
1126591
1126592
1126593
1126594
1126595
1126596
1126597
1126598
1126599
1126600
1126601
1126602
1126603
1126605
1126606
1126607
1126608
1126609
1126610
1126611
1126619
1126620
1126621
1126622
1126623
1126624
1126646
1126647
1126648
1126649
1126650
1126651
1126652
1126654
1126655
1126656
1126657
1126729
1126730
1126731
1126732
1126733
1126734
1126735
1126736
1126737
1126738
1126739
1126740
1126746
1126748
1126752
1126754
1126761
1126763
1126766
1126768
1126817
1126818
1126819
1126820
1126821
1126822
1126823
1126824
1126826
1126827
1126828
1126835
1126836
1126837
1126838
1126839
1126840
1126841
1126842
1126843
1126844
1126845
1126846
1126849
1126856
1129116
1129124
1129125
1129126
1129127
1129128
1129132
1129133
1129136
1129137
1129138
1129139
1129154
1129155
1129156
1129157
1129158
1129159
1129160
1129161
1129162
1129163
1129164
1129165
1129166
1129167
1129168
1129169
1129170
1129171
1129172
1129173
1129174
1129175
1129176
1129177
1129178
1129179
1129180
1129181
1129182
1129198
1129199
1129200
1129206
1129207
1129208
1129209
1129210
1129211
1129212
1129213
1129214
1129215
1129216
1129217
1129218
1129219
1129220
1129221
1129222
1129223
1129224
1129225
1129226
1129227
1129228
1129229
1129230
1129231
1129232
1129233
1129234
1129235
1129236
1129237
1129238
1129239
1129240
1129241
1129242
1129243
1129244
1129245
1129246
1129247
1129748
1129749
1129750
1129751
1129752
1129753
1129754
1129755
1129757
1129758
1129759
1129760
1129761
1129762
1129763
1129764
1129765
1129766
1129767
1129768
1129769
1129770
1129771
1129772
1129773
1129774
1129777
1129778
1129779
1129780
1129781
1129782
1129783
1129784
1129785
1129786
1129787
1129788
1129789
1129790
1129791
1129792
1129793
1129794
1129795
1129796
1129797
1129798
1129799
1129800
1129801
1129802
1129803
1129804
1129805
1129806
1129807
1129808
1129809
1129810
1129811
1129812
1129813
1129814
1129815
1129816
1129819
1129820
1129821
1129822
1129823
1129824
1129825
1129826
1129827
1129828
1129829
1129830
1129831
1129832
1129833
1129834
1129841
1129842
1129843
1129844
1129845
1129846
1129847
1129848
1129849
1129850
1129851
1129852
1129853
1129854
1129855
1129856
1129857
1129858
1129859
1129860
1129861
1129862
1129863
1129864
1129865
1129866
1129867
1129868
1129869
1129870
1129871
1129872
1129873
1129874
1129875
1129876
1129877
1129878
1130407
1130409
1130411
1130413
1130414
1130415
1130416
1130417
1130418
1130419
1130420
1130421
1130423
1130425
1130426
1130428
1130429
1130431
1130432
1130433
1130434
1130435
1130436
1130437
1130445
1130446
1130448
1130449
1130471
1130472
1130473
1130474
1130475
1130476
1130477
1130478
1130479
1130480
1130482
1130483
1130504
1130505
1130557
1130558
1130559
1130560
1130561
1130562
1130563
1130564
1130565
1130566
1130567
1130568
1130573
1130575
1130579
1130581
1130589
1130592
1130594
1130638
1130640
1130644
1130645
1130646
1130647
1130648
1130649
1130650
1130651
1130652
1130653
1130654
1130655
1130662
1130663
1130664
1130665
1130666
1130667
1130668
1130669
1130670
1130671
1130672
1130673
1130688
1132478
1132482
1132483
1132488
1132489
1132490
1132491
1132492
1132493
1132494
1132495
1132496
1132497
1132498
1132499
1132500
1132501
1132502
1132504
1132508
1132516
1132518
1132519
1132521
1132522
1132523
1132526
1132529
1132530
1132537
1132543
1133474
1133477
1133522
1133523
1133524
1133525
1133739
1133742
1133743
1134280
1134282
1134283
1134284
1134285
1134356
1134429
1134440
1134717
1134718
1134719
1134720
1134721
1134722
1134723
1134726
1134735
1134736
1134737
1134738
1134739
1134740
1134741
1134742
1134743
1134745
1134746
1134752
1134753
1134760
1134761
1134762
1134763
1134766
1134767
1134768
1134769
1134770
1134771
1134772
1134773
1134774
1134775
1134776
1134779
1134780
1134781
1134782
1134783
1134784
1134785
1134786
1134787
1134788
1134789
1134790
1134791
1134792
1134793
1134794
1134795
1134796
1134797
1134798
1134799
1134800
1134801
1134802
1134803
1134804
1134805
1134807
1134809
1134810
1134811
1134812
1134813
1134814
1134815
1134816
1134817
1134818
1134819
1134820
1134821
1134822
1134823
1134824
1134825
1134826
1134827
1134828
1134829
1134830
1134831
1134832
1134833
1134834
1134835
1134836
1134837
1134838
1134839
1134840
1134841
1134842
1134843
1134844
1134845
1134846
1134847
1134848
1134849
1134850
1134851
1134852
1134853
1134854
1134855
1134856
1134857
1134858
1134859
1134860
1134861
1134862
1134863
1134864
1134865
1134866
1134867
1134868
1134869
1134870
1134871
1134872
1134873
1134874
1134875
1134876
1134877
1134878
1134879
1134880
1134881
1134882
1134883
1134884
1134885
1134886
1134887
1134888
1134889
1134890
1134891
1134892
1134893
1134894
1134895
1134896
1134897
1134898
1134899
1134900
1134901
1134902
1134903
1134904
1134905
1134906
1134907
1134908
1134909
1134910
1134911
1134912
1134913
1134914
1134915
1134916
1134917
1134918
1134919
1134920
1134921
1134922
1134923
1134924
1134925
1134926
1134927
1134928
1134929
1134930
1134932
1134933
1134934
1134935
1134936
1134937
1134938
1134939
1134940
1134941
1134942
1134943
1134944
1134945
1134946
1134947
1134948
1134949
1134950
1134951
1134952
1134953
1134954
1134955
1134956
1134957
1134958
1134960
1134961
1134964
1134965
1134967
1134968
1134969
1134970
1135130
1135132
1135133
1135135
1135136
1135137
1135142
1135144
1135145
1135146
1135147
1135148
1135149
1135150
1135151
1135152
1135153
1135154
1135155
1135156
1135157
1135158
1135159
1135163
1135164
1135165
1135166
1135167
1135168
1135169
1135170
1135171
1135172
1135643
1135656
1135658
1135659
1135661
1135662
1135663
1135664
1135665
1135666
1135667
1135668
1135670
1135672
1135673
1135674
1135683
1135686
1135688
1135698
1135700
1135702
1135705
1135706
1135707
1135711
1135712
1135713
1135747
1135752
1135754
1135758
1135759
1135762
1135765
1135766
1135767
1135768
1135769
1135770
1135771
1135772
1135774
1135775
1135776
1135777
1135783
1135791
1135792
1135793
1135794
1135795
1135796
1135797
1135798
1135800
1135801
1135802
1135803
1135811
1135812
1135813
1135814
1135815
1135816
1135817
1135818
1135819
1135821
1135822
1135823
1135824
1135829
1135830
1135834
1135835
1135836
1135840
1135841
1135842
1135843
1135844
1135845
1135847
1135848
1135849
1135850
1135851
1135997
1135998
1135999
1136000
1136001
1136002
1136003
1136004
1136005
1136006
1136007
1136008
1136018
1136019
1136020
1136021
1136022
1136023
1136026
1136027
1136028
1136032
1136034
1136035
1136036
1136037
1136038
1136039
1136040
1136041
1136042
1136043
1136044
1136045
1136046
1136047
1136048
1136050
1136051
1136055
1136056
1136057
1136058
1136059
1136060
1136061
1136062
1136063
1136064
1136065
1136066
1136067
1136068
1136072
1136073
1136085
1136086
1136087
1136090
1136091
1136092
1136093
1136095
1136096
1136097
1136098
1136099
1136101
1136108
1136109
1136112
1136113
1136114
1136115
1136116
1136117
1136118
1136120
1136121
1136122
1136123
1136124
1136125
1136126
1136127
1136128
1136129
1136130
1136131
1136132
1136133
1136135
1136136
1136137
1136138
1136139
1136140
1136141
1136142
1136143
1136155
1136156
1136157
1136158
1136159
1136160
1136161
1136162
1136163
1136164
1136165
1136166
1136167
1136168
1136169
1136170
1136172
1136173
1136174
1136175
1136176
1136177
1136178
1136179
1136180
1136181
1136182
1136183
1136184
1136185
1136186
1136187
1136188
1136189
1136190
1136191
1136192
1136193
1136194
1136195
1136196
1136197
1136198
1136199
1136865
1136866
1136869
1136871
1136873
1136874
1136875
1136876
1136877
1136878
1136879
1136886
1136892
1136893
1136894
1136895
1136896
1136897
1136898
1136899
1136900
1136901
1136902
1136903
1136904
1136905
1137102
1137103
1137104
1137105
1137106
1137107
1137112
1137113
1137114
1137115
1137116
1137117
1137118
1137120
1137121
1137130
1137147
1137148
1137149
1137150
1137151
1137152
1137158
1137160
1137164
1137168
1137171
1137172
1137176
1137196
1137197
1137198
1137199
1137200
1137201
1137215
1137279
1137280
1137282
1137283
1137284
1137285
1137286
1137287
1137288
1137289
1137290
1137295
1137297
1137301
1137303
1137310
1137375
1137386
1137387
1137388
1137389
1137390
1137391
1137404
1137405
1137406
1137407
1137408
1137409
1137637
1137638
1138636
1138637
1138638
1138648
1138649
1139249
1139269
1139383
1139444
1139445
1139447
1139448
1139713
1139714
1139715
1139716
1139717
1139718
1139719
1139720
1139722
1139723
1139724
1139725
1139726
1139727
1139728
1139729
1139731
1139732
1139734
1139735
1139736
1139737
1139738
1139739
1139740
1139741
1139742
1139743
1139744
1139745
1139746
1139747
1139748
1139749
1139750
1139751
1139752
1139753
1139754
1139755
1139756
1139757
1139758
1139759
1139760
1139761
1139762
1139763
1139764
1139765
1139766
1139767
1139768
1139769
1139770
1139771
1139772
1139773
1139774
1139775
1139776
1139777
1139778
1139779
1139780
1139781
1139782
1139783
1139784
1139785
1139786
1139787
1139788
1139789
1139790
1139791
1139792
1139793
1139794
1139795
1139796
1139797
1139798
1139799
1139800
1139801
1139802
1139803
1139804
1139805
1139806
1139807
1139808
1139809
1139810
1139811
1139812
1139813
1139814
1139815
1139816
1139817
1139818
1139819
1139820
1139821
1139822
1139823
1139824
1139825
1139826
1139827
1139828
1139829
1139830
1139831
1139832
1139833
1139834
1139842
1139846
1139847
1139848
1139849
1139850
1139851
1139852
1139853
1139854
1139855
1139856
1139857
1139858
1139859
1139860
1139861
1139862
1139863
1139864
1139865
1139866
1139867
1139868
1139869
1139870
1139871
1139872
1139873
1139874
1139875
1139876
1139877
1139878
1139879
1139880
1139881
1139886
1139888
1139889
1139890
1139894
1139896
1139898
1139899
1139900
1139904
1139905
1139906
1139907
1139909
1139910
1139911
1139912
1139913
1139914
1139915
1139916
1139917
1139918
1139919
1139920
1139921
1139922
1139923
1139924
1139926
1139930
1139931
1139938
1139939
1139940
1139941
1139942
1139943
1139944
1139952
1140124
1140125
1140126
1140139
1140140
1140141
1140142
1140143
1140144
1140160
1140163
1140166
1140172
1140174
1140175
1140178
1140188
1140190
1140191
1140192
1140193
1140200
1140243
1140358
1140359
1140360
1140361
1140362
1140396
1140397
1140398
1140399
1140579
1140618
1140647
1140649
1140653
1140657
1140661
1140665
1140669
1140671
1140675
1140697
1140698
1140700
1140795
1140796
1140833
1140834
1140835
1140836
1141042
1141043
1141044
1141045
1141046
1141047
1141048
1141049
1141050
1141051
1141052
1141053
1141066
1141067
1141068
1141069
1141070
1141071
1141072
1141073
1141074
1141075
1141076
1141077
1141078
1141079
1141080
1141081
1141082
1141083
1141084
1141085
1141086
1141087
1141088
1141089
1141090
1141091
1141092
1141093
1141094
1141095
1141096
1141097
1141098
1141099
1141100
1141101
1141102
1141103
1141104
1141105
1141106
1141107
1141112
1141113
1141115
1141117
1141119
1141121
1141123
1141124
1141125
1141126
1141129
1141130
1141133
1141134
1141137
1141138
1141141
1141142
1141145
1141146
1141147
1141148
1141150
1141151
1141152
1141153
1141154
1141155
1141156
1141169
1141170
1141172
1141174
1141176
1141180
1141181
1141182
1141183
1141186
1141187
1141190
1141191
1141194
1141195
1141212
1141213
1141214
1141215
1141216
1141217
1141219
1141221
1141225
1141227
1141235
1141237
1141318
1141319
1141320
1141321
1141322
1141323
1141337
1141338
1141339
1141587
1141588
1141589
1141590
1141591
1141592
1141593
1141594
1141595
1141596
1141597
1141598
1141634
1141635
1141636
1141637
1141638
1141639
1141847
1141848
1141849
1141850
1141851
1141852
1141853
1141854
1141855
1142106
1142107
1142108
1142109
1142112
1142113
1142116
1142117
1142130
1142131
1142132
1142133
1142134
1142136
1142139
1142141
1142168
1142169
1142170
1142171
1142232
1142236
1142237
1142238
1142239
1142240
1142241
1142630
1142706
1142708
1143311
1143312
1143313
1143314
1143317
1143318
1143321
1143322
1144716
1144721
1144722
1144734
1144739
1144741
1144743
1144744
1144751
1144753
1144754
1144765
1144766
1144767
1144768
1144769
1144770
1144772
1144773
1144774
1144775
1144776
1144777
1144778
1144779
1144780
1144781
1144782
1144783
1144784
1144785
1144786
1144787
1144788
1144789
1144790
1144791
1144795
1144796
1144797
1144800
1144801
1144802
1144803
1144804
1144805
1144806
1144807
1144808
1144809
1144810
1144811
1144812
1144813
1144814
1144815
1144817
1144818
1144819
1144824
1144829
1144849
1144853
1144857
1144861
1144968
1144972
1144973
1144974
1144975
1146704
1146705
1146706
1146707
1146708
1146846
1146854
1146900
1146901
1146902
1146903
1146905
1146941
1146942
1148160
1148161
1148162
1149289
1149291
1149305
1149432
1149434
1150744
1150747
1150752
1150755
1150756
1150758
1150761
1150763
1151477
1151478
1151479
1151480
1151481
1151482
1151483
1151484
1151485
1151486
1151487
1151488
1151987
1151988
1151989
1152042
1152043
1152044
1152045
1152046
1152047
1152048
1152049
1152050
1152051
1152059
1152062
1152063
1152064
1152065
1154919
1154920
1154921
1154925
1154932
1154934
1154938
1154940
1154947
1154949
1154952
1154954
1156241
1156245
1156247
1156250
1156252
1156255
1156257
1156325
1156326
1156327
1156328
1156329
1156330
1156331
1156332
1156333
1156334
1156335
1156336
1156403
1156404
1156405
1156406
1156718
1156719
1156720
1156721
1156723
1156724
1156727
1156730
1156732
1156734
1156735
1156736
1156738
1156739
1156740
1156741
1156742
1156743
1156744
1156746
1156747
1156748
1156749
1156750
1156751
1156752
1156753
1156754
1156755
1156756
1156757
1156758
1156760
1157000
1157001
1157002
1157003
1157004
1157005
1157006
1157007
1157008
1157009
1157010
1157011
1157012
1157014
1157015
1157017
1157018
1157020
1157021
1157023
1157024
1157025
1157026
1157027
1157028
1157030
1157031
1157032
1157034
1157035
1157036
1157037
1157038
1157039
1157040
1157041
1157042
1157221
1157223
1157227
1157229
1157237
1157239
1157277
1157278
1157279
1157297
1157298
1157299
1157300
1157301
1157302
1157303
1157304
1157305
1157306
1157307
1157308
1157343
1157344
1157345
1157346
1157348
1157349
1157350
1157351
1157352
1157353
1157370
1157371
1157372
1157373
1157376
1157377
1157378
1157379
1158203
1158209
1158211
1158215
1158217
1158220
1158222
1158225
1158227
1158265
1158283
1158284
1158285
1158286
1158287
1158288
1158289
1158290
1158291
1158292
1158293
1158294
1158340
1158341
1158345
1158346
1158347
1158351
1158828
1158829
1158831
1158832
1158833
1158835
1158836
1158837
1158839
1158840
1158843
1158845
1158846
1158848
1158849
1158850
1158851
1158852
1159060
1159062
1159087
1159088
1159089
1159107
1159108
1159109
1159110
1159111
1159113
1159114
1159115
1159116
1159117
1159118
1159164
1159165
1159166
1159167
1159168
1159169
1159170
1159171
1159172
1159173
1159174
1159175
1159184
1159185
1159186
1159187
1159190
1159191
1159192
1159193
1159484
1159485
1159487
1159488
1159492
1159493
1159494
1159495
1159496
1159497
1159498
1159499
1159500
1159501
1159504
1159505
1159506
1159507
1159508
1159512
1159764
1159765
1159766
1159767
1159768
1159769
1159770
1159771
1159774
1159778
1159779
1159780
1159782
1159783
1159784
1159785
1159786
1159787
1159788
1159791
1159792
1159793
1159794
1159795
1159796
1159799
1159802
1159803
1159804
1159805
1159806
1159807
1159808
1159809
1159810
1159811
1159812
1159813
1159814
1159815
1159816
1159817
1159818
1159819
1159820
1159821
1159822
1159823
1160122
1160123
1160124
1160125
1160126
1160127
1160179
1160180
1160181
1160182
1160183
1160184
1160185
1160186
1160187
1160204
1160205
1160206
1160207
1160210
1160211
1160212
1160213
1160535
1160536
1160537
1160538
1160539
1160540
1160541
1160542
1160543
1160544
1160545
1160546
1160547
1160548
1160549
1160551
1160553
1160555
1160556
1160557
1160558
1160559
1160560
1160770
1160771
1160772
1160773
1160774
1160775
1160776
1160777
1160780
1160781
1160782
1160784
1160785
1160786
1160787
1160788
1160789
1160790
1160791
1160792
1160793
1160794
1160795
1160796
1160798
1160799
1160840
1160841
1160842
1160843
1160844
1160845
1160846
1160847
1160848
1160849
1160850
1160851
1160852
1160853
1161532
1161533
1161534
1162364
1162365
1162366
1162367
1162368
1162369
1162370
1162371
1162372
1162373
1163092
1163093
1163094
1163095
1163097
1163321
1163333
1163334
1163335
1163336
1163337
1163338
1163339
1163340
1163341
1163342
1163343
1163344
1163345
1163346
1163347
1163348
1163349
1163350
1163351
1163352
1163353
1163354
1163355
1163356
1163357
1163358
1163359
1163360
1163361
1163362
1163363
1163364
1163365
1163366
1163367
1163368
1163369
1163370
1163371
1163372
1163373
1163375
1163376
1163377
1163378
1163379
1163380
1163381
1163382
1163383
1163384
1163385
1163386
1163387
1163388
1163389
1163390
1163391
1163392
1163393
1163394
1163395
1163396
1163397
1163398
1163400
1163401
1163402
1163403
1163404
1163405
1163406
1163407
1163408
1163409
1163410
1163411
1163412
1163413
1163414
1163417
1163418
1163419
1163420
1163421
1163422
1163423
1163424
1163425
1163426
1163587
1163589
1163593
1163595
1163603
1163605
1163656
1163657
1163660
1163661
1164396
1164397
1164398
1164399
1164401
1164402
1164403
1164404
1164405
1164406
1164407
1164408
1164409
1164410
1164411
1164412
1164413
1164414
1164415
1164416
1164417
1164418
1164419
1164420
1164421
1164422
1164423
1164424
1164425
1164426
1164427
1164428
1164429
1164430
1164431
1164432
1164433
1164434
1164435
1164436
1164437
1164438
1164439
1164440
1164441
1164442
1164443
1164444
1164445
1164446
1164447
1164448
1164449
1164450
1164451
1164452
1164453
1164467
1164471
1164472
1164473
1164479
1164480
1164482
1164488
1165850
1165851
1165852
1165853
1165854
1165855
1165856
1165857
1165858
1165859
1165860
1165861
1165904
1165905
1165906
1165907
1165908
1165909
1165910
1165912
1165913
1165914
1165937
1165938
1165939
1165940
1165943
1165944
1165945
1165946
1166299
1166300
1166301
1166302
1166304
1166305
1166307
1166308
1166309
1166310
1166311
1166312
1166313
1166336
1166337
1166338
1166339
1166340
1166341
1166342
1166343
1166344
1166346
1166347
1166348
1166349
1166350
1166351
1166352
1166353
1166354
1166355
1166356
1166357
1166358
1166359
1166360
1166361
1166362
1166363
1166364
1166365
1166366
1166367
1166368
1166369
1166370
1166371
1166372
1166373
1166374
1166375
1166376
1166377
1166378
1166379
1166380
1166381
1166382
1166383
1166384
1166444
1166445
1166446
1166447
1166448
1166449
1166450
1166451
1166452
1166453
1166454
1166455
1166456
1166457
1166458
1166459
1166460
1166461
1166462
1166463
1166464
1166465
1166466
1166468
1166469
1166470
1166471
1166472
1166473
1166474
1166475
1166476
1166477
1166478
1166479
1166480
1166481
1166482
1166483
1166485
1166486
1166487
1166488
1166489
1166523
1166524
1166525
1166526
1166527
1166528
1166529
1166530
1166531
1166532
1166533
1166534
1166535
1166536
1166537
1166538
1166539
1166540
1166541
1166542
1166543
1166544
1166545
1166546
1166547
1166815
1166816
1166817
1166818
1166821
1166822
1166823
1166824
1167417
1167418
1167419
1167437
1167438
1167439
1167440
1167443
1167444
1167445
1167446
1167934
1167935
1167936
1167937
1167938
1167939
1167940
1167941
1167942
1167943
1167944
1167945
1167946
1167947
1167948
1167949
1167950
1167951
1167952
1167953
1167954
1167955
1167956
1167957
1167958
1167959
1167960
1182877
1182878
1182879
1182880
1182881
1182882
1182883
1182884
1182885
1182886
1182887
1182888
1182889
1182890
1182891
1182892
1182893
1182894
1182895
1182896
1182897
1182898
1182899
1182900
1182901
1182902
1182903
1182904
1182905
1182906
1182907
1182908
1182910
1182911
1182912
1182913
1182914
1182915
1182916
1182917
1182918
1182919
1182920
1182921
1182922
1182923
1182927
1182928
1182929
1182930
1182931
1182936
1182937
1182938
1182939
1182940
1182942
1182943
1182944
1182945
1182946
1182947
1182948
1182949
1182950
1182951
1182952
1182953
1182954
1182955
1182956
1182957
1182958
1182959
1182960
1182961
1182962
1182963
1182964
1182965
1182966
1182967
1182968
1182969
1182970
1182971
1182972
1182973
1182974
1182975
1182976
1182977
1182978
1183245
1183246
1183247
1183248
1183249
1183250
1183251
1183252
1183253
1183254
1183255
1183256
1183257
1183258
1183259
1183260
1183261
1183262
1183263
1183264
1183265
1183266
1183267
1183269
1183270
1183271
1183272
1183273
1183274
1183275
1183276
1183277
1183278
1183279
1183280
1183281
1183282
1183283
1183284
1183285
1183286
1183287
1183288
1183289
1183290
1183291
1183292
1183293
1183294
1183295
1183296
1183297
1183298
1183299
1183300
1183301
1183302
1183303
1183305
1183306
1183307
1183308
1183309
1183310
1183311
1183312
1183313
1183314
1183315
1183316
1183317
1183318
1183319
1183320
1183321
1183322
1183323
1183324
1183326
1183328
1183330
1183331
1183332
1183336
1183337
1183339
1183340
1183341
1183342
1183343
1183344
1183345
1183346
1183347
1183348
1183349
1183350
1183351
1183354
1183355
1183356
1183357
1183358
1183359
1183360
1183361
1183362
1183367
1183368
1183369
1183370
1184281
1184282
1184283
1184284
1184285
1184286
1184287
1184288
1184289
1184290
1185068
1185069
1185088
1185860
1185865
1185867
1185869
1185870
1185871
1185872
1185873
1185874
1185875
1185876
1185877
1185878
1185879
1185880
1185881
1185882
1185883
1185884
1188788
1188789
1188790
1189923
1189924
1189925
1189926
1189927
1191001
1191009
1191010
1191038
1191039
1191040
1191041
1191042
1191043
1191044
1191045
1191046
1191053
1191054
1191055
1191056
1191057
1191058
1191059
1191060
1191061
1191063
1191064
1191065
1191066
1191067
1191068
1191069
1191071
1191072
1191073
1191074
1191075
1191076
1191077
1191078
1191079
1191080
1191081
1191082
1191083
1191084
1191085
1191090
1191097
1191098
1191099
1191100
1191107
1191108
1191109
1191110
1191111
1191112
1191113
1191114
1191115
1191116
1191117
1191118
1191119
1191120
1191121
1191122
1191123
1191124
1191125
1191126
1191127
1191128
1191129
1191130
1191131
1191132
1191133
1191134
1191135
1191136
1191137
1191138
1191139
1191140
1191141
1191142
1191143
1191144
1191145
1191146
1191147
1191148
1191149
1191151
1194985
1194986
1194987
1194988
1197043
1197044
1197199
1197200
1197201
1197202
1197203
1197292
1197293
1197294
1197295
1197296
1197297
1197298
1197299
1197300
1197301
1197302
1197303
1197304
1197305
1197306
1197307
1197308
1197309
1197310
1197311
1197312
1197313
1197314
1197315
1197316
1197317
1197318
1197319
1197320
1197321
1197322
1197323
1197324
1197325
1197326
1197327
1197328
1197329
1197330
1199380
1199381
1199382
1199383
1199384
1199385
1199386
1199387
1199388
1199389
1199390
1199391
1199392
1199393
1199394
1199395
1199396
1199397
1199398
1199399
1199400
1199401
1199402
1199403
1199404
1199422
1199423
1199424
1199425
1199426
1199427
1199429
1199434
1199439
1199441
1200189
1200191
1200192
1200198
1200227
1200228
1200229
1200230
1200231
1200232
1200233
1200234
1200235
1200236
1200237
1200238
1200239
1200248
1200249
1200646
1200647
1200648
1200649
1200650
1200651
1200652
1200653
1200654
1200655
1200656
1200657
1200660
1200755
1200756
1200757
1200758
1200759
1200760
1200761
1202697
1202698
1202699
1202700
1202701
1202702
1202703
1202704
1202705
1202706
1202707
1202708
1202709
1202710
1202711
1202712
1202713
1202714
1202715
1202716
1202717
1202718
1202719
1202720
1202721
1202722
1202723
1202724
1202725
1202726
1202727
1202728
1202729
1202730
1202731
1202732
1202733
1202734
1202735
1202736
1202737
1202738
1202739
1202740
1202741
1202742
1202743
1202744
1202745
1202746
1202747
1202748
1202749
1202750
1202751
1202752
1202753
1202754
1202755
1202756
1202757
1202758
1202759
1202760
1202761
1202762
1202763
1202764
1202765
1202766
1202767
1202768
1202769
1203348
1203349
1203350
1203351
1203352
1203353
1203354
1203355
1203356
1203357
1203358
1203359
1203360
1203361
1203362
1203363
1203364
1203365
1203366
1203367
1203368
1203369
1203370
1203371
1203372
1203374
1203375
1203376
1203377
1203378
1203379
1203380
1203381
1203382
1203383
1203384
1203385
1203386
1203387
1203388
1203389
1203390
1203391
1203392
1203393
1203394
1203395
1203396
1203397
1203398
1203399
1203400
1203401
1203402
1203403
1203404
1203405
1203406
1203407
1203408
1203409
1203410
1203411
1203412
1203413
1203414
1203415
1203416
1203417
1203418
1203419
1203420
1203421
1203422
1203423
1204460
1204461
1204462
1209466
1209467
1209468
1209469
1209470
1209471
1209480
1209483
1209484
1209493
1209494
1209495
1209496
1209497
1209498
1209505
1209520
1209521
1209522
1209525
1209534
1209535
1209536
1209542
1209543
1210892
1210893
1210894
1210895
1210896
1210897
1210898
1210899
1210900
1210901
1210902
1210903
1210921
1210922
1210923
1210924
1210925
1210926
1210927
1210928
1210929
1210930
1210931
1210932
1210933
1210934
1210935
1210936
1210937
1210938
1210939
1210940
1210941
1210942
1210943
1210944
1210945
1210946
1210967
1210968
1210969
1211118
1211119
1211120
1211121
1211122
1211123
1211124
1211125
1211126
1211127
1211128
1211129
1211130
1211131
1211132
1211133
1211134
1211135
1211136
1211137
1211138
1211139
1211140
1211141
1211142
1211143
1211144
1211145
1211146
1211147
1211148
1211149
1211150
1211151
1211152
1211153
1211154
1211155
1211156
1211157
1211158
1211159
1211160
1211161
1211162
1211163
1211164
1211165
1211166
1211167
1211168
1211169
1211170
1211171
1211172
1211173
1211174
1211175
1211176
1211177
1211178
1211179
1211180
1211181
1211182
1211183
1211184
1211518
1211553
1211554
1211555
1211596
1211597
1211599
1211633
1211635
1211643
1211644
1211645
1211647
1211648
1213061
1213063
1214309
1214310
1214311
1214312
1214313
1214314
1214315
1214316
1214317
1214318
1214319
1214320
1214321
1214322
1214323
1214324
1214325
1214326
1214327
1214328
1214329
1214330
1214331
1214332
1214333
1214334
1214335
1214336
1214337
1214338
1214339
1214340
1214341
1214342
1214343
1214344
1214345
1214346
1214347
1214348
1214349
1214350
1214351
1214352
1214353
1214354
1214355
1214356
1214357
1214358
1214359
1214360
1214361
1214362
1214363
1214364
1214365
1214366
1214367
1214368
1214369
1214370
1214371
1214372
1214373
1214374
1214375
1214376
1214377
1214378
1214379
1214380
1214381
1214382
1214383
1214384
1214385
1214386
1214387
1214388
1214389
1214390
1214391
1214392
1214393
1214394
1214395
1214396
1214397
1214398
1214399
1214400
1214401
1214402
1214403
1214404
1214405
1214406
1214407
1214408
1214409
1214410
1214411
1214412
1214413
1214414
1214415
1214416
1214417
1214418
1214419
1214420
1214421
1214422
1214423
1214424
1214425
1214426
1214427
1214755
1214756
1214757
1214758
1214759
1214760
1214761
1214762
1214763
1214764
1214765
1214766
1214767
1214768
1214769
1214770
1214771
1214772
1214773
1214774
1214775
1214776
1214777
1214778
1214779
1214780
1214781
1214782
1214783
1214784
1214785
1214786
1214787
1214788
1214789
1214790
1214791
1214792
1214793
1214794
1214795
1214796
1214797
1214798
1214799
1214800
1214801
1214802
1214803
1214804
1214805
1214806
1214807
1214808
1214809
1214810
1214811
1214812
1214813
1214814
1214815
1214816
1214817
1214818
1214819
1214820
1214821
1214822
1214823
1214824
1214825
1214826
1214827
1214828
1214829
1214830
1214831
1214832
1214833
1214834
1214835
1214836
1214837
1214838
1214839
1214840
1214841
1214842
1214843
1214844
1214845
1214846
1214847
1214848
1214849
1214850
1214851
1214852
1214853
1214854
1214855
1214856
1214857
1214858
1214859
1214860
1214861
1214862
1214863
1214864
1214865
1214866
1214867
1214868
1214869
1214870
1214871
1214872
1214873
1214874
1214875
1214876
1214877
1214878
1214879
1215212
1215213
1215214
1215215
1215216
1215217
1215218
1215219
1215220
1215221
1215222
1215223
1215224
1215225
1215226
1215228
1215229
1215230
1215231
1215232
1215233
1215234
1215235
1215236
1215237
1215238
1215239
1215240
1215241
1215242
1215243
1215244
1215245
1215246
1215247
1215248
1215249
1215250
1215251
1215252
1215253
1215256
1215257
1215258
1215259
1215260
1215262
1215263
1215264
1215265
1215266
1215267
1215268
1215269
1215270
1215271
1215272
1215273
1215274
1215275
1215276
1215277
1215278
1215279
1215280
1215281
1215282
1215283
1215284
1215285
1215286
1215287
1215291
1215292
1215293
1215294
1215295
1215296
1215297
1215298
1215299
1215300
1215301
1215302
1215303
1215304
1215305
1215306
1215307
1215308
1215309
1215310
1215311
1215312
1215313
1215314
1215315
1215316
1215317
1215318
1215319
1215320
1215321
1215322
1215323
1215324
1215325
1215326
1215327
1215328
1215329
1215330
1215331
1215332
1215333
1215334
1215335
1215336
1215337
1215338
1215339
1215340
1215341
1215342
1215343
1215344
1215345
1215346
1215347
1215348
1215349
1215350
1215351
1215352
1215353
1215354
1215355
1215356
1215357
1215358
1215359
1215360
1215361
1215362
1215363
1215364
1215365
1215366
1215367
1215368
1215369
1215370
1215371
1215372
1215373
1215374
1215375
1215376
1215377
1215378
1215379
1215380
1215381
1215382
1215384
1215386
1215622
1215623
1215624
1215625
1215626
1215627
1215628
1215629
1215630
1215631
1215632
1215633
1215634
1215635
1215636
1215637
1215638
1215639
1215640
1215641
1215643
1215647
1215648
1215649
1215650
1215651
1215652
1215653
1215664
1215673
1215674
1215675
1215676
1215677
1215678
1215679
1215680
1215681
1215682
1215683
1215684
1215685
1215686
1215687
1215688
1215690
1215707
1215708
1215709
1215710
1215711
1215719
1215720
1215721
1216580
1216581
1216582
1216583
1216584
1216585
1216586
1216587
1216588
1216589
1216590
1216591
1216592
1216606
1216608
1216609
1216914
1216915
1216916
1216917
1216918
1216920
1216921
1216922
1217488
1217489
1217491
1217493
1217495
1218195
1218197
1218201
1218205
1218209
1218570
1218571
1218572
1218573
1218574
1218575
1218576
1218577
1218578
1218579
1218580
1218581
1218582
1218583
1218584
1218586
1218587
1218599
1218600
1218601
1218603
1218604
1218605
1218606
1218607
1218608
1218609
1218613
1218614
1218615
1220885
1220886
1220887
1220889
1220890
1220891
1220892
1220893
1220894
1220895
1220896
1220897
1220899
1220900
1220902
1220903
1220935
1220936
1220937
1220938
1220939
1220940
1220941
1220942
1220943
1220944
1220945
1220946
1220947
1220948
1220949
1220950
1220951
1220952
1220953
1220954
1220955
1220956
1220957
1220958
1220959
1220960
1220961
1220962
1220963
1220964
1220965
1220966
1220967
1220968
1220969
1220970
1220971
1220972
1220973
1220974
1220975
1220976
1220977
1220978
1220979
1220980
1220981
1220982
1220983
1220984
1220985
1220986
1220987
1220988
1220989
1220990
1220991
1220992
1220993
1220994
1220995
1220996
1220997
1220998
1220999
1221000
1221001
1221002
1221003
1221004
1221005
1221668
1221669
1221671
1221672
1221673
1221674
1221675
1221676
1221677
1221678
1221679
1221700
1221704
1221705
1221706
1221707
1221708
1221709
1221710
1221711
1221712
1221713
1221714
1221715
1221716
1221717
1221718
1221719
1221720
1221722
1221723
1221724
1221725
1221726
1221727
1221728
1221729
1221730
1221731
1221732
1221733
1221734
1221735
1221736
1221737
1221738
1221739
1221740
1221741
1221742
1221743
1221744
1221745
1221746
1221747
1221748
1221749
1221750
1221751
1221752
1221753
1221754
1221755
1221756
1221757
1221812
1221813
1221814
1221815
1221816
1221817
1221818
1221819
1221820
1221821
1221822
1221823
1221824
1221825
1221826
1221827
1221828
1221829
1221830
1221831
1221832
1221833
1221834
1221835
1221836
1221837
1221838
1222031
1222032
1222033
1222034
1222035
1222036
1222037
1222038
1222039
1222040
1222041
1222042
1222043
1222044
1222045
1222046
1222047
1222048
1222049
1222050
1222051
1222052
1222053
1222054
1222055
1222056
1222057
1222058
1222059
1222060
1222061
1222062
1222063
1222064
1222065
1222066
1222067
1222068
1222069
1222070
1222071
1222072
1222073
1222074
1222075
1222076
1222077
1222078
1222079
1222080
1222081
1222082
1222083
1222084
1222085
1222086
1222087
1222088
1222089
1222090
1222091
1222092
1222093
1222094
1222095
1222096
1222097
1222098
1222099
1222100
1222101
1222102
1222103
1222104
1222105
1222106
1222107
1222108
1222109
1222110
1222111
1222112
1222113
1222114
1222115
1222116
1222117
1222118
1222119
1222120
1222121
1222122
1222123
1222124
1222125
1222126
1222127
1222128
1222129
1222130
1222131
1222132
1222133
1222134
1222135
1222136
1222137
1222138
1222139
1222140
1222141
1222142
1222143
1222144
1222145
1222146
1222147
1222148
1222149
1222150
1222151
1222152
1222153
1222154
1222155
1222156
1222157
1222158
1222159
1222160
1222161
1222162
1222163
1222164
1222165
1222166
1222167
1222168
1222169
1222170
1222171
1222172
1222173
1222174
1222175
1222176
1222177
1222178
1222179
1222180
1222181
1222182
1222183
1222184
1222185
1222186
1222187
1222188
1222189
1222190
1222206
1222207
1222209
1222210
1222211
1222212
1222213
1222214
1222215
1222216
1222217
1222218
1222219
1222220
1222221
1222222
1222223
1222224
1222225
1222226
1222227
1222234
1222235
1222236
1222237
1222239
1222240
1222241
1222242
1222243
1222244
1222245
1222246
1222247
1222248
1222249
1222250
1222251
1222420
1222421
1222422
1222423
1222424
1222425
1222426
1222427
1222428
1222429
1222430
1222431
1222432
1222433
1222434
1222435
1222436
1222437
1222438
1222439
1222440
1222441
1222442
1222443
1222444
1222445
1222446
1222447
1222448
1222449
1222450
1222451
1222452
1222453
1222454
1222455
1222456
1222457
1222458
1222459
1222460
1222461
1222462
1222463
1222464
1222465
1222466
1222467
1222468
1222469
1222470
1222471
1222472
1222473
1222474
1222475
1222476
1222477
1222478
1222479
1222480
1222481
1222482
1222483
1222484
1222485
1222486
1222487
1222488
1222489
1222490
1222491
1222492
1222493
1222494
1222495
1222496
1222497
1222498
1222499
1222500
1222501
1222502
1222503
1222504
1222505
1222506
1222507
1222508
1222509
1222510
1222511
1222512
1222513
1222514
1222515
1222518
1222519
1222520
1222521
1222522
1222523
1222524
1222525
1222526
1222527
1222528
1222529
1222530
1222531
1222532
1222533
1222536
1222537
1222538
1222539
1222540
1222541
1222542
1222543
1222544
1222545
1222546
1222547
1222548
1222549
1222550
1222551
1222552
1222553
1222554
1222555
1222556
1222557
1222558
1222559
1222560
1222561
1222562
1222563
1222564
1222565
1222566
1222567
1222568
1222569
1222570
1222571
1222572
1222573
1222574
1222575
1223003
1223004
1223005
1223006
1223007
1223249
1223677
1223678
1223679
1223680
1223681
1223684
1223685
1223686
1223687
1223688
1223695
1224149
1224375
1224376
1224377
1224378
1224379
1224380
1224381
1224382
1224417
1224418
1224419
1224420
1224421
1224653
1224654
1224656
1224657
1224923
1224924
1224925
1224926
1224927
1224928
1224931
1224932
1224935
1224936
1224939
1224940
1225276
1225277
1225278
1225279
1225280
1225281
1225283
1225284
1225288
1225469
1225470
1225471
1225472
1225473
1225474
1225475
1225476
1225477
1225478
1225479
1225480
1225481
1225482
1225483
1225484
1225485
1225486
1225487
1225488
1225489
1225490
1225491
1225492
1225493
1225494
1225495
1225496
1225497
1225498
1225499
1225500
1225501
1225502
1225503
1225504
1225505
1225506
1225507
1225508
1225509
1225510
1225511
1225512
1225513
1225514
1225515
1225516
1225517
1225518
1225519
1225520
1225521
1225522
1225523
1225524
1225525
1225526
1225527
1225528
1225529
1225530
1225531
1225532
1225533
1225534
1225535
1225536
1225537
1225538
1225539
1225540
1225541
1225542
1225543
1225544
1225545
1225546
1225547
1225548
1225549
1225550
1225551
1225552
1225553
1225554
1225555
1225556
1225557
1225558
1225559
1225560
1225561
1225562
1225563
1225564
1225565
1225566
1225567
1225568
1225569
1225570
1225571
1225572
1225573
1225574
1225575
1225576
1225577
1225578
1225579
1225580
1225581
1225582
1225583
1225584
1225585
1225586
1225587
1225588
1225589
1225590
1225591
1225592
1225593
1225594
1225595
1225596
1225597
1225598
1225599
1225600
1225601
1225602
1225603
1225604
1225605
1225606
1225607
1225608
1225609
1225610
1225611
1225612
1225613
1225614
1225615
1225616
1225617
1225618
1225619
1225620
1225621
1225622
1225623
1225624
1225625
1225626
1225627
1225628
1225629
1225630
1225631
1225632
1225633
1225634
1225635
1225636
1225637
1225638
1225639
1225640
1225641
1225642
1225643
1225644
1225645
1225646
1225647
1225648
1225649
1225650
1225651
1225652
1225653
1225654
1225655
1225656
1225657
1225658
1225659
1225660
1225661
1225662
1225663
1225664
1225665
1225666
1225667
1225668
1225669
1225670
1225671
1225672
1225673
1225674
1225675
1225676
1225677
1225678
1225679
1225680
1225681
1225682
1225683
1225684
1225685
1225686
1225687
1225688
1225689
1225690
1225691
1225692
1225693
1225694
1225695
1225696
1225697
1225698
1225699
1225700
1225701
1225702
1225703
1225704
1225705
1225706
1225707
1225708
1225709
1225710
1225711
1225712
1225713
1225714
1225715
1225716
1225717
1225718
1225719
1225720
1225721
1225722
1225723
1225724
1225725
1225726
1225727
1225728
1225729
1225730
1225731
1225732
1225733
1225734
1225735
1225736
1225737
1225738
1225739
1225740
1225741
1225742
1225743
1225744
1225745
1225746
1225748
1225751
1225752
1225753
1226191
1226192
1226193
1226197
1226201
1226205
1226517
1226519
1226520
1226523
1226524
1226525
1226526
1226527
1226528
1226529
1226530
1226531
1226532
1226533
1226534
1226535
1226536
1226537
1226538
1226539
1226540
1226541
1226542
1226543
1226544
1226545
1226546
1226547
1226548
1226549
1226550
1226551
1226552
1226553
1226554
1226555
1226556
1226557
1226558
1226559
1226560
1226561
1226562
1226563
1226564
1226565
1226566
1226567
1226568
1226569
1226571
1226572
1226573
1226574
1226575
1226576
1226577
1226578
1226579
1226580
1226581
1226582
1226583
1226584
1226585
1226586
1226587
1226588
1226589
1226590
1226591
1226592
1226593
1226594
1226595
1226596
1226597
1226598
1226599
1226600
1226601
1226602
1226603
1226604
1226605
1226606
1226607
1226608
1226609
1226610
1226611
1226612
1226613
1226614
1226615
1226616
1226617
1226618
1226619
1226620
1226621
1226622
1226623
1226624
1226625
1226626
1226627
1226628
1226629
1226630
1226631
1226632
1226633
1226634
1226635
1226636
1226637
1226638
1226639
1226640
1226641
1226642
1226643
1226644
1226645
1226646
1226647
1226648
1226649
1226650
1226651
1226652
1226653
1226654
1226655
1226656
1226657
1226658
1226659
1226660
1226661
1226662
1226663
1226664
1226666
1226667
1226668
1226669
1226670
1226671
1226672
1226673
1226674
1226675
1226676
1226677
1226678
1226679
1226680
1226681
1226682
1226685
1226686
1226691
1226692
1226693
1226697
1226698
1226708
1226955
1226956
1226957
1226958
1226959
1226960
1226961
1226962
1226963
1226964
1226965
1226966
1226967
1226968
1226969
1226970
1226971
1226972
1226973
1226979
1226980
1226982
1226983
1226984
1226988
1226989
1226990
1226991
1226992
1226993
1226994
1226995
1226996
1226997
1226998
1226999
1227000
1227001
1227002
1227003
1227004
1227005
1227006
1227007
1227008
1227009
1227010
1227011
1227012
1227013
1227014
1227015
1227016
1227017
1227018
1227019
1227020
1227021
1227022
1227023
1227024
1227025
1227026
1227027
1227028
1227029
1227030
1227031
1227032
1227033
1227034
1227035
1227036
1227037
1227038
1227039
1227040
1227041
1227042
1227043
1227044
1227045
1227046
1227047
1227048
1227049
1227050
1227051
1227052
1227053
1227054
1227055
1227056
1227057
1227058
1227059
1227060
1227061
1227062
1227063
1227064
1227065
1227066
1227067
1227068
1227069
1227070
1227071
1227072
1227073
1227074
1227075
1227076
1227077
1227078
1227079
1227080
1227081
1227082
1227083
1227084
1227085
1227086
1227087
1227088
1227089
1227090
1227091
1227092
1227093
1227094
1227095
1227096
1227097
1227098
1227099
1227100
1227101
1227102
1227103
1227104
1227105
1227106
1227107
1227108
1227109
1227110
1227111
1227112
1227113
1227114
1227115
1227116
1227117
1227118
1227119
1227120
1227121
1227122
1227123
1227124
1227125
1227126
1227127
1227128
1227129
1227130
1227131
1227132
1227133
1227573
1227575
1227579
1227583
1227587
1229631
1229632
1229633
1229634
1229635
1229636
1229637
1229638
1229639
1229640
1229641
1229642
1229643
1229644
1229645
1229646
1229647
1229648
1229649
1229650
1229651
1229652
1229653
1229654
1229655
1229656
1229657
1229658
1229659
1229660
1229661
1229662
1229663
1229664
1229665
1229666
1229667
1229668
1229669
1229670
1229671
1229672
1229673
1229674
1229675
1229676
1229677
1229678
1229679
1229680
1229681
1229682
1229683
1229684
1229685
1229686
1229687
1229688
1229689
1229690
1229691
1229692
1229693
1229694
1229695
1229696
1229697
1229698
1229699
1229700
1229701
1229702
1229703
1229704
1229705
1229706
1229707
1229708
1229709
1229710
1229711
1229712
1229713
1229714
1229715
1229716
1229717
1229718
1229719
1229720
1229721
1229724
1229727
1229728
1229729
1229730
1229731
1229732
1229733
1229734
1229735
1229736
1229737
1229738
1229739
1229740
1229741
1229742
1229743
1229744
1229745
1229746
1229747
1229748
1229749
1229750
1229751
1229752
1229754
1229755
1229756
1229757
1229758
1229759
1229760
1229761
1229762
1229763
1229764
1229765
1229766
1229767
1229768
1229769
1229770
1229771
1229772
1229773
1229774
1229775
1230038
1230039
1230040
1230041
1230042
1230043
1230044
1230045
1230046
1230047
1230048
1230049
1231259
1231260
1231261
1231262
1231263
1231264
1231265
1231266
1231267
1231268
1231269
1231270
1231271
1231272
1231273
1231274
1231275
1231276
1231277
1231278
1231279
1231280
1231281
1231282
1231283
1231284
1231285
1231286
1231287
1231288
1231289
1231290
1231291
1231292
1231293
1231294
1231295
1231296
1231297
1231298
1231299
1231300
1231301
1231302
1231303
1231304
1231305
1231306
1231307
1231308
1231309
1231310
1231311
1231312
1231313
1231314
1231315
1231316
1231317
1231318
1231319
1231320
1231321
1231324
1231325
1231326
1231327
1231328
1231329
1231330
1231331
1231332
1231333
1231347
1231348
1231349
1231350
1231351
1231352
1231353
1231354
1231355
1231356
1231357
1231358
1231360
1231361
1231362
1231367
1231368
1231369
1231370
1231371
1231372
1231373
1231374
1231375
1231376
1231377
1233672
1233673
1233674
1233675
1233676
1233678
1233682
1233683
1233684
1233685
1233686
1233687
1233688
1233689
1233690
1233691
1233692
1233693
1233694
1233695
1233696
1233697
1233698
1233699
1233700
1233701
1233702
1233703
1233704
1233705
1233706
1233707
1233708
1233709
1233710
1233711
1233712
1233713
1233714
1233715
1233716
1233717
1233718
1233719
1233720
1233721
1233722
1233723
1233724
1233725
1233726
1233727
1233728
1233729
1233730
1233731
1233732
1233733
1233734
1233735
1233736
1233737
1233738
1233739
1233740
1233741
1233742
1233743
1233744
1233745
1233746
1233747
1233748
1233749
1233750
1233752
1233753
1233754
1233755
1233756
1233758
1233759
1233760
1233761
1233762
1233763
1233764
1233765
1233766
1233768
1233769
1233770
1233774
1233775
1233776
1233777
1233778
1233779
1233780
1233781
1233960
1233961
1233962
1233964
1233965
1233966
1233967
1233968
1233969
1233971
1233972
1233974
1233976
1233977
1233978
1233979
1233980
1233981
1233982
1233983
1233984
1233985
1233986
1233987
1233988
1233989
1233990
1233991
1233992
1233993
1233994
1233995
1233996
1233997
1233998
1233999
1234001
1234002
1234003
1234004
1234005
1234006
1234010
1234011
1234012
1234013
1234014
1234015
1234016
1234017
1234018
1234019
1234022
1234023
1234024
1234025
1234026
1234027
1234028
1234029
1234030
1234031
1234032
1234033
1234035
1234038
1234039
1234040
1234041
1234042
1234043
1234044
1234045
1234046
1234047
1234048
1234049
1234050
1234051
1234052
1234053
1234056
1234058
1234059
1234060
1234061
1234062
1234072
1234806
1234807
1234808
1234809
1234810
1234811
1234812
1234813
1234814
1234815
1234816
1234817
1234818
1234819
1234820
1234821
1234822
1234823
1234824
1234825
1234826
1234828
1234829
1234830
1234831
1234832
1234833
1234834
1234835
1234836
1234837
1234838
1234839
1234840
1234841
1234842
1234843
1234844
1234845
1234846
1234847
1234848
1234849
1234850
1234851
1234852
1234853
1234854
1234855
1234856
1234857
1234858
1234859
1234860
1234861
1234862
1234863
1234864
1234865
1234866
1234867
1234868
1234869
1234870
1234871
1234872
1234873
1234874
1234875
1234876
1234877
1234878
1234879
1234880
1234881
1234882
1234883
1234884
1234885
1234886
1234887
1234888
1234889
1234890
1234891
1234892
1234893
1234894
1234895
1234896
1234897
1234898
1234899
1234900
1234901
1234902
1234903
1234904
1234905
1234906
1234907
1234908
1234909
1234913
1234914
1234915
1234916
1235141
1235142
1235143
1235144
1235145
1235146
1235147
1235149
1235150
1235151
1235152
1235153
1235154
1235155
1235156
1235157
1235158
1235159
1235160
1235161
1235162
1235163
1235164
1235165
1235166
1235167
1235168
1235169
1235170
1235171
1235172
1235173
1235174
1235176
1235177
1235182
1235183
1235185
1235186
1235187
1235188
1235189
1235190
1235194
1235196
1235197
1235198
1235199
1235210
1235211
1235213
1235214
1235216
1235218
1235219
1235221
1235222
1235223
1235224
1235225
1235226
1235227
1235228
1235229
1235230
1235231
1235232
1235233
1235234
1235235
1235236
1235237
1235238
1235239
1235240
1235241
1235242
1235243
1235244
1235245
1235246
1235247
1235248
1235249
1235250
1235251
1235252
1235253
1235254
1235255
1235256
1235257
1235258
1235259
1235260
1235261
1235262
1235263
1235264
1235265
1235266
1235267
1235268
1235269
1235270
1235271
1235272
1235273
1235274
1235275
1235276
1235277
1235278
1235279
1235280
1235281
1235282
1235283
1235284
1235285
1235286
1235288
1235289
1235290
1235291
1235292
1235293
1235294
1235295
1235296
1235297
1235298
1235299
1235302
1235303
1235304
1235305
1235306
1235307
1235308
1235309
1235314
1235315
1235317
1235318
1235319
1235320
1235321
1235322
1235325
1236057
1236059
1236060
1236061
1236062
1236063
1236064
1236065
1236066
1236067
1236068
1236069
1236070
1236071
1236072
1236073
1236074
1236075
1236076
1236077
1236078
1236079
1236080
1236081
1236082
1236083
1236084
1236085
1236086
1236087
1236088
1236089
1236090
1236091
1236092
1236093
1236094
1236095
1236096
1236097
1236098
1236099
1236100
1236101
1236102
1236103
1236104
1236105
1236106
1236107
1236108
1236109
1236110
1236111
1236112
1236113
1236114
1236115
1236116
1236117
1236118
1236119
1236120
1236121
1236122
1236123
1236124
1236125
1236126
1236127
1236128
1236129
1236130
1236131
1236132
1236133
1236134
1236135
1236136
1236137
1236138
1236139
1236140
1236141
1236142
1236143
1236144
1236145
1236146
1236147
1236148
1236149
1236150
1236151
1236152
1236153
1236154
1236155
1236156
1236157
1236158
1236159
1236160
1236161
1236162
1236163
1236164
1236165
1236166
1236167
1236168
1236169
1236170
1236171
1236172
1236173
1236174
1236175
1236176
1236177
1236178
1236179
1236180
1236181
1236182
1236183
1236184
1236185
1236186
1236187
1236188
1236189
1236190
1236191
1236192
1236193
1236194
1236195
1236196
1236197
1236198
1236202
1236203
1236204
1236205
1236206
1236207
1236209
1236453
1236454
1236455
1236456
1236460
1236464
1236465
1236466
1236467
1236468
1236472
1236473
1236474
1236475
1236476
1236477
1236478
1236479
1236480
1236482
1236483
1236484
1236485
1236486
1236487
1236488
1236489
1236490
1236491
1236492
1236493
1236494
1236495
1236496
1236497
1236498
1236499
1236500
1236501
1236506
1236511
1236513
1236515
1236516
1236519
1236535
1236548
1236549
1236559
1236566
1236571
1236572
1236584
1236585
1236586
1237312
1237314
1237315
1237316
1237318
1237322
1237323
1237324
1237325
1237326
1237327
1237328
1237329
1237330
1237332
1237333
1237334
1237335
1237348
1237351
1237352
1237354
1237359
1237360
1237361
1237362
1237363
1237364
1237365
1237366
1237367
1237368
1237369
1237370
1237371
1237372
1237373
1237374
1237375
1237376
1237377
1237378
1237379
1237380
1237381
1237383
1237384
1237573
1237574
1237575
1237577
1237578
1237580
1237581
1237879
1237880
1237881
1237882
1237883
1237884
1237885
1237887
1237891
1237892
1237896
1237897
1237898
1237899
1237900
1237901
1237902
1237903
1237908
1237909
1238049
1238050
1238051
1238052
1238053
1238062
1238070
1238099
1238107
1238108
1238112
1238120
1238121
1238124
1238125
1238573
1239630
1239631
1239632
1239656
1239657
1239658
1239659
1239660
1239888
1239889
1239890
1239891
1239892
1239893
1239894
1239895
1239896
1239897
1239898
1239899
1239900
1239901
1239902
1239903
1239904
1239905
1239906
1239907
1239908
1239909
1239910
1239911
1239912
1239914
1239915
1239916
1239917
1239919
1239920
1239921
1239922
1239923
1239924
1239925
1239926
1239927
1239928
1239929
1239930
1239931
1239932
1239933
1239934
1239937
1239938
1239939
1239940
1239941
1239942
1239944
1241644
1241645
1241646
1241647
1241942
1241943
1241944
1241945
1241946
1241947
1241948
1241949
1241950
1241951
1241952
1241953
1241954
1241955
1241956
1241957
1241958
1241959
1241960
1241961
1241962
1241963
1241964
1241965
1241966
1241967
1241968
1241969
1241970
1241971
1241972
1241973
1241974
1241975
1241977
1241978
1241979
1241980
1241981
1241982
1241983
1241984
1241985
1241986
1241987
1241988
1241989
1241990
1241991
1241992
1241993
1241994
1241995
1242066
1242067
1244473
1244474
1244475
1244476
1244477
1244478
1244479
1244480
1244481
1244482
1244483
1244484
1244485
1244486
1244487
1244489
1244490
1244491
1244492
1244493
1244494
1244495
1244496
1244497
1244498
1244499
1244500
1244501
1244502
1244503
1244504
1244505
1244506
1244507
1244508
1244509
1244510
1244511
1244512
1244513
1244514
1244515
1244516
1244517
1244518
1244519
1244520
1244521
1244522
1244523
1244524
1244525
1244526
1244527
1244528
1244529
1244530
1244531
1244532
1244533
1244534
1244535
1244536
1244537
1244538
1244539
1244540
1244541
1244542
1244543
1244544
1244545
1244546
1244547
1244548
1244549
1244550
1244551
1244552
1244553
1244554
1244555
1244556
1244557
1244558
1244560
1244561
1244562
1244563
1244564
1244565
1244566
1244567
1244568
1244569
1244570
1244572
1244573
1244574
1244575
1244576
1244577
1244578
1244579
1244580
1244581
1244582
1244583
1244584
1244585
1244586
1244587
1244588
1244589
1244590
1244592
1244593
1244594
1244595
1244596
1244597
1244598
1244599
1244600
1244601
1244603
1244604
1244605
1244606
1244610
1244611
1244612
1244613
1244614
1244615
1244616
1244618
1244620
1244621
1244622
1244923
1244924
1244925
1244926
1244927
1244928
1244934
1244935
1244936
1244937
1244938
1244939
1244940
1244941
1244942
1244943
1244944
1244945
1244946
1244947
1244948
1244949
1244950
1244951
1244952
1244953
1244954
1244955
1244956
1244957
1244958
1244959
1244960
1244961
1244962
1244963
1244964
1244965
1244966
1244967
1244968
1244969
1244970
1244971
1244972
1244973
1244974
1244975
1244976
1244977
1244978
1244979
1244980
1244981
1244982
1244983
1244984
1244985
1244986
1244987
1244988
1244989
1244990
1244991
1244992
1244993
1244994
1244995
1244996
1244997
1244998
1244999
1245000
1245001
1245002
1245003
1245004
1245005
1245006
1245007
1245008
1245009
1245010
1245011
1245012
1245013
1245014
1245015
1245016
1245017
1245018
1245019
1245020
1245021
1245022
1245023
1245024
1245025
1245026
1245027
1245028
1245029
1245030
1245031
1245032
1245033
1245034
1245035
1245036
1245042
1245043
1245044
1245045
1245046
1245047
1245048
1245077
1245078
1245079
1245086
1245087
1247865
1247867
1247875
1247876
1247899
1247900
1247901
1247902
1247910
1247911
1247912
1247913
1247914
1247915
1248563
1248587
1248588
1248589
1249402
1249403
1249425
1249426
1249427
1249428
1249433
1249434
1249435
1249436
1249437
1249438
1249439
1249440
1249441
1249442
1249443
1249444
1249445
1249455
1249481
1249482
1249483
1249484
1249485
1249655
1249656
1249657
1249658
1249659
1249660
1249662
1249663
1249664
1249665
1249666
1249672
1249675
1249676
1249677
1249678
1249679
1249680
1249682
1249684
1249685
1249686
1249687
1249688
1249689
1249690
1249691
1249692
1249693
1249694
1249695
1249696
1249697
1249698
1249699
1249701
1249702
1249703
1249704
1249705
1249706
1249707
1249709
1249715
1249716
1249717
1249718
1249720
1249721
1249722
1249723
1249724
1249725
1249726
1249729
1249730
1249732
1249733
1249734
1250116
1250122
1250123
1250124
1250125
1250126
1250154
1250214
1250219
1250220
1250221
1250223
1250224
1250225
1250226
1250227
1250228
1250229
1250237
1250238
1250240
1250241
1250242
1250243
1250246
1250247
1250248
1250250
1250252
1250253
1250255
1250257
1250258
1250259
1250260
1250261
1250262
1250263
1250265
1250266
1250267
1250268
1250269
1250270
1250271
1250272
1250273
1250274
1250275
1250276
1250277
1250278
1250280
1250282
1250283
1250293
1250294
1250295
1250296
1250299
1250300
1250302
1250303
1250304
1250305
1250307
1250325
1250326
1250327
1250328
1250329
1250330
1250332
1250333
1250334
1250335
1250336
1250337
1250338
1250339
1250340
1250341
1250342
1250343
1250344
1250345
1250346
1250347
1250348
1250349
1250350
1250351
1250352
1250353
1250354
1250355
1250356
1250357
1250358
1250359
1251338
1251341
1251342
1251343
1251344
1251345
1251346
1251347
1251348
1251349
1251350
1251351
1251352
1251353
1251354
1251356
1251364
1251365
1251366
1251368
1251386
1251388
1251389
1251390
1251970
1251971
1251972
1251973
1251974
1251975
1251976
1251977
1251978
1251979
1251980
1251981
1251982
1251983
1251984
1251985
1251986
1251987
1251988
1251989
1251990
1251991
1251993
1251994
1251995
1251996
1251997
1251998
1251999
1252000
1252001
1252002
1252003
1252004
1252006
1252007
1252008
1252009
1252010
1252011
1252012
1252013
1252014
1252015
1252016
1252017
1252018
1252019
1252020
1252021
1252022
1252023
1252027
1252033
1252035
1252038
1252039
1252046
1252047
1252048
1252053
1252054
1252057
1252062
1252068
1252069
1252071
1252072
1252073
1252074
1252075
1252076
1252077
1252078
1252079
1252080
1252081
1252082
1252083
1252084
1252085
1252088
1252089
1252090
1252094
1252535
1252536
1252537
1252538
1252539
1252540
1252541
1252542
1252543
1252547
1252548
1252554
1252555
1252556
1252557
1252558
1252560
1252561
1252562
1252563
1252564
1252565
1252566
1252567
1252568
1252569
1252570
1252572
1252573
1252575
1253397
1253567
1253569
1253570
1253571
1253572
1253573
1253574
1253575
1253577
1253579
1253863
1253864
1253865
1253866
1253867
1253882
1253883
1253884
1253886
1253887
1253891
1253892
1253893
1253894
1253900
1253908
1253909
1253911
1253912
1253913
1253914
1253917
1253921
1253922
1253923
1253924
1253925
1253926
1253928
1253929
1253930
1253931
1253932
1253933
1253934
1253935
1253936
1253937
1253938
1253939
1253940
1253941
1254100
1254101
1254102
1254103
1254104
1254105
1254106
1254107
1254108
1254109
1254110
1254111
1254112
1254113
1254114
1254115
1254116
1254117
1254118
1254119
1254120
1254121
1254122
1254123
1254124
1254125
1254126
1254127
1254128
1254129
1254130
1254131
1254132
1254133
1254134
1254135
1254136
1254137
1254138
1254139
1254140
1254141
1254142
1254143
1254144
1254145
1254146
1254148
1254149
1254150
1254151
1254152
1254153
1254157
1254158
1254159
1254161
1254162
1254163
1254164
1254165
1254166
1254167
1254168
1254169
1254170
1254171
1254172
1254173
1254174
1254175
1254176
1254177
1254178
1254179
1254180
1254181
1254182
1254183
1254184
1254185
1254186
1254187
1254188
1254189
1254381
1254588
1254596
1254597
1254598
1254599
1254600
1254601
1254602
1254619
1254620
1254621
1254622
1254623
1254624
1254625
1254626
1254627
1254628
1254629
1254630
1254631
1254632
1254633
1254634
1254635
1254636
1254637
1254638
1254639
1254640
1254641
1254642
1254643
1254644
1254645
1254646
1254647
1254648
1254649
1254650
1256512
1256513
1256514
1256515
1256516
1256517
1256518
1256519
1256520
1256521
1256522
1256523
1256525
1256526
1256527
1256528
1256529
1256530
1256531
1256532
1256533
1256534
1256535
1256536
1256537
1256538
1256539
1256540
1256541
1256542
1256543
1256544
1256545
1256546
1256547
1256548
1256859
1256860
1256861
1256862
1256863
1256864
1256865
1256866
1256867
1256868
1256869
1256870
1256871
1256872
1256873
1256874
1256875
1256876
1256877
1256878
1256879
1256880
1256881
1256882
1256883
1256884
1256885
1256886
1256887
1256888
1256889
1256890
1256891
1256892
1256893
1256894
1256895
1256896
1256897
1256898
1256899
1256900
1256901
1256902
1256903
1256904
1256905
1256906
1256907
1256908
1256909
1256910
1256911
1256912
1256913
1256914
1256915
1256916
1256917
1256918
1256919
1256920
1256921
1256922
1256923
1256924
1256925
1256926
1256927
1256928
1256929
1256930
1256931
1256932
1256933
1256934
1256935
1256936
1256937
1256938
1256939
1256940
1256941
1256942
1256943
1256944
1256945
1256946
1256947
1256948
1256949
1256950
1256951
1256952
1256953
1256954
1256955
1256956
1256957
1256958
1256959
1256960
1256961
1256962
1256963
1256964
1256965
1256966
1256967
1256968
1256969
1256970
1256971
1256972
1256973
1256974
1256975
1256976
1256977
1256978
1256979
1256980
1256981
1256982
1256983
1256984
1256985
1256986
1256987
1256988
1256989
1256990
1256991
1256992
1256993
1256994
1256995
1256996
1256997
1256998
1256999
1257000
1257001
1257002
1257003
1257004
1257005
1257006
1257007
1257008
1257009
1257010
1257011
1257012
1257013
1257014
1257016
1257017
1257019
1257020
1257021
1257022
1257025
1257026
1257027
1257028
1257032
1257033
1257036
1257037
1257038
1257039
1257042
1257047
1257048
1257049
1257050
1257053
1257056
1257057
1257065
1257066
1257074
1257078
1257079
1257080
1257216
1257217
1257218
1257219
1257220
1257221
1257222
1257223
1257224
1257225
1257226
1257227
1257228
1257229
1257230
1257231
1257232
1257233
1257234
1257235
1257236
1257237
1257238
1257239
1257240
1257241
1257242
1257243
1257244
1257245
1257246
1257247
1257248
1257249
1257250
1257251
1257268
1257269
1257270
1257271
1257272
1257273
1257274
1257275
1257276
1257277
1257278
1257279
1257280
1257283
1257284
1257285
1257286
1257287
1257288
1257289
1257290
1257291
1257293
1257294
1257295
1257296
1257297
1257298
1257299
1257302
1257303
1257304
1257305
1257306
1257307
1257308
1257309
1257310
1257312
1257313
1257315
1257318
1257323
1257349
1257350
1257357
1257358
1257359
1257360
1257362
1257363
1257364
1257370
1257374
1257375
1257376
1257377
1257380
1257382
1257386
1257389
1257390
1257391
1257392
1257393
1258740
1258741
1258742
1261226
1261227
1261228
1261229
1261230
1261231
1261232
1261233
1261234
1261235
1261236
1261237
1261238
1261239
1261240
1261241
1261242
1261243
1261244
1261245
1261246
1261247
1261248
1261249
1261250
1261251
1261252
1261253
1261254
1261255
1261256
1261257
1261258
1261259
1261260
1261261
1261262
1261265
1261266
1261267
1261268
1261269
1261270
1261271
1261272
1261273
1261274
1261275
1261276
1261277
1261278
1261279
1261280
1261281
1261282
1261283
1261284
1261285
1261286
1261287
1261288
1261289
1261290
1261291
1261292
1261338
1261339
1261340
1261342
1261343
1261344
1261922
1261923
1261924
1261925
1261926
1261927
1261929
1261930
1261931
1261932
1261933
1261934
1261935
1261936
1261937
1261938
1261939
1261940
1261941
1261942
1261943
1261944
1261945
1261946
1261947
1261948
1261949
1261950
1261951
1261952
1261953
1261954
1261955
1261956
1261958
1261959
1261960
1261961
1261962
1261963
1261964
1261966
1261967
1261968
1261969
1261970
1261971
1261972
1261973
1261974
1261975
1261976
1261977
1261978
1261979
1261980
1261981
1263105
1263106
1263107
1263108
1263109
1263110
1263111
1263112
1263113
1263114
1263115
1263117
1263118
1263119
1263120
1263122
1263123
1263124
1263125
1263126
1263127
1263128
1263129
1263130
1263131
1263132
1263133
1263134
1263135
1263136
1263137
1263138
1263140
1263141
1263142
1263143
1263144
1263145
1263148
1263149
1263150
1263164
1263196
1263402
1263403
1263404
1263405
1263406
1263407
1263408
1263409
1263411
1263413
1263414
1263415
1263416
1263417
1263418
1263419
1263420
1263421
1263422
1263423
1263424
1263425
1263426
1263427
1263428
1263429
1263430
1263431
1263432
1263433
1263434
1263435
1263437
1263438
1263439
1263440
1263441
1263442
1263443
1263444
1263445
1263446
1263447
1263448
1263449
1263450
1263451
1263452
1263453
1263454
1263455
1263456
1263457
1263458
1263459
1263460
1263461
1263462
1263463
1263464
1263465
1263466
1263467
1263468
1263469
1263470
1263471
1263472
1263473
1263474
1263475
1263476
1263477
1263478
1263479
1264124
1264125
1264129
1264132
1264141
1264143
1264144
1264145
1264160
1264161
1264162
1264163
1264164
1264165
1264166
1264167
1264168
1264169
1264170
1264171
1264172
1264173
1264174
1264175
1264176
1264177
1264178
1264179
1264180
1264181
1264182
1264183
1264184
1264185
1264186
1264187
1264188
1264189
1264190
1264191
1264192
1264193
1264194
1264195
1264196
1264197
1264198
1264199
1264200
1264201
1264202
1264203
1264204
1264205
1264206
1264207
1264208
1264721
1264722
1266032
1266033
1266034
1266035
1266036
1266037
1266038
1266039
1266040
1266041
1266914
1266915
1266916
1266917
1266918
1266920
1266921
1266922
1266923
1266924
1268685
1268686
1268687
1268688
1268689
1268690
1268691
1268692
1268693
1268694
1268695
1268696
1268697
1268698
1268699
1268700
1268701
1268702
1268703
1268704
1268705
1268706
1268707
1268708
1268709
1268710
1268711
1268712
1268713
1268714
1268715
1268716
1268717
1268718
1268719
1268720
1268721
1268722
1268723
1268724
1268725
1268726
1268727
1268728
1268729
1268730
1268731
1268732
1268733
1268734
1268735
1268736
1268737
1268738
1268739
1268740
1268741
1268742
1268743
1268744
1268745
1268746
1268748
1268749
1269673
1269674
1269675
1269676
1269677
1269678
1269679
1269680
1269681
1269682
1269683
1269684
1269685
1269686
1269687
1269688
1269689
1269690
1269691
1269692
1269693
1269694
1269695
1269696
1269697
1269698
1269699
1270147
1270148
1270149
1270151
1270152
1270153
1270154
1270155
1270156
1270157
1270158
1270159
1270160
1270161
1270162
1270163
1270164
1270165
1270166
1270167
1270168
1270169
1270170
1270171
1270172
1270173
1270174
1270175
1270176
1270177
1270178
1270179
1270180
1271165
1271166
1271224
1271225
1271226
1271227
1271228
1271229
1271230
1271231
1271233
1271234
1271235
1271236
1271237
1271238
1271239
1271240
1271241
1271242
1271243
1271244
1271245
1271246
1271247
1271979
1271980
1271997
1271998
1271999
1272000
1272001
1272011
1272054
1272055
1272056
1272057
1272058
1272059
1272060
1272061
1272062
1272063
1272064
1272065
1272066
1272067
1272068
1272069
1272070
1272071
1272072
1272073
1272074
1272075
1272076
1272077
1272078
1272079
1272080
1272081
1272082
1272083
1272084
1272085
1272086
1272087
1272090
1272091
1272092
1272093
1272094
1272095
1272096
1272098
1272347
1272348
1272349
1272350
1272351
1272352
1272353
1272354
1272355
1272356
1272357
1272358
1272359
1272360
1272361
1272362
1272366
1272380
1272383
1272384
1272385
145430
145434
145516
145591
145597
145598
145599
146379
146383
147222
148337
148338
148340
148341
148655
148659
148660
148662
148663
148668
148670
148673
148674
160869
160874
160875
160876
160877
160878
160879
160880
160881
168393
168394
168532
178389
178390
178391
183628
183629
183630
183646
183647
183648
183649
183650
183652
183653
183654
183656
183659
183660
183661
183662
183663
183665
183673
184142
184143
184146
184147
184148
184149
184976
184977
184978
184980
184981
184986
184987
184988
184989
184994
184995
185124
185125
185126
185127
185128
185129
185130
185131
185132
185133
185134
185135
185136
185139
185140
185141
185142
185444
185445
185450
185451
185462
185463
187627
187633
187788
195124
195129
195130
196286
196287
196291
196293
196295
196310
196320
196321
196325
196326
196327
196334
196343
196344
196345
196346
196347
196359
198204
205447
205517
205697
206424
206425
206426
207119
207127
207130
207131
207132
207397
207399
207428
207429
207430
207431
207432
207438
207440
207442
208045
209296
209297
209498
209608
209810
209922
210185
210255
210259
210532
212029
212044
212058
212084
212435
212444
212714
212720
212726
212741
212766
212781
213088
213089
213090
213103
213112
213120
213127
213138
213157
213489
213515
213516
213535
213838
213839
213840
213841
213844
213848
213856
213858
213867
213887
213892
213893
213948
218352
218390
219605
223489
223525
223526
223559
223562
223621
223622
223641
223818
223853
223893
223925
223952
223953
223954
224014
224018
224021
224035
224037
224039
224045
224054
224056
224057
224059
224060
224190
224243
224245
224246
224250
224251
224264
224265
224269
224270
224273
224275
224277
224278
226957
231869
239336
242028
243444
243445
243446
260125
266642
268439
268441
268442
268944
268945
268946
268947
268949
269350
269351
269353
269733
269734
269735
270075
270076
270077
270081
270417
270419
270420
270423
270424
270425
270426
270764
270766
270767
270768
270771
270773
270775
270777
270778
270779
271028
271030
271031
271032
271034
271035
271036
271037
271038
271040
271041
271042
271043
271318
271319
271320
271321
271322
271325
271326
271327
271329
271331
271332
271333
271334
271335
271336
271672
271673
271674
271675
271676
271679
271680
271681
271682
271683
271684
271685
271686
271687
271688
271689
271691
271692
271693
272046
272056
272139
272144
272175
272306
272319
272321
272323
272371
272607
272608
272610
272631
272632
275375
275376
275377
275379
276122
276127
276146
276147
276153
276165
276168
276169
276475
276476
276479
276524
276544
276770
277399
277400
277401
277411
277913
278237
278239
278501
278584
279567
279620
279631
279633
279634
279635
284914
285774
286782
287112
287412
287413
287428
287709
287710
287711
287721
287740
288043
288044
288057
288058
288071
288072
288208
288783
290300
290301
290570
290571
290572
290573
290574
290577
290592
290593
290594
290595
290596
290597
290600
290617
290618
290619
290620
290642
290647
290652
290857
290858
290859
290861
290862
290879
290880
290881
290882
290883
290884
290893
290912
290913
290914
290926
296551
296554
296555
301647
301649
302394
302395
302396
302403
302404
302405
302406
302407
302408
302415
302416
302417
302418
302419
302420
302427
302428
302429
302801
302802
302818
302828
302829
302830
302831
302832
302833
303005
303006
303007
303010
311449
311451
311456
311457
311688
311689
311690
311691
311692
311974
312645
312646
312647
312652
312653
312669
312670
312674
314264
314268
314352
314363
314365
314366
314368
314369
314372
314373
315176
315607
317554
317555
317558
317561
317563
317564
317565
317864
317865
317870
317874
317878
317879
317893
317922
317925
317944
317947
317951
317958
317959
317961
317962
318408
318409
318410
318425
318426
318758
318983
318984
318988
319012
319013
319014
319017
319018
319019
319022
319023
319042
319055
319066
319067
319118
319384
319385
319420
319421
319424
319425
319429
319434
319435
319436
319444
319445
319468
319470
319474
319492
319499
319745
319746
319748
319750
319761
319764
319767
319796
319807
319808
319823
319824
319832
319834
319839
319844
319845
319848
320253
320258
320259
320260
320261
320315
320327
326530
326531
326817
326818
326819
326820
326837
326839
327341
327439
327579
327580
327581
327598
327599
327616
327617
327618
327619
328015
328016
328017
328691
328692
328693
328708
330745
330746
330763
330764
330768
330769
330770
330771
330774
330801
330802
330808
330815
330816
330868
330869
330874
330880
330881
330884
330887
330889
331786
331787
331789
332230
332231
332235
332236
332703
332704
332705
332707
332708
332709
332711
332712
332713
332715
332716
332717
332862
332872
332877
334184
334201
334202
334203
334207
334208
334210
334214
334221
334222
334224
334225
334226
334228
334232
334233
334234
334237
334238
334296
334331
334333
334334
334363
334364
334365
334366
334367
334368
334369
335146
335147
335155
335156
335157
335159
335178
335180
335218
335493
335494
335495
335496
335497
335498
335499
335501
335591
337925
338416
338862
338863
338864
338869
338870
338871
338872
339880
339885
339886
339887
339892
339896
339899
339902
339903
339908
339910
339927
339930
339961
339962
339964
340622
340628
340629
340631
340667
340845
340881
340883
341454
341455
341457
341469
341472
341482
341486
341490
341506
341507
341510
343121
343124
343125
343250
343253
343420
343429
343430
343482
343483
343485
343513
343545
343554
344167
344187
345346
346744
346778
347087
347088
347089
347090
347091
347092
347093
347094
347095
347108
347112
347113
347114
347115
347116
347117
347118
347121
347122
347123
347124
347125
347126
347127
347128
347129
347130
347131
347132
347133
347134
347135
347136
347137
347138
347139
347140
347143
347144
347145
347146
347147
347148
347149
347150
347152
347153
347154
347155
347156
347157
347385
347386
347387
347388
347389
347425
347426
347427
347428
347450
347490
347491
347492
347493
347494
347495
347496
347497
347498
347499
347500
347501
347502
347503
347504
347505
347506
347507
347508
347509
347510
347511
347512
347513
347514
347515
347516
347517
347518
347519
347520
347521
347522
347523
347524
347525
347526
347527
347683
347686
347687
347700
347710
347711
347712
347713
347714
347715
347716
347718
347719
347721
347722
347723
347728
347729
347730
347731
347735
347736
347742
347801
347941
347945
347946
347947
347968
347974
347975
347976
347977
347995
347996
347997
347998
347999
348000
348001
348002
348003
348006
348007
348008
348009
348010
348011
348012
348013
348014
348015
348017
348019
348020
348021
348022
348023
348025
348027
348028
348029
348031
348033
348034
348044
348045
348046
348048
348053
348054
348055
348056
348057
348058
348059
348061
348062
348063
348073
348074
348075
348076
348077
348078
348080
348084
348089
348090
348091
348092
348093
348338
348745
348755
348756
348757
348759
348760
348761
348762
348763
348764
348766
348768
348769
348782
349256
349264
349270
349271
349272
349679
349680
349681
349682
349684
349688
349689
349690
349691
349692
349696
349704
349705
349706
349707
349709
349710
349714
349715
349716
349717
349719
349720
349721
349723
349729
349730
349731
349732
349734
349735
349736
349737
349739
349740
349741
349742
349743
350097
350469
350503
350837
352033
352038
352043
352047
352287
352297
352303
352305
352309
352311
352315
352321
352323
352333
355200
359325
359336
359345
361992
363423
363424
363425
363426
363427
363431
363432
363433
363494
366925
370919
370920
380291
380293
380294
380296
380297
380298
380299
380301
380302
380303
380304
380306
380308
380309
380310
380311
380327
380328
380329
380330
380331
380332
380334
380335
380336
380337
380339
380340
380341
380342
380344
380345
380346
380347
380348
380349
380351
380354
380355
380370
380372
380373
380375
380377
380378
380380
380382
380383
380392
380394
380403
380404
380408
380409
380411
380412
380413
380414
380416
380417
380418
380588
380589
380590
380591
380593
380595
380596
380598
380599
380600
380601
380621
380623
380624
380625
380628
380629
380630
380632
380633
380634
380635
380667
380668
380672
380673
380675
380676
380677
380678
380680
380681
380682
380695
380696
380697
380698
380699
380701
380702
380703
380704
380706
380707
380708
380709
380711
380712
380713
380714
380715
380716
380876
380878
380879
380881
380882
380883
380884
380886
380887
380888
380889
380891
380892
380893
380932
380939
380940
380941
380943
380945
380946
380950
380998
380999
381001
381003
381004
381006
381007
381008
381012
381015
381017
384635
384636
384641
384642
385379
385381
385384
385385
385386
385387
385388
385389
385390
385391
385392
385393
385435
385436
385437
385438
385439
385530
385531
385532
385533
385618
385619
385620
385621
385622
385623
385624
385625
385661
385663
385703
388886
388888
388889
388891
388892
388893
388894
388896
388897
388898
388899
388901
388902
388903
388916
388917
388918
388919
388920
388922
388927
388928
388929
388930
388952
388953
388954
388955
388956
388958
388959
388960
388961
388963
388964
388965
388966
388968
388969
388970
388971
388972
388973
389131
389132
389133
389135
389136
389137
389138
389140
389141
389142
389143
389145
389146
389147
389148
389150
389152
389156
389166
389169
389170
389171
389172
389173
389175
389176
389178
389180
389181
389182
389183
389207
389208
389209
389210
389212
389213
389214
389215
389217
389218
389219
389220
389222
389223
389224
389238
389239
389240
389241
389243
389244
389245
389246
389248
389249
389250
389251
389253
389254
389255
389913
391813
391820
394029
396737
396738
396746
405592
405597
418176
418178
418179
418188
418189
418191
418192
418198
418207
418251
418270
418293
418295
418297
419835
421620
421622
421630
421633
422169
422171
422249
422279
422507
422862
422908
422910
423429
423436
423437
423438
423439
426959
426960
426961
428322
437900
437902
437904
438353
438354
438355
438365
438370
438375
442903
444074
444076
444083
444578
444579
444581
444583
444584
444585
444590
444591
444600
444601
444604
444608
444613
447665
447667
447668
447669
449433
449434
449435
449436
449437
449450
449451
449452
449453
449454
449455
450084
450085
450086
450087
450100
450415
450429
450438
450443
450446
450466
450518
450519
450548
450555
450556
450557
450558
452247
452308
452309
452310
452311
452316
452317
452318
452319
452320
452321
452322
452327
452329
452330
452335
452336
452337
452338
452343
452344
452345
452346
452371
453345
453346
453347
453348
453369
453370
453371
453372
454225
454916
454917
454922
456033
456034
456035
456042
456043
456044
456045
456120
456121
456125
456138
456139
456140
456141
456142
456143
456178
456185
456186
456187
456193
456194
456206
456213
456220
456222
456223
456227
456229
456327
456328
456329
456331
456333
456341
456342
456348
456349
456350
456351
456352
456355
457808
457809
457826
457827
458372
459108
459112
459113
459115
459120
459121
459703
459704
459705
459707
459710
461281
461303
461333
465170
465173
465174
465566
465572
465575
465576
465579
465580
465581
465582
465585
466259
466709
466710
469073
469074
469075
469076
469077
475905
475906
475908
475909
475911
475912
475913
475917
475918
475919
475924
475927
475929
475930
475931
475933
475934
475937
475941
475942
475943
475950
475952
475953
475955
475959
475961
475986
476340
476341
476342
476343
476344
476345
476346
476347
476348
476349
476350
476351
476352
476353
476968
479253
479808
480232
482862
482863
482864
482865
482866
482867
482868
482869
482870
482871
482872
482873
482876
482881
482883
482910
482917
482918
482920
482921
482922
482923
483134
483655
483656
483657
483658
483661
483662
483673
483674
483675
483676
483677
483678
483679
483680
483681
483682
483683
483684
483685
483686
483687
483688
483692
483699
483700
483701
483702
483715
483716
483717
483718
483720
483721
483722
483723
483724
483725
483726
483727
483728
483729
483730
483733
483734
483735
483736
483737
483738
483739
483740
483741
483742
483743
483744
483745
483746
483747
483748
483749
483784
483785
483787
483788
483794
488153
488155
488156
488157
488158
488167
488169
488171
488172
488173
488177
488180
488182
488183
488184
488189
488191
488192
488193
488225
488237
489447
491514
491560
491595
491596
491597
491599
491600
491627
491628
491629
491632
491640
491643
491644
491646
491647
491648
491649
491650
496310
496357
497070
497071
497072
497073
497074
497075
497076
497077
497078
497079
497080
497081
497082
497083
497084
497085
497086
497087
497088
497158
497159
497162
497163
497172
497194
497195
497206
499749
499750
499751
499752
499753
499755
499756
499757
499758
499760
499761
499762
499763
499768
499769
499770
499795
499796
499797
499798
499799
499801
499802
499803
499804
499806
499807
499808
499809
499834
499835
499836
499837
499838
499839
499840
499841
499842
500002
500003
500004
500005
500007
500008
500009
500010
500012
500013
500014
500015
500020
500021
500022
500023
500024
500025
500032
500033
500034
500035
500036
500043
500044
500045
500046
500051
500052
500053
500054
500055
500056
500057
500058
500061
500078
500079
500081
500083
500086
500091
500092
500093
500094
500097
500098
500100
500102
500103
500105
500121
500123
500124
500125
500126
500127
500128
500129
500130
500131
500134
500140
504550
506014
506022
506429
506430
506431
506432
506434
506660
506661
506662
506663
506664
506665
506669
506670
506671
506733
506734
506738
506739
506747
507165
507166
507167
507168
507169
507170
507171
507188
507189
507190
507400
507538
507539
507546
507547
507548
507550
507552
507804
507809
507816
507821
507822
507826
507846
507851
507853
507856
507857
507868
507877
507878
507880
507881
507886
507887
508135
508155
508156
508157
508158
508159
508161
508162
508163
508164
508166
508167
508168
508169
508171
508172
508173
508174
508175
508176
508188
508872
508876
509062
509064
509371
509372
512675
512676
512677
512680
512681
512946
512947
513072
513074
513076
513077
513078
513079
513080
513081
513082
515117
516037
516132
516134
516138
516139
516142
516146
516147
516148
516149
516152
516187
516190
516472
516482
516503
516857
516925
516926
516954
517150
517151
517152
517186
517187
517189
517191
517192
517196
517211
517223
517224
517241
517242
517249
517251
517262
517285
517286
517310
517483
517484
517489
517494
517502
517503
517504
517571
517588
517594
517605
517627
517628
517646
517663
517664
517861
517898
517937
517956
517957
517958
517959
517991
517992
517993
518141
518158
518159
518160
518165
518168
518169
518170
518197
518198
518199
518202
518203
518215
518452
518454
518464
518476
518477
518480
518481
518492
518493
518496
518497
518523
518524
518525
518528
518529
518532
518533
518536
518537
518547
518548
518549
518552
518553
518559
518560
518561
518564
518565
518567
518568
518569
518571
518572
518573
518583
518816
518817
518820
518821
518823
518824
518825
518827
518828
518829
518831
518832
518833
518835
518836
518837
518839
518840
518841
518843
518844
518845
518851
518871
518883
518887
518888
518889
518892
518893
518911
518943
518951
518955
518959
518971
518984
518985
518988
518989
518992
518993
520113
520115
520465
520882
522516
522517
524043
525995
545384
545386
545387
545388
545389
545391
545393
545394
545396
545405
545408
545409
545414
545417
545418
545419
545420
545421
545422
545424
545425
545426
545427
545428
545429
545929
545930
545963
545983
545984
545985
545986
545987
545988
546864
546865
546866
546867
546870
546871
546872
546873
546874
546875
547384
547385
547386
547387
547392
547393
547394
547395
548390
548392
548393
548394
548396
548401
548404
548406
548411
548412
548593
549435
549436
549526
549832
549860
549883
549935
549956
549957
549960
550001
550023
550029
550315
550371
551362
551363
551364
551365
551371
551372
551654
551727
551740
553829
553830
553831
553867
553868
553869
553870
553871
553872
553873
553874
553883
554035
554036
554037
554043
554044
554051
554189
554194
554195
554196
554198
554202
554203
554205
554207
554208
554210
554216
554218
554219
554220
554221
554222
554223
554225
554228
554231
554232
554282
554293
554294
554302
554306
554319
557921
557922
557923
557927
557928
557929
557930
558133
558514
558534
558539
558558
559102
559104
559117
560162
560322
560323
560324
560325
560847
561114
561115
561116
561117
561302
561303
561304
561305
561306
561799
561829
562061
562809
562811
562812
562820
562821
562822
562823
562825
562829
562830
562831
562832
562834
562835
562839
562840
562841
562842
562843
562844
562845
562846
562847
562849
563082
563125
563126
563127
563128
563159
563168
563169
563175
563176
563177
563178
563179
563181
563182
563183
563185
563186
563187
563188
563189
563190
563191
563192
563193
563194
563195
563209
563210
563214
563215
563216
563217
563218
563223
563224
563225
563226
563227
563228
563229
563230
563231
563233
563235
563236
563237
563238
563240
563241
563250
563251
563252
563253
563254
563255
563256
563257
563258
563259
563260
563261
563262
563263
563264
563267
563280
563281
563282
563283
563284
563285
563286
563287
563288
563292
563293
563294
563295
563498
563499
563500
563501
563502
563512
563513
563514
563515
563516
563525
563526
563531
563532
563534
563535
563542
563543
563544
563552
563553
563554
563555
563556
563557
563558
563571
563572
563573
563574
563575
563589
563590
563591
563593
563594
563604
563609
563610
563611
563612
563613
563614
563615
563616
563617
563618
563619
563620
563621
563622
563623
563624
563625
563626
563630
563637
563638
563653
563654
563655
563656
563657
563659
563660
563661
563662
563664
563851
563854
563855
563856
563900
563901
563907
563908
563909
563910
564459
564461
564469
564470
564471
564473
564474
564475
564476
564477
564480
564481
568685
569084
569105
569106
573333
573485
578324
582861
582862
583117
583119
583121
583124
583136
584897
587694
587736
587737
587738
587739
587741
587742
587743
587744
587746
587747
587748
587749
587751
587752
587753
587754
587755
587756
587807
587808
587813
587814
588021
588029
588032
588034
588040
588041
588042
588056
588065
588430
588431
592800
592802
592803
592804
592805
592806
592807
592808
592809
592813
592814
592815
592837
596182
603466
603688
604157
604506
606586
606589
606591
606593
606846
606848
606850
606872
606887
606889
607171
607173
607586
607832
607836
610938
611374
613052
613053
613054
613055
613056
613057
613058
613059
613060
613061
613062
613063
613064
613065
613066
615455
615457
616788
617309
618905
618910
618920
618949
618955
618960
619562
619567
619575
619589
619594
619599
619604
619605
619630
619635
619909
619917
619918
619922
619943
619955
619981
619988
619992
619995
620000
620004
620008
620012
620016
620022
620026
620030
620311
620312
623330
623331
623332
623364
623383
623439
623474
623475
623476
623477
623718
623741
623794
623824
623825
623869
623876
623877
623913
623914
623924
624111
624114
624171
624195
624229
624247
624248
624250
624251
624252
624271
624287
624289
627581
627586
628054
628055
628075
628381
628687
639293
639329
639893
639916
642918
643500
646685
646687
646688
648497
648499
648500
648501
648504
648505
649555
649562
649563
649899
649900
649901
649902
649903
649931
649932
653384
653402
653410
653834
653836
654508
654522
654523
654563
654567
654574
654604
654620
654624
654629
654630
655042
655152
655196
655381
656828
656854
657222
657562
658054
658072
658521
659591
659595
659596
659599
659600
659601
659602
659603
659614
659615
659616
659618
659622
659623
659627
659628
659630
659675
659676
659677
659681
659682
659683
659684
659685
659686
659688
659689
659692
659693
659694
659696
659697
659698
659958
659959
659960
659961
659965
659966
659983
659985
659986
659987
659995
660001
660011
660012
660014
660033
660058
660070
660071
660073
660077
660079
660093
660204
660215
660442
660443
660444
660445
660446
660447
660448
660449
660451
660456
660457
660459
660460
660466
660467
660469
660470
660471
660472
660473
660474
660475
660476
660492
660493
660494
660495
660500
660501
660505
660506
660507
660508
660509
660516
660517
660518
660519
660520
660522
660523
660524
660525
660526
660527
660528
660529
660532
660533
660537
660539
660546
660547
660549
660550
660554
660555
660560
660561
660562
660563
660564
660565
660566
660567
660570
660571
660572
660573
660574
660575
660576
660577
660594
660595
660596
660597
660598
660599
660600
660601
660861
660862
660896
660897
660902
660904
660905
660906
660910
660911
660912
660913
660932
660933
660937
660938
660939
660941
660942
660943
660947
660948
660949
660950
660951
660952
660953
660954
660955
660956
660957
660958
660959
660960
660961
660962
660963
660964
660965
660966
660967
660968
660969
660970
660971
660972
660973
660974
660975
660976
660977
660978
660979
660980
660981
660982
660983
660985
660986
660987
660988
660989
660996
660997
660999
661000
661002
661003
661005
661006
661008
661009
661011
661023
661024
661025
661026
661027
661028
661029
661030
661031
661032
661033
661034
661035
661036
661037
661038
661050
661051
661052
661053
661054
661055
661056
661057
661058
661236
661267
661294
661296
661300
661312
661319
661320
661323
661340
661345
661346
661347
661358
661554
661594
661595
661615
661616
661617
661628
661634
661637
661638
661639
661640
661641
661642
661646
661683
661903
661904
661920
661921
661934
661937
661938
661940
661966
661969
661970
661971
661972
661973
661974
661979
661980
661981
661982
661983
661988
661989
661992
661993
661994
661998
661999
662001
662009
662016
662018
662019
662022
662023
662024
662025
662026
662038
662039
662040
662041
662042
662043
662239
662261
662262
662263
662264
662265
662266
662270
662271
662274
662304
662305
662306
662307
662310
662313
662323
662336
662339
662366
662367
662368
662369
662370
662371
662372
662373
662374
662376
662377
662378
662379
662380
662385
662400
662401
662402
662403
662406
662407
662408
662409
662414
662415
662424
662426
662427
662431
662432
662586
662587
662634
662678
662684
662697
662711
662714
662718
662854
662861
662862
662863
662864
662867
662889
662892
662893
662897
662898
662900
662902
663271
663272
663273
663276
663278
663279
663280
663281
663282
663283
663284
663288
663296
663297
663305
663306
663307
663308
663309
663310
663311
663320
663321
663322
663323
663324
663325
663326
663327
663342
663343
663344
663345
663348
663349
663352
663353
663354
663358
663359
663361
663363
663379
663638
663640
663641
663649
663652
663654
663655
663658
663661
663662
663663
663664
663666
663667
663668
663669
663670
663671
663672
663674
663679
663680
663681
663682
663684
663692
663694
663699
663700
663701
663703
663704
663705
663706
663707
663708
663709
663710
663711
663712
663713
663715
663716
663718
663720
663723
663724
663725
663726
663728
663729
663730
663731
663732
663733
663734
663735
663749
663754
663756
663757
663972
663973
663975
664062
664068
664070
664086
664087
664136
664203
664347
664587
664629
664630
664632
664633
664634
665148
665152
665158
665424
665598
665669
665900
665906
665908
665989
665990
665991
665992
665993
666272
666273
666274
666363
668465
668466
668467
668475
668476
668482
668483
668484
668485
668489
668490
668492
668495
668496
668498
668499
668509
668510
668511
668513
668515
668516
668518
668519
668520
668558
668559
668561
668562
668563
668564
668567
668569
668571
668572
668573
668574
668597
668976
668977
668978
668979
668980
668981
668982
668983
668984
668986
668987
668988
668992
669006
669008
669011
669015
669018
669024
669025
669026
669030
669034
669035
669103
669104
669105
669113
669114
669443
669444
669446
669447
669449
669450
669451
669452
669912
669913
669914
669916
669917
669938
669944
669945
669946
669948
669949
669950
669951
669952
669953
669954
669955
669956
670266
670267
670268
670298
670299
670312
670315
670316
670317
670318
670319
670320
670321
670322
670323
670324
670325
670341
670360
670361
670363
670364
670365
670366
670367
670368
670369
670370
670371
672983
672985
672994
672995
673021
673037
673616
673622
673624
673627
673628
673629
673633
674306
677728
677733
677734
677735
677737
677747
677748
677749
677754
677756
677778
677781
677979
677980
677981
677982
677984
677985
677986
677987
677988
677989
677990
677995
677999
678000
678001
678002
678003
678004
678005
678006
678007
678008
678009
678010
678011
678015
678016
678017
678018
678019
678021
678026
678028
678033
678035
678044
678045
678046
678048
678049
678050
678051
678052
678053
678054
678055
678056
678057
678065
678066
678067
678068
678074
678075
678076
678077
678078
678079
678080
678081
678082
678083
678084
678085
678106
678109
678110
678114
678115
678116
678121
678265
678266
678267
678271
678272
678273
678274
678276
678277
678299
678313
678314
678315
678316
678317
678324
678325
678326
678327
678328
678329
678330
678331
678332
678333
678361
678362
678363
678364
678365
678366
678367
678368
678369
678370
678371
678372
678373
678374
678375
678376
678378
678381
678382
678383
678384
678386
678389
678390
678397
678410
678412
678413
678414
678415
678416
678417
678418
678419
678420
678423
678426
678428
678429
678430
678431
678432
678433
678434
678435
678436
678437
678438
678439
678440
678441
678444
678447
678448
678449
678450
678451
678452
678453
678509
679535
679536
679542
679555
679556
679558
679583
679584
679611
679623
679635
680085
680086
680092
680093
680094
680095
680097
680099
680100
680103
680112
680113
680116
680117
680118
680119
680120
680121
680123
680125
680126
680129
680130
680131
680132
680133
680134
680135
680136
680137
680138
680139
680142
680143
680144
680145
680147
680148
680149
680151
680152
680153
680154
680162
680163
680171
680173
680174
680177
680178
680179
680180
680181
680182
680183
680184
680185
680186
680196
680197
680198
680199
680200
680208
680209
680210
680215
680587
680588
680589
680590
680591
680592
680593
680594
680595
680596
680597
680598
680911
680912
680921
680922
680925
681302
681303
681304
681305
681306
681307
681308
681309
681310
681311
681312
682345
682691
683602
683603
683604
683605
683606
683607
683608
683609
683610
683611
683612
683613
684579
685041
685042
685043
685044
685045
685046
685073
686229
686231
686232
686620
686621
686622
686623
689984
689987
690155
690156
690157
690159
690161
690162
690163
690164
690165
690168
690175
690176
690188
690191
690192
690193
690194
690195
690196
690197
690206
690207
690210
690211
690213
690218
690219
690252
690434
690435
690436
690437
690438
690441
690442
690443
690444
690452
690454
690455
690456
690457
690459
690460
690463
690464
690470
690471
690472
690475
690476
690477
690478
690479
690480
690481
690482
690487
690490
690495
690496
690497
690498
690499
690501
690502
690504
690505
690506
690507
690508
690509
690510
690511
690512
690540
690541
690543
690544
690545
690546
690547
690548
690549
690561
692308
692442
693612
693613
693614
693615
693616
693617
693847
693848
693849
693850
694529
694530
694531
694532
694533
694534
694886
694887
694888
694891
694892
694894
694895
694896
694897
694910
694911
694914
694917
694918
694922
694927
694928
694929
694936
694937
694938
694939
694941
694942
694943
694944
694945
694946
694949
694950
694951
694952
694953
694954
694955
694956
694957
694958
694959
694960
694961
694962
694963
694966
694967
694968
694969
694970
694971
694972
694973
694986
694987
694988
694989
695067
695265
695266
695267
695280
695281
695282
695287
695288
695292
695294
695300
695306
695307
695308
695309
695310
695311
695312
695316
695318
695319
695320
695321
695322
695323
695324
695331
695332
695333
695336
695337
695338
695339
695340
695341
695602
695603
695604
695605
695606
695608
695609
695612
695614
695615
695617
695684
695685
695686
695687
695688
695689
695690
695691
695692
695693
695694
695695
695696
695697
695698
695702
695703
695715
695743
696503
696504
696505
696506
696507
696508
698398
698399
698400
698401
700393
706522
706853
707923
707924
707925
707926
707927
707928
707946
707947
707958
707959
707960
707961
707962
707963
707972
707973
707974
707975
707976
707977
707986
707987
707988
707989
707990
707991
708273
708277
708278
708591
708592
708593
708594
708595
708596
709318
712570
712571
712572
712573
712596
712597
713638
713988
716964
716965
716968
716969
716982
716983
716994
716995
717000
717001
717046
717047
717102
717103
717446
717447
717450
717451
717464
717465
717476
717477
717482
717483
717528
717529
717562
717563
717568
717569
717606
717607
717647
717648
721712
721715
721729
721730
721731
721732
721733
721734
721735
721736
721737
721738
721739
721740
721741
721742
721743
721744
721747
721748
721749
721750
721751
721752
721756
721757
721758
721759
721760
721761
721762
721763
721764
721765
721766
721767
721768
721770
721771
721772
721773
721774
721775
721776
721777
721778
721779
721780
721781
721782
721783
721784
721785
721786
721787
721788
721789
721790
721791
721792
721795
721796
721797
721798
721803
721804
721805
721806
721807
721808
721810
721811
721812
721813
721814
721815
721816
721817
721818
721819
721820
721821
721822
722131
722143
722144
722145
722146
722147
722148
722149
722150
722151
722152
722153
722154
722155
722156
722157
722158
722159
722160
722163
722164
722165
722166
722167
722168
722173
722177
722178
722179
722221
722227
722228
722229
722233
722235
723354
725420
725423
725424
725425
725426
725441
725442
725443
725444
725477
725478
725479
725480
725509
725510
725531
725532
725545
725546
725844
725845
725854
725855
725888
725889
726047
726050
726052
726053
726068
726069
726070
726071
726100
726102
726103
726106
726107
726154
726155
726156
726157
726192
726193
726196
726197
726336
726337
726535
726536
726805
727050
727051
727215
727216
727359
727360
727361
727362
727364
727365
727366
727367
727368
727369
727582
728255
728269
729288
729289
729290
729291
729292
729293
729294
729296
729301
729302
729303
729304
729307
729308
729309
729310
729311
729312
729313
729314
729316
729317
729318
729319
729320
729321
729324
729325
729326
729328
729329
729330
729333
729335
729337
729339
729341
729342
729354
729355
729358
729359
729362
729363
729364
729366
729630
729631
729632
729634
729636
729637
729638
729639
729644
729645
729647
729650
729651
729652
729653
729654
729655
729656
729657
729660
729661
729662
729663
729664
729665
729666
729667
729668
729669
729670
729671
729672
729673
729677
729679
729681
729682
729690
729692
729693
729696
729697
729698
729699
729701
729702
729703
729705
729706
729707
729708
729709
729710
729711
729712
729713
729714
729715
729716
729717
729718
729719
733329
733336
733337
733340
733341
733343
733344
733346
733347
733348
735963
735964
739386
740643
741168
741169
741739
741743
741744
741829
742242
742272
742292
742296
742297
742317
742336
742341
742361
742743
742744
742789
742824
742843
742844
744885
744886
744896
744897
744906
744910
745357
745358
745491
745493
745494
745509
745510
745511
745512
746162
746163
746165
746176
746177
746810
746817
746818
746820
746822
746823
746824
746826
746827
746828
747461
747462
747463
747464
747474
747475
747479
747483
747484
747485
747493
747495
747497
747901
747902
747903
747904
747919
747920
747929
747930
747941
747944
748005
748015
748016
748028
748040
748041
748042
748043
748044
748045
748060
748063
748064
748083
748874
748890
748891
748904
748905
748914
748915
748945
748966
748967
748977
748988
748989
749038
749066
749077
749086
749099
749100
749101
749103
749110
749122
749123
749144
749155
749175
749184
749198
749207
749215
749227
749236
749248
749259
749261
749275
749291
749298
749299
749300
749307
749308
749325
749326
749349
749357
749358
750009
750011
750025
750545
750593
750614
750617
751002
751004
751203
751204
752007
752540
752541
752549
752551
752552
752762
752763
752765
752766
752827
752846
752847
752848
752849
752850
753027
753040
753099
754079
754080
754081
754093
754094
754097
754098
754099
754102
754103
754105
754106
754107
754108
754109
754110
754112
754113
754114
754115
754116
754120
754124
754125
754126
754127
754128
754129
754131
754681
754688
754941
754944
754947
755444
755480
755750
755752
756414
756989
756990
757003
757005
757068
757073
757074
757075
757851
758269
758314
758329
758335
758336
758337
758338
758339
758340
758341
758343
758344
758345
758347
758348
758349
758350
758351
758352
758353
758354
758355
758356
758357
758358
758359
758360
758361
758362
758363
758364
758365
758366
758367
758368
758369
758370
758371
758372
758373
758374
758375
758376
758377
758378
758382
758789
758791
758793
758794
758795
758796
758797
758798
758799
758800
758801
758802
758803
758804
758805
758806
758807
758851
758852
758853
758855
758856
758858
758897
758898
758900
758902
758903
758904
758908
758909
758913
758917
758939
758940
758941
758944
758946
759178
759179
759183
759184
759200
759201
759205
759206
759212
759213
759215
759216
759626
759728
759730
760962
760965
761703
761712
761713
761723
761734
761743
761812
761821
761833
762037
762038
762115
762124
762179
762204
762207
762223
762491
762493
762494
762499
762501
762502
762503
762504
762508
762509
762510
762511
762512
762513
762514
762542
762557
762899
762901
762902
762904
762905
762906
762907
762909
762910
762915
762918
762919
762926
762939
762941
762942
762943
762944
762946
762947
762950
762959
762960
762961
762962
762963
762964
762965
762966
762967
762968
762969
762970
762971
762973
762978
762990
763001
763002
763225
763284
763286
763288
763289
763290
763292
763293
763294
763308
763310
763311
763312
763313
763314
763315
763316
763317
763318
763319
763320
763321
763322
763323
763324
763325
763340
763354
763355
763356
763357
763358
763359
763368
763370
763372
763373
763383
763384
763385
763386
763387
763388
763389
763390
763391
763408
763433
763674
763675
763676
763678
763681
763682
763683
763684
763685
763686
763687
763688
763692
763693
763695
763696
763701
763702
763704
763707
763711
763712
763713
763717
763718
763719
763720
763721
763722
763723
763724
763725
763726
763727
763728
763735
763736
763739
763740
763741
763742
763748
763749
763750
763752
763753
763756
763757
763758
763759
763777
763778
763779
763785
763801
763802
763803
763804
763805
763806
763807
763808
763809
763810
763811
763812
763813
763814
763815
763816
763818
763826
763827
763836
763837
763838
764105
764106
764107
764108
764109
764110
764111
764112
764115
764116
764117
764118
764119
764120
764121
764122
764123
764124
764125
764134
764135
764136
764137
764138
764139
764142
764143
764144
764145
764148
764149
764150
764151
764160
764169
764170
764171
764172
764173
764174
764177
764194
764195
764196
764197
764198
764199
764200
764201
764202
764203
764204
764205
764206
764207
764208
764212
764213
764214
764234
764235
764237
764238
764239
764240
764241
764242
764243
764244
764245
764248
764250
764280
764281
764282
764283
764284
764285
764286
764287
764288
764289
764290
764291
764292
764293
764294
764295
764296
764297
764298
764299
764300
764301
764302
764303
764304
764305
764306
764307
764308
764309
764310
764311
764312
764313
764314
764315
764316
764317
764321
764322
764323
764325
764326
764327
764328
764329
764330
764331
764332
764333
764334
764335
764337
764614
764615
764616
764617
764618
764619
764620
764621
764624
764625
764628
764629
764632
764633
764634
764635
764638
764639
764640
764641
764642
764643
764644
764645
764654
764655
764665
764666
764667
764668
764669
764671
764672
764673
764674
764675
764676
764679
764680
764681
764682
764683
764684
764685
764686
764687
764688
764689
764690
764691
764692
764693
764694
764695
764699
764700
764701
764702
764703
764704
764705
764706
764713
764725
764731
764732
764733
764741
764742
764743
764744
764745
764746
764747
764748
764749
764751
764752
764753
764754
764755
764756
764757
764758
764759
764760
764761
764762
764763
764772
764775
764776
764777
764778
764779
764780
764781
764782
764783
764784
764785
764786
764794
764795
764798
764799
764805
764806
764807
764808
764809
764810
764811
764812
764813
764814
764815
764994
764997
765325
765326
765327
765328
765329
765330
766547
766548
766549
766565
766569
766570
766571
766574
766576
766578
766580
766582
766583
766584
766585
766587
766588
766589
766593
766594
766595
766596
766597
766598
766601
766602
766603
766604
766606
766607
766608
766609
766610
766981
766991
766992
766995
767012
767023
767032
767033
767034
767035
767036
767037
767038
767039
767040
767041
767042
767058
767060
767061
767062
767102
767103
767118
767123
767127
767157
767339
767356
767357
767358
767359
767360
767361
767362
767363
767371
767549
767551
767552
767561
767566
767567
767568
767573
767574
767578
767586
767587
767588
767592
767593
767595
767600
767618
767621
767622
767623
767627
767628
767841
767855
767857
767859
767860
767863
767865
767866
767867
767868
767869
767870
767871
767872
767873
767874
767875
767876
767881
767888
767889
767890
767891
767892
767894
767895
767896
767897
767898
767899
767900
767901
767902
767903
767904
767905
767907
767908
767909
767912
767914
767917
767918
767919
767920
767922
767923
767924
767926
767927
767928
767929
767930
767931
767932
767933
767934
767935
767936
767937
767938
767942
767946
767947
767957
767958
767959
767963
767964
767965
767966
767967
767968
767969
767970
767971
767972
767973
767974
767975
767976
767977
767978
767979
767980
767981
767982
767983
767984
767990
767991
767997
767998
768000
768001
768010
768011
768013
768014
768015
768016
768293
768294
768295
768299
768323
768324
768325
768326
768327
768328
768331
768332
768333
768341
768342
768343
768344
768345
768346
768347
768348
768349
768350
768351
768352
768353
768354
768355
768356
768358
768359
768360
768361
768362
768365
768373
768374
768375
768402
768403
768404
768405
768406
768407
768408
768409
768410
768411
768412
768413
768414
768415
768416
768422
768423
768424
768425
768426
768427
768428
768429
768430
768431
768432
768433
768444
768445
768446
768447
768448
768449
768456
768457
768458
768459
768460
768461
768464
768465
768680
768681
768682
768685
768686
768692
768693
768694
768695
768696
768697
768698
768699
768700
768719
768722
768723
768727
768730
768731
768732
768733
768734
768735
768736
768737
768738
768739
768740
768741
768742
768743
768744
768745
768746
768747
768748
768749
768750
768751
768752
768753
768754
768755
768756
768790
768795
768800
768801
768803
768804
768805
768806
768807
768808
768809
768810
768811
768812
768820
768829
768830
768831
768832
768835
768836
768837
768838
768839
768840
768841
768842
768843
768844
768845
768846
768847
768853
768854
768855
768856
768857
768858
768864
768964
769074
769516
769517
769518
769519
769520
769521
769523
769524
769525
769527
769528
769529
769530
769531
769533
769534
769535
769536
769537
769538
769539
769540
769541
769542
769543
769544
769545
769546
769547
769548
769549
769550
769551
769552
769553
769554
769555
769556
769578
769581
769582
769583
769584
769585
769586
769588
769589
769590
769591
769592
769593
769594
769595
769596
769628
769629
769632
769633
769669
769670
769671
769672
769673
769674
769675
769676
769677
769678
769679
769680
769681
769682
769683
769684
769685
769686
769687
769688
769691
769692
769697
769698
769699
769700
769701
769702
769731
769734
769735
769736
769737
769738
769739
769740
769741
769742
769743
769744
769745
769747
769930
769932
769973
769975
769976
769977
769978
769982
769984
769985
769986
770042
770043
770044
770045
770046
770047
770048
770049
770050
770051
770052
770053
770054
770055
770057
770058
770059
770060
770061
770062
770063
770064
770065
770066
770067
770072
770087
770154
770155
770156
770157
770158
770159
770160
770161
770162
770163
770164
770167
770202
770546
770569
770570
770571
770572
770573
770575
770576
770577
770578
770579
770580
770581
770582
770583
770584
770586
770587
770588
770589
770590
770591
770592
770593
770621
770633
770634
770635
770636
770637
770638
770639
770642
770643
770644
770676
770679
770680
770681
770682
770683
770684
770685
770718
770719
770720
770721
770722
770723
770724
770725
770726
770727
770728
770729
770730
770731
770732
770733
770734
770735
770736
770737
770738
770739
770740
770741
770742
770743
770744
771011
771020
771021
771022
771023
771024
771025
771026
771027
771032
771034
771035
771036
771037
771038
771039
771040
771041
771042
771043
771047
771049
771050
771051
771072
771073
771075
771076
771077
771078
771080
771081
771082
771407
771437
771445
771446
771447
771448
771449
771450
771452
771453
771454
771455
771456
771457
771458
771459
771460
771461
771462
771463
771464
771465
771466
771467
771468
771469
771470
771471
771472
771473
771474
771475
771476
771477
771485
771913
771914
771915
772216
772217
772255
772256
772258
772265
772266
772267
772268
772269
772270
772273
772274
772326
772328
772330
773231
773232
773233
773234
773235
773236
773237
773252
773253
773254
773270
773271
773621
773623
773626
773642
773649
773650
773651
773652
773653
773660
773662
773680
773681
773685
773686
773687
773688
773689
773691
773692
773693
773694
773695
773696
773697
773698
773699
773700
773703
773704
773708
774116
774122
774170
774171
774172
774174
774176
774181
774182
774183
774184
774185
774186
774189
774190
774191
774192
774197
774198
774199
774200
774202
774209
774217
774218
774219
774220
774221
774222
774223
774224
774225
774227
774228
774229
774230
774231
774232
774236
774237
774238
774244
774245
774589
774590
774591
774592
774616
774617
774618
774621
774622
774624
774625
774626
774627
774628
774629
774630
774631
774632
774633
774634
774635
774636
774637
774638
774639
774640
774641
774642
774643
774644
774647
774648
774650
774651
774652
774653
774654
774655
774656
774657
774658
774659
774660
774661
774662
774663
774664
774665
774666
774667
774670
774671
774672
774674
774675
774676
774677
774678
774679
774680
774681
774682
774683
774684
774999
775000
775001
775002
775003
775004
775007
775029
775030
775032
775035
775036
775037
775038
775039
775043
775044
775045
775046
775047
775048
775049
775063
775065
775066
775067
775068
775069
775070
775071
775072
775073
775084
775085
775086
775087
775088
775089
775090
775091
775092
775420
775946
775951
775955
775968
775969
775970
775974
775976
776691
776697
776863
776923
779589
779797
779798
779799
779800
779802
779803
779825
779826
779829
779830
779833
779834
779835
779836
779841
779842
779843
779844
779845
779846
779847
779848
779849
779850
779851
779852
779853
779854
779855
779856
779857
779858
779859
779860
779861
779862
779863
779864
779865
779866
779867
779868
779869
779870
779871
779872
779873
779874
779875
779876
779877
779878
779879
779880
779881
779882
779883
779884
779886
779887
779888
779889
779890
779891
779892
779893
779894
779895
779896
779897
779898
779899
779900
779901
779902
779903
779904
779905
779906
779907
779908
779909
779910
779911
779912
779913
779914
779916
779918
779919
779920
779921
779922
779923
779924
779925
779926
779927
779928
779929
779930
779931
779932
779933
779934
779935
779936
779937
779938
779939
779940
779941
779942
779948
780110
780117
780123
780125
780126
780127
780128
780129
780130
780131
780132
780133
780134
780137
780142
780143
780144
780145
780146
780147
780148
780149
780150
780151
780152
780153
780154
780155
780156
780157
780158
780159
780160
780161
780163
780164
780165
780166
780171
780172
780173
780174
780175
780176
780177
780178
780179
780180
780181
780182
780183
780184
780185
780186
780187
780188
780189
780210
780211
780212
780213
780252
780611
780612
780615
780623
780630
780631
780634
780637
780638
780639
780640
780641
780646
780649
780658
780663
780664
780674
780684
780685
780686
780740
780741
780742
780743
780922
780924
780926
780932
780934
780935
780936
780937
780938
780939
780940
780941
780943
780944
780945
780946
780947
780948
780949
780950
780951
780952
780953
780954
780962
780963
780964
780969
780970
780975
780976
780977
780982
780983
780984
780985
780987
780993
780994
780995
780996
780997
780998
780999
781001
781002
781003
781004
781011
781012
781013
781014
781015
781016
781017
781018
781098
781254
781255
781259
781261
781264
781265
781266
781267
781268
781269
781271
781272
781273
781274
781275
781276
781277
781278
781279
781280
781281
781282
781284
781285
781289
781290
781292
781293
781294
781295
781296
781313
781314
781319
781320
781321
781322
781323
781324
781325
781326
781327
781329
781330
781331
781332
781333
781334
781335
781336
781337
781338
781342
781343
781344
781345
781346
781380
781381
781382
781383
781385
781386
781387
781388
781389
781390
781396
781397
781398
781399
781400
782789
782810
782812
783013
783014
783021
783023
783024
783030
783031
783032
783041
783042
783043
783044
783046
783051
783053
783087
783088
783129
783131
783535
783547
783556
783557
783570
783575
783576
783577
783581
783587
783588
783589
783661
783819
783820
783836
783837
783838
783839
783840
783843
783848
783849
783850
783852
783853
783859
783860
783861
783862
783878
783879
783896
783897
783898
783899
783900
783901
783902
783903
783907
783913
783919
783920
783921
783926
783927
783933
783939
783940
784185
784186
784187
784188
784190
784191
784192
784193
784194
784195
784196
784197
784198
784200
784201
784246
784247
784254
784260
784261
784262
784264
784266
784272
784273
784274
784275
784276
784277
784280
784281
784282
784284
784285
784287
784303
787446
788092
789412
789413
789414
789415
789416
789417
789418
789419
789420
789421
789573
789574
789575
789579
789580
789581
789582
789583
789591
789599
789600
789603
789604
789605
789606
789607
789610
789611
789613
789614
789615
789616
789617
789618
789619
789620
789621
789622
789623
789624
789630
789631
789632
789633
789636
789637
789638
789639
789640
789641
789642
789643
789644
789653
789654
789655
789656
789657
789663
789711
789859
789860
789863
789869
789870
789871
789872
789873
789875
789876
789877
789878
789880
789881
789882
789883
789884
789885
789886
789887
789888
789889
789890
789892
789893
789894
789896
789897
789898
789899
789905
789906
789907
789908
789909
789910
789911
789912
789913
789915
789919
789920
789921
789922
789923
789924
789925
789926
789927
789928
789929
789930
789931
789932
789933
789934
789935
789936
789937
789938
789939
789940
789941
789942
789943
789944
789945
789947
789948
789949
789950
789951
789952
789953
789954
789955
789956
789957
789958
789959
789960
789961
789962
789963
789964
789965
789966
789967
789968
789969
789971
789972
789973
789981
789982
789983
789984
789985
789986
789987
789990
790000
790033
790039
790190
790191
790192
790193
790194
790195
790196
790197
790198
790199
790200
790201
790202
790203
790204
790205
790206
790207
790208
790209
790210
790211
790212
790213
790214
790215
790216
790217
790218
790220
790221
790222
790223
790224
790227
790228
790229
790230
790231
790232
790233
790234
790235
790236
790237
790238
790239
790240
790241
790242
790244
790245
790247
790248
790249
790250
790251
790252
790253
790254
790255
790256
790257
790258
790259
790260
790261
790262
790263
790264
790265
790266
790267
790268
790269
790270
790271
790272
790273
790278
790279
790280
790281
790282
790283
790284
790285
790287
790289
790291
790297
790298
790498
790499
790500
790501
790502
790503
790508
790509
790510
790511
790512
790515
790516
790517
790521
790522
790523
790524
790525
790526
790527
790528
790529
790530
790531
790532
790536
790537
790538
790539
790540
790541
790542
790543
790544
790545
790546
790547
790548
790549
790550
790551
790552
790553
790554
790555
790556
790557
790558
790559
790560
790561
790562
790563
790564
790565
790566
790567
790568
790569
790570
790572
790573
790574
790575
790576
790577
790578
790579
790580
790581
790582
790583
790589
790590
790591
790592
790593
790594
790595
790596
790597
790599
790606
790608
790816
790817
790818
790819
790820
790821
790823
790824
790825
790826
790827
790828
790829
790830
790831
790832
790833
790834
790835
790836
790837
790838
790839
790840
790841
790842
790843
790844
790845
790846
790847
790848
790849
790850
790851
790852
790853
790854
790855
790856
790857
790858
790859
790860
790861
790862
790863
790864
790865
790866
790867
790868
790869
790871
790872
790873
790875
790876
790877
790878
790879
790880
790881
790882
790883
790884
790885
790886
790887
790888
790889
790890
790891
790892
790893
790894
790895
790896
790897
790898
790899
790900
790901
790902
790903
790904
790905
790906
790907
790908
790909
790910
790911
790912
790915
790916
790917
790918
790919
790920
790921
790922
790924
790925
790926
790928
790929
790930
790932
790933
790935
790936
790937
790940
790941
790951
790959
792743
792745
792748
792749
792750
792751
792752
792753
792757
792758
792764
792765
792766
792767
792768
792770
792795
792798
793031
793032
793037
793039
793040
793041
793043
793044
793047
793062
793071
793072
793081
793082
793083
793086
793088
793092
793094
793099
793100
793101
793102
793108
793110
793304
793310
793311
793312
793313
793314
793315
793316
793318
793322
793323
793359
793361
795970
795972
795974
795975
795976
795980
795984
795986
795990
795992
795994
796011
796033
796043
796045
796057
796079
796085
796091
796103
796125
799120
805211
805213
805215
805672
805680
805684
805696
805706
805728
805738
805752
805774
805784
805786
806012
806019
806021
806050
806078
806082
806084
806118
806128
806130
806132
806303
806305
806306
806307
806308
806309
806310
806311
806312
806313
806316
806317
806318
806319
806320
806321
806322
806323
806324
806325
806329
806330
806331
806332
806333
806334
806335
806336
806337
806338
806339
806340
806341
806342
806343
806344
806345
806346
806347
806348
806349
806350
806351
806355
806356
806357
806358
806359
806363
806364
806365
806366
806367
806368
806369
806370
806373
806375
806377
806379
806381
806392
806398
806410
806412
806414
806828
806829
806830
806831
806832
806833
806834
807888
807890
807891
807892
807893
807894
807898
807899
807900
807901
807902
807903
807904
807905
807906
807907
807908
807910
807911
807912
807913
807914
807915
807916
807917
807918
807919
807920
807921
807922
807924
807925
807927
807928
807929
807930
807932
807937
807938
807939
807940
807943
807944
807945
807946
807947
807948
807949
807950
807953
807954
807955
807956
807957
807958
807959
807960
807961
807962
807963
807964
807965
807966
807967
807968
807969
807970
807971
807972
807973
807974
807975
807976
807977
807978
807983
807984
807985
807986
807989
807990
807991
807992
807993
807994
807995
807996
807997
807998
807999
808000
808001
808002
808003
808004
808005
808006
808007
808008
808238
808245
808537
808538
808540
808544
810324
810389
810390
810391
810392
810394
810409
810410
810411
810412
810413
810414
810435
810436
810437
810438
810458
810459
810460
810492
810493
810520
810521
810522
810720
810721
810722
810723
810724
810725
810740
810741
810742
810743
810744
810745
810766
810767
810768
810769
810770
810771
810788
810789
810790
810791
810823
810824
810831
810832
810847
810848
810853
810854
810856
810859
811050
811051
811052
811053
811070
811071
811072
811073
811096
811097
811098
811099
811116
811117
811118
811119
811150
811153
811173
811376
811377
811392
811393
811472
811473
811482
811483
811521
811522
811523
811785
811786
812037
812038
812039
812040
812114
812115
812126
812127
812182
812185
812537
812538
812559
813291
813326
813327
813330
813378
813381
813743
813744
813745
813746
813781
813782
815090
815091
815092
815095
815096
815097
815098
815099
815100
815104
815105
815106
815107
815108
815109
815111
815112
815113
815114
815115
815116
815117
815184
815185
815186
815187
815188
815189
815190
815191
815192
815193
815194
816112
816116
818021
818023
818079
818080
818081
818082
818083
818089
818090
818091
818092
818093
818145
818146
818159
818160
818177
818178
818181
818182
818183
818184
818291
818292
818441
818442
818444
818534
818535
818536
818537
818546
818547
818554
818555
818558
818559
818588
818589
818622
818623
818630
818631
818690
818691
818704
818705
818720
818721
818864
818865
818866
818867
818868
818869
818870
818871
818872
819756
819783
819785
820073
820119
820124
820125
820418
820420
820435
820450
820451
820456
820476
820478
820495
820757
820763
820791
820795
820796
820798
820800
820803
820813
820814
820815
820816
820819
820820
820821
820822
820826
820827
820828
820830
820831
820832
820847
820851
820852
820853
820858
820859
820860
821111
821112
821114
821118
821122
821124
821129
821130
821131
821132
821133
821134
821141
821142
821143
821144
821147
821148
821152
821154
821160
821162
821164
821165
821166
821167
821168
821173
821174
821175
821176
821182
821183
821184
821186
821193
821195
821196
821201
821202
821451
821457
821461
821464
821465
821474
821475
821477
821481
821484
821485
821508
821509
821510
821511
821513
821514
821515
821516
821517
821538
821539
821543
821567
821794
821795
821796
821797
821799
821800
821801
821802
821803
821804
821806
821807
821808
821809
821813
821814
821815
821816
821817
821820
821821
821822
821823
821824
821825
821826
821827
821828
821829
821830
821831
821832
821833
821835
821836
821837
821838
821839
821840
821841
821842
821843
821844
821845
821846
821848
821849
821850
821851
821852
821853
821854
821855
821856
821860
821861
821862
821863
821864
821867
821868
821869
821870
821871
821872
821873
821874
821876
821877
821878
821879
821880
821881
821882
821883
821884
821885
821886
822200
822207
822209
822210
822211
822212
822216
822217
822218
822219
822220
822222
822223
822224
822238
822239
822247
822253
822255
822256
822257
822258
822263
822268
822269
822271
822617
822618
822637
822638
822649
822650
822651
822655
822656
822657
822658
822659
822660
822661
822662
822663
822664
822665
822666
822667
822668
822669
822670
822671
822672
822673
822674
822675
822676
822677
822678
822679
822680
822681
822683
822684
822685
822686
822687
822688
822692
822694
822695
822701
822702
822703
822704
822705
822706
823014
823015
823016
823017
823018
823019
823020
823057
823065
823066
823431
823432
823451
823452
823472
823473
823479
824228
824229
826008
826439
826441
826442
826447
826448
826475
826482
826483
826489
826916
826917
827313
827314
827315
827319
827320
827321
827340
827341
827342
827349
827350
827351
827363
827681
827682
827683
827693
827694
827695
827996
827997
827998
827999
828000
828001
828008
828009
828010
828011
828012
828013
828014
828015
828016
828017
828018
828019
828020
828026
828027
828028
828029
828030
828031
829424
829425
829426
829961
829962
830266
830267
830268
830269
831527
831528
831530
831531
831532
831533
831534
831535
831917
831946
831949
831950
831951
831952
831953
831954
831957
832159
840210
840215
840216
840217
840218
840219
840220
840776
840778
840796
840797
840798
840799
840803
840807
840811
840817
840818
840824
850171
856196
856749
857921
857924
858102
858103
858728
858729
858730
858731
858905
858911
858997
858998
859085
859348
859349
859368
859468
859493
859494
859496
859502
859504
859505
859506
860527
860529
860533
860534
860535
860537
860538
860539
860541
860542
860543
860544
860545
860548
860550
860551
860552
860578
860589
860954
860956
860963
860964
860965
860977
860979
861332
861333
861334
861335
861336
861337
861338
861339
861340
861341
861342
861343
861344
861345
861346
861347
861348
861349
861350
861351
861352
861353
861354
861355
861356
861357
861358
861359
861372
861373
861374
861375
861376
861377
861378
861379
861380
861381
861382
861383
861417
861418
861419
861420
861421
861422
861423
861776
862689
862692
862693
863137
863150
863165
863166
863173
863174
863596
863598
863599
863606
863607
863608
863609
863611
863612
863613
863614
863615
863616
863621
863623
863624
863629
863630
863637
863638
863639
863640
863641
863642
864063
864066
864101
864102
864103
864104
864105
864106
864107
864108
864109
864110
864111
864112
864117
864118
864119
864120
864462
864463
864464
864483
864484
864485
864486
864487
864488
864489
864490
864491
864492
864493
864494
864495
864496
864497
864498
864499
864500
864501
864502
864503
864504
864505
864506
864507
864508
864509
864510
864511
864512
864513
864514
864515
864516
864517
865529
865530
865531
865532
865535
865536
865546
865547
865587
865594
865767
868023
868060
868061
868101
869336
869345
869347
869349
869350
869351
869352
869353
869354
869355
869356
869365
869382
869383
869414
869418
869420
869421
869422
869423
869424
869427
869428
869431
869437
869438
869439
869441
869442
869443
869445
869446
869456
869459
869460
869462
869464
869465
869466
869467
869468
869470
869471
869472
869473
869479
869480
869481
869483
869484
869485
869486
869487
869488
869489
869490
869491
869492
869493
869494
869495
869496
869497
869498
869499
869500
869501
869502
869506
869507
869521
869522
869872
869878
869879
869884
869890
869892
869895
869896
869897
869898
869899
869900
869901
869902
869903
869904
869905
869906
869907
869908
869909
869910
869911
869912
869913
869914
869915
869916
869917
869918
869919
869920
869921
869922
869923
869924
869925
869926
869927
869928
869929
869930
869931
869940
869946
870232
870233
870235
870236
870237
870238
870239
870240
870243
870244
870245
870246
870247
870249
870250
870251
870295
870319
870320
870321
870323
870324
870325
870326
870327
870328
870329
870330
870340
870342
870343
870347
870369
870370
870371
870372
870373
870374
870375
870376
870377
870378
870379
870380
870381
870382
870385
870386
870387
870388
870390
870398
870399
870400
870401
870405
870407
870408
870409
870643
870708
870710
870711
870712
870713
870714
870715
870716
870717
870718
870719
870720
870733
870737
870738
870739
870740
870741
870742
870743
870744
870745
870746
870747
870749
870751
870762
870763
870772
870773
870774
870775
870776
870777
870778
870779
870780
870781
870782
870783
870784
870785
870786
870787
870788
870789
870790
870791
870792
870793
870794
870795
870796
870797
870829
870831
870836
870851
870852
871918
871930
871931
871932
871936
871937
871938
871939
871940
871941
871942
871943
871944
871947
871948
871949
871950
871951
871952
871953
871954
871955
871956
871959
871960
871961
871962
871963
871964
871965
871983
871984
871986
871989
872597
872598
872600
872602
872620
874013
874014
874015
874018
874019
874020
874021
874022
874023
874024
874025
874027
874028
874029
874030
874031
874032
874033
874034
874035
874036
874037
874088
874090
874718
874744
874763
874764
875368
875390
876046
876048
876049
876057
876063
876070
876081
876082
876085
876285
877539
877568
877569
877571
877572
877574
877576
877577
877578
877579
877581
877582
877583
877586
877595
877597
877646
877654
878009
878011
878012
878013
878014
878015
878249
878250
878251
878252
878253
878255
878259
878274
878275
878316
878317
878318
878319
878320
878321
878324
878327
878328
878330
878331
879882
879883
879885
879929
879954
879955
879956
879958
879959
879960
879963
879964
879965
879966
879967
879968
879972
879973
879975
879976
879978
879979
879980
879981
879982
879983
879984
879985
879986
879987
879988
879989
879990
879991
879992
879993
879994
879995
879996
879999
880000
880001
880002
880003
880004
880005
880007
880008
880009
880011
880012
880014
880015
880016
880017
880046
880083
880086
880123
880410
880411
880412
880413
880414
880415
880416
880417
880418
880419
880420
880421
880422
880423
880424
880427
880428
880429
880430
880431
880432
880433
880435
880436
880437
880439
880440
880442
880443
880444
880445
880472
880606
880895
880942
880967
881083
881108
881122
881473
881476
881850
881851
881852
881853
881854
881855
881860
881872
881874
881875
881876
881877
881902
881904
881906
881908
882307
882309
882310
882311
882312
882314
882316
882318
882320
882322
882323
882324
882325
882326
882327
882328
882329
882331
882334
882335
882338
882348
882349
882350
882351
882352
882364
882681
882682
882683
882684
882685
882686
882687
882688
882689
882690
882691
882692
882693
882694
882695
882698
882699
882700
882701
882702
882703
882704
882706
882707
882708
882710
882711
882713
882714
882715
882716
883925
883926
883929
883930
883932
883933
883934
883935
883936
883937
883938
883944
883999
884368
884369
884370
884429
884437
884438
884439
884440
884441
884442
884443
884444
884445
884446
884453
884454
885212
885224
885228
885235
885236
885244
885245
885254
885255
885256
885260
885284
885288
885290
885292
885295
885296
885298
885372
885414
885706
885715
885729
885747
885748
885765
886068
886072
886073
886074
886075
886076
886078
886080
886090
886101
886102
886126
886527
886529
886559
887109
887115
887120
887121
887808
887812
887820
887823
888468
888481
888815
888816
888817
888818
888819
888820
888821
888822
888842
888843
888844
889170
889174
889175
889176
889177
889178
889179
889180
889220
889899
889932
890170
890179
890657
890766
890771
890804
892096
892097
892098
892099
892142
892143
892144
892145
892146
892147
892148
892149
892150
892151
892152
892153
892669
892670
892687
892688
892689
892888
892890
892892
892893
892895
892897
892898
892900
892901
892902
892903
892921
892923
892924
892925
892926
892929
892933
892937
892945
892946
892947
892948
892964
892965
892972
892991
893007
893008
893015
893027
893028
893032
893034
893081
893082
893090
893093
893101
894388
894389
894390
894396
894397
894398
894399
894400
894401
894402
894403
894404
894496
894497
894506
894517
894518
894526
895546
895613
895621
895622
895633
895648
895658
898543
898544
898811
898813
898814
899123
899125
899126
899127
899128
899129
899130
899131
899132
899133
899134
899135
899136
899137
899138
899139
899140
899141
899142
899143
899144
899145
899146
899175
899315
899316
899317
900653
900655
900657
900658
900659
900661
900665
900668
900670
900672
900673
900674
900675
900676
900677
900679
900680
900681
900682
900683
900685
900686
900687
900688
900689
900690
900691
900692
900693
900694
900695
900696
900697
900698
900701
900703
900704
900705
900706
900707
900708
900710
900711
900712
900713
900714
900717
900718
900719
900720
900878
900879
900880
900881
900882
900883
900887
900888
901376
901377
901378
901379
901380
901381
901382
901384
901385
901387
901388
901389
901390
901391
901392
901395
901397
901398
901399
901400
901401
901402
901511
901543
901544
901769
902152
902271
902272
902273
902274
902278
902279
903053
903054
904093
905282
905306
905701
905711
905713
905714
905715
905717
905723
905725
905740
905742
905744
905753
905759
905760
905762
905763
905764
905765
905766
905770
905772
905780
905782
905787
905788
905806
905808
905809
905813
905814
905816
905817
905818
905820
905821
905822
905823
905824
905825
905826
905827
905828
905829
905830
905831
905832
905833
905834
905835
905836
905837
905838
905839
905840
905841
906128
906129
906130
906131
906133
906134
906135
906136
906357
906361
906362
906363
906366
906367
906368
906369
906370
906371
906372
906373
906374
906375
906376
906377
906378
906379
906380
906381
906382
906383
906384
906385
906386
906387
906388
906389
906390
906391
906393
906394
906395
906396
906397
906398
906399
906400
906401
906405
906413
906416
906421
906427
906439
906440
906444
906446
906447
906450
906451
906454
906608
906609
906617
906618
907191
907809
907913
908129
908135
908141
908146
908613
908614
908616
908621
908628
908632
909377
909378
909381
909382
909383
909384
909385
909386
909387
909388
909389
909390
909393
909394
909395
909396
909397
909398
909399
909400
909401
909402
909403
909404
909405
909406
909407
909408
909409
909410
909411
909412
909413
909414
909415
909416
909420
909421
909422
909423
909424
909427
909428
909429
909430
909431
909432
909436
909437
909438
909439
909440
909441
909442
909443
909444
909445
909446
909447
909448
909449
909450
909451
909452
909453
909454
909455
909456
909457
909458
909459
909460
909461
909462
909467
909473
909474
909475
909476
909477
909478
909479
909482
909483
909484
909485
909488
909490
909492
909493
909494
909496
909497
909499
909500
909501
909502
909503
909736
909737
909740
909741
909742
909743
909744
909745
909746
909747
909748
909749
909752
909753
909754
909755
909756
909757
909758
909759
909760
909761
909762
909763
909765
909766
909767
909768
909769
909770
909771
909772
909773
909774
909775
909780
909781
909782
909783
909786
909787
909788
909789
909790
909791
909792
909793
909795
909796
909797
909798
909799
909800
909801
909802
909803
909804
909805
909806
909807
909808
909809
909810
909811
909814
909815
909817
909818
909821
909825
909826
909827
909828
909832
909834
909836
909837
909842
909844
909847
909848
909849
909850
909851
909852
909860
912607
912608
912609
912610
912978
912979
912980
912993
912997
913440
913751
913764
913771
914222
915116
915125
915126
915127
915134
915135
915395
915396
915422
915423
915425
915426
915639
917211
917212
917484
917485
917486
917487
917491
917492
917493
917494
917495
917496
917498
917499
917500
917501
917502
917503
917505
917506
917507
917508
917509
917510
917512
917513
917514
917515
917516
917517
917572
921206
921209
921210
921262
921263
921264
921265
921266
921269
921285
921287
921288
921298
921454
921455
921456
921457
921458
921459
921460
921462
921463
921464
921465
921466
921521
921522
921677
921678
921679
921680
921681
921682
921683
921684
921691
921692
921693
921694
921715
921948
921949
921950
921951
921952
921953
921954
921991
921993
921995
921998
922632
922634
922635
922636
922637
922638
922639
922640
922641
922642
922645
922646
922647
922648
922649
922650
922651
922652
922653
922654
922657
922658
922659
922660
922661
922662
922663
922664
922665
922666
922670
922671
922672
922673
922674
922675
922676
922677
922678
922679
922680
922682
922684
922685
922686
922687
922688
922689
922690
922691
922692
922697
922698
922699
922700
922703
922704
922705
922706
922707
922708
922709
922710
922712
922713
922714
922715
922716
922717
922718
922719
922720
922721
922722
922723
922724
922725
922726
922727
922728
922729
922730
922731
922732
922733
922734
922735
922736
922737
922738
922743
922744
922745
922746
922749
922750
922751
922752
922753
922754
922755
922756
922757
922758
922759
922760
922761
922762
922763
922764
922765
922766
922767
922768
922769
922770
922771
922772
922773
922774
922775
922776
922777
922778
922779
922780
922953
922974
922975
922977
922978
922985
922988
922989
922996
922999
923000
923012
923013
923029
923030
923031
923032
923033
923034
923035
923036
923037
923038
923039
923040
923041
923042
923043
923044
923045
923046
923047
923048
923049
923051
923054
923055
923056
923057
923058
923071
923242
923243
923244
923245
923246
923247
923248
923249
923250
923251
923252
923253
923255
923268
923269
923270
923271
923274
923275
923276
923277
923278
923279
923280
923281
923283
923284
923285
923286
923287
923288
923289
923290
923291
923292
923293
923294
923295
923296
923297
923298
923299
923300
923301
923302
923303
923304
923305
923306
923307
923308
923309
923313
923314
923315
923316
923317
923320
923321
923322
923323
923324
923327
923328
923329
923332
923333
923334
923335
923336
923337
923338
923339
923340
923341
923342
923343
923344
923345
923346
923347
923349
923350
923351
923353
923770
923771
923772
923773
923774
923775
923779
923780
923781
923782
923783
923996
923997
923998
924003
924004
924005
924006
924007
924008
924009
924011
924012
924013
924014
924015
924674
924683
925509
925510
925511
925512
925513
925514
925518
925519
925522
925544
925545
925809
926020
926024
926026
926029
926038
926039
926040
926041
926042
926043
926046
926047
926048
926049
926050
926052
926053
926057
926058
926059
926060
926061
926064
926065
926066
926067
926068
926069
926070
926071
926072
926073
926074
926075
926076
926077
926078
926079
926080
926081
926082
926083
926084
926085
926086
926087
926088
926089
926090
926091
926092
926093
926094
926095
926096
926098
926099
926103
926104
926105
926106
926107
926110
926111
926112
926113
926114
926115
926116
926119
926120
926121
926122
926123
926124
926125
926126
926127
926128
926129
926130
926131
926132
926133
926136
926138
926139
926140
926143
926146
926148
926150
926152
926153
926154
926362
926372
926373
926374
926375
926376
926377
926378
926386
926387
926388
926389
926395
926396
926397
926401
926402
926403
926404
926405
926406
926408
926426
926427
926428
926429
926430
926431
926432
926433
926448
926449
926450
926451
926453
926454
926455
926456
926457
926458
926459
926460
926461
926462
926463
926464
926465
926466
926467
926468
926469
926470
926471
926472
926473
926474
926475
926476
926477
926478
926479
926480
926481
926482
926484
926485
927240
927241
927242
927243
927244
927245
927432
927433
927713
927714
927717
927718
927720
927721
927723
927724
927725
927726
927727
927728
927729
927730
927731
927732
928275
928276
928551
928552
928597
928598
928961
928963
928979
928985
929292
929295
929296
929297
929298
929299
929300
929301
929302
929303
929304
929305
929306
929307
929308
929309
929310
929311
929312
929313
929314
929315
929316
932716
932967
932976
932977
932984
937164
937165
938114
938138
938165
938181
938190
938196
938199
938200
938209
939879
940205
940206
940207
940208
940209
940210
940211
940212
940213
940214
940215
940221
940222
940472
940473
940474
940793
940794
941442
941459
941471
941499
941689
941756
943339
943341
943342
943343
943346
943348
944086
947876
947877
947878
947879
947880
947882
947887
947903
947906
947907
948103
948176
948178
948179
948330
948399
948400
948401
948402
948403
948404
948405
948488
948498
948758
948855
948860
948866
948875
949455
949460
949464
949735
949739
949743
949747
949755
949775
949778
949779
949782
949783
949786
949787
949850
949851
949863
949879
951510
951511
951514
951515
951518
951519
951521
951522
951523
951526
951527
951530
951531
951535
951538
951539
951542
951543
951545
951546
951547
951550
951551
951610
951611
951900
951901
951903
951904
951905
951907
951908
951909
951910
951911
951912
951913
951914
951915
951916
951917
951918
951919
951920
951921
951922
951923
951924
951925
951926
951927
951928
951929
951930
951931
951932
951933
951934
951936
951937
951943
951944
951945
951946
951947
951948
951949
951950
951951
951952
951954
951955
951960
951965
952169
952170
952171
952172
952173
952174
952175
952176
952177
952178
952179
952180
952181
952182
952183
952184
952185
952186
952187
952188
952189
952190
952191
952192
952193
952194
952195
952196
952197
952198
954141
954142
954143
954176
954497
954498
954974
954976
954977
954978
954980
954985
955335
955336
955337
955338
955339
955557
955558
955580
955581
955582
955583
955584
955585
955642
955643
955652
955664
955716
955725
955735
955738
955739
955749
955750
955751
955752
955925
955926
955927
955928
955929
955930
955931
955932
955933
955934
955935
955936
955937
955938
955939
955940
956022
956026
956027
956048
956056
956058
956061
956071
956084
956113
956295
956297
956308
956309
956310
956311
956312
956313
956314
956315
956316
956317
956329
956330
956331
956332
956333
956334
956335
956378
956419
956420
956423
956431
956435
956689
956762
956769
956772
956774
956775
956804
956805
957728
957739
957889
957890
957891
957892
957893
957894
957895
957896
957897
957898
957899
957900
957901
957902
957903
957904
957905
957906
957907
957908
957909
957910
957911
957912
957913
957914
957915
957916
957917
958228
958229
958242
958243
958245
958248
958249
958744
958745
958746
958747
958748
958749
958750
958752
958753
958754
958755
958756
960048
960054
960734
960737
960739
961554
961915
962819
963396
963397
963398
966406
966864
967502
967503
967505
967507
968214
968216
968219
968863
970969
974002
974003
974015
974739
976254
976261
976262
984400
988027
988028
988041
988065
988067
988068
988069
988070
988071
988072
988076
988077
988078
988079
988080
988081
988086
988088
988089
996534
996552
998923
998937
999901
999906
999908
1000119
1000207
1000895
1003165
1003913
1003936
1003937
1003938
1003939
1003940
1003941
1003942
1003943
1003944
1003945
1003946
1003947
1003948
1003949
1003950
1003951
1003952
1003953
1003954
1003955
1003956
1003957
1003958
1003959
1003960
1003961
1003962
1003963
1003964
1003965
1003966
1003967
1004481
1004493
1011554
1011570
1011573
1011583
1011586
1011636
1011916
1011921
1011949
1011965
1011968
1011970
1011972
1011974
1011975
1011977
1013691
1013693
1013695
1013703
1013704
1013705
1013706
1013707
1013709
1013711
1013712
1013714
1013722
1013723
1013724
1013726
1016362
1016363
1016364
1016365
1016366
1016367
1016368
1016369
1016370
1016371
1016372
1016376
1016377
1016378
1016379
1016380
1016381
1016382
1016383
1016384
1016385
1016386
1016387
1016388
1016389
1016392
1016406
1016407
1016420
1016432
1016439
1016440
1016441
1016442
1016443
1016444
1016706
1016707
1016708
1016712
1016713
1016715
1016716
1016717
1016718
1016719
1016727
1016728
1016729
1016730
1016731
1016734
1016743
1016770
1016771
1016772
1016773
1016774
1016775
1016776
1016777
1016778
1016779
1016780
1016781
1016782
1016783
1016784
1016785
1016786
1016787
1016788
1016789
1016790
1016791
1016792
1016793
1016794
1016795
1016796
1016797
1016798
1016799
1016800
1016801
1016802
1016803
1016804
1016805
1016806
1016807
1016808
1016809
1016810
1016811
1016812
1016813
1016814
1016815
1016816
1016817
1016818
1016819
1016820
1016821
1016822
1016823
1016824
1016825
1016826
1016827
1016828
1016829
1016830
1016831
1016832
1016833
1016834
1016835
1016836
1016837
1016838
1017102
1017103
1017104
1017105
1017110
1017111
1017112
1017113
1017114
1017115
1017131
1017132
1017133
1017134
1017135
1017136
1017137
1017138
1017139
1017140
1017141
1017142
1017143
1017144
1017145
1017146
1017147
1017276
1017279
1017280
1017281
1017282
1017283
1017284
1017571
1017572
1017573
1017574
1017575
1017576
1017577
1017578
1017579
1017580
1017581
1017582
1017583
1017584
1017585
1017586
1017587
1017588
1017589
1017590
1017591
1017592
1017593
1017594
1017595
1017596
1017597
1017598
1017599
1017600
1017601
1017602
1017603
1017604
1017605
1017606
1017607
1017608
1017609
1017610
1017611
1017612
1017613
1017614
1017615
1017616
1017617
1017618
1017619
1017620
1017621
1017622
1017623
1017624
1017625
1017631
1017632
1017633
1017634
1017635
1017636
1017637
1017638
1017884
1017885
1017886
1017887
1017888
1017889
1017890
1017891
1017892
1017893
1017894
1017895
1017896
1017897
1017898
1017899
1017900
1017901
1017902
1017903
1017904
1017905
1017906
1017907
1017909
1017910
1017911
1017912
1017913
1017914
1017915
1017925
1017926
1017927
1017928
1018182
1018183
1018184
1018185
1018186
1018187
1018188
1018189
1018190
1018191
1018204
1018205
1018206
1018207
1018208
1018209
1018210
1018211
1018212
1018213
1018214
1018215
1018216
1018231
1018232
1018233
1018234
1018235
1018236
1018237
1018238
1018239
1018240
1018241
1018242
1018243
1018244
1018245
1018246
1018247
1018248
1018249
1018250
1018251
1018973
1018996
1019014
1019019
1019084
1019098
1020316
1020410
1020412
1020413
1020421
1020422
1020423
1020428
1020429
1020430
1020431
1020434
1020447
1020448
1020449
1020450
1020564
1020565
1020566
1020567
1020568
1020569
1020782
1020860
1021433
1021435
1021437
1021459
1021467
1021479
1021481
1024551
1024562
1025144
1025149
1025590
1025816
1026023
1026024
1026025
1026026
1026027
1026028
1026029
1026030
1026031
1026032
1026033
1026034
1026035
1026036
1026037
1026038
1026039
1026040
1026041
1026042
1026043
1026044
1026081
1026167
1026172
1026208
1026209
1026210
1026211
1026212
1026213
1026214
1026215
1026216
1026217
1026448
1026456
1026457
1026458
1026459
1026460
1026461
1026467
1026468
1026469
1026472
1026480
1026481
1026564
1026565
1026574
1026600
1026601
1026602
1026603
1026604
1026605
1026606
1026607
1026608
1026609
1026610
1026611
1026612
1026613
1026617
1026618
1026619
1026620
1026621
1026622
1026623
1026673
1026674
1026901
1026960
1027012
1027037
1027052
1027274
1027276
1027294
1027295
1027296
1027297
1027298
1027299
1027300
1027301
1027302
1027303
1027304
1027305
1027306
1027307
1027308
1027309
1027310
1027311
1027312
1027313
1027314
1027315
1027316
1027317
1027318
1027319
1027320
1027321
1027322
1027323
1027324
1027325
1027326
1027327
1027328
1027329
1027535
1027536
1027537
1027538
1027539
1027540
1027541
1027542
1027543
1027544
1027545
1027546
1027547
1027548
1027549
1027550
1027551
1027552
1027553
1027554
1027555
1027556
1027557
1027558
1027559
1027560
1027561
1027562
1033258
1033259
1033282
1033288
1033289
1033290
1033291
1033292
1033293
1033294
1033295
1033296
1033297
1033298
1033299
1033300
1033301
1033302
1033303
1033304
1033305
1033306
1033307
1033308
1033475
1033566
1033573
1033574
1033587
1033588
1033608
1033609
1033610
1033611
1033872
1034019
1034021
1034023
1034025
1034027
1034029
1034031
1034033
1034037
1034041
1034352
1034354
1034355
1034356
1034357
1034433
1034435
1034437
1034439
1035153
1035161
1035163
1035167
1035445
1035446
1035447
1035448
1035457
1035458
1035459
1035488
1035807
1035808
1035810
1035869
1036400
1036408
1036410
1036412
1036414
1036416
1036418
1036927
1037096
1037100
1037101
1037102
1037103
1037104
1037105
1037106
1037107
1037108
1037109
1037110
1037111
1037112
1037113
1037114
1037115
1037116
1037117
1037118
1037119
1037120
1037121
1037122
1037491
1037492
1037493
1037494
1037495
1037496
1037497
1037498
1037499
1037500
1037501
1037681
1037683
1037685
1037687
1037991
1037992
1037993
1037994
1037995
1037996
1037997
1037998
1037999
1038000
1038285
1038286
1038287
1038288
1038289
1038290
1038291
1038292
1038293
1038309
1038312
1038323
1038327
1039456
1039458
1039460
1039500
1039502
1039503
1039504
1039505
1039506
1039507
1040416
1040417
1040421
1041713
1041716
1041720
1041763
1041764
1041766
1041768
1041769
1041770
1043115
1043119
1043121
1043123
1043133
1043135
1043137
1043211
1043213
1043215
1043217
1043219
1043223
1043309
1043313
1043317
1043319
1043327
1043328
1043329
1043331
1043336
1043376
1043378
1044090
1044092
1045665
1045669
1045981
1045983
1045985
1045986
1045987
1045988
1045989
1045991
1046002
1046003
1046005
1046007
1046009
1046010
1046011
1046012
1046029
1046030
1046031
1046032
1046033
1046034
1046035
1046036
1046427
1046428
1046611
1046612
1046613
1046614
1046615
1046616
1046617
1046618
1046619
1046633
1047547
1047549
1047551
1047552
1047553
1047554
1047565
1047567
1047569
1047571
1047573
1047575
1047588
1047590
1047591
1047592
1047593
1047594
1047595
1048168
1048169
1048178
1048180
1048182
1048184
1048186
1048188
1048189
1048201
1048203
1048204
1048205
1048207
1048208
1049018
1049019
1049020
1049021
1049022
1049023
1049025
1049026
1049027
1049028
1049029
1049036
1049037
1049038
1049041
1049042
1049043
1049044
1049046
1049047
1049055
1049056
1049057
1049059
1049061
1051084
1051086
1051088
1051090
1051092
1051094
1051125
1051126
1051128
1051130
1052038
1052040
1052042
1052044
1053372
1053374
1053377
1053379
1053381
1054995
1055273
1055274
1055275
1055276
1055277
1055278
1055279
1055284
1055285
1055287
1055289
1055290
1055292
1055293
1055295
1055323
1055325
1055326
1055327
1055329
1055524
1055525
1055526
1055546
1055549
1055714
1055715
1055716
1055717
1055718
1055719
1055720
1055721
1055722
1055727
1055736
1055998
1055999
1056001
1056003
1056005
1056007
1056008
1056009
1056011
1056013
1056015
1056017
1056019
1056021
1056033
1056037
1056230
1056231
1056444
1056445
1056446
1056447
1056448
1056449
1056450
1056451
1056465
1056469
1056720
1056722
1056724
1056726
1056728
1056730
1056734
1056736
1056737
1056738
1056739
1056740
1056742
1056760
1056761
1056762
1056763
1056764
1056765
1056766
1056767
1056953
1057451
1057452
1057453
1057454
1057455
1057457
1057458
1057459
1057460
1057461
1057468
1057469
1057470
1057472
1057473
1057476
1057477
1058283
1058285
1058291
1058293
1058313
1058314
1058315
1060270
1060272
1060273
1060274
1060275
1060278
1060280
1060281
1060282
1060283
1060299
1060301
1060303
1060305
1062054
1062100
1063364
1063389
1063408
1065182
1065188
1065192
1065193
1065194
1065220
1065222
1065224
1065226
1065228
1065230
1065633
1065635
1066393
1066394
1066395
1066396
1066397
1066400
1066402
1066404
1066426
1066428
1066436
1066438
1066440
1068241
1068243
1068245
1068247
1068249
1068311
1068312
1068313
1068989
1068990
1068991
1068992
1068999
1069031
1069729
1069730
1069731
1069732
1070357
1070358
1070360
1070361
1070368
1070372
1070676
1070680
1070845
1070853
1070855
1070856
1070878
1070884
1071376
1071391
1071392
1071393
1073976
1073977
1073988
1074005
1074013
1074022
1074024
1074127
1074137
1074153
1074154
1074157
1074160
1074170
1074429
1074430
1074431
1074432
1074433
1074434
1074453
1074454
1074455
1074456
1075501
1075502
1075505
1076808
1076809
1077292
1077293
1077294
1078420
1078421
1078422
1078427
1078428
1078429
1078430
1078431
1078434
1078437
1078449
1078683
1083265
1083267
1083269
1083270
1083271
1083272
1083273
1083275
1084713
1084714
1084716
1084717
1084718
1084724
1084913
1085095
1085096
1085335
1085336
1085339
1085340
1085343
1085344
1085347
1085348
1085575
1085576
1085577
1085578
1085579
1085580
1085808
1085809
1085810
1085811
1085816
1086019
1086020
1086021
1086022
1086672
1086677
1086678
1086679
1086680
1086681
1086683
1086685
1086687
1086697
1086701
1086938
1088570
1089467
1092691
1093533
1093534
1093537
1093545
1093546
1093547
1093548
1093843
1093934
1093939
1094191
1094199
1094204
1094803
1096667
1096669
1096671
1096675
1096684
1096687
1096690
1096696
1096702
1097941
1097943
1097945
1097949
1099400
1099673
1099753
1100274
1100281
1100295
1100299
1102809
1102810
1102811
1102840
1102842
1102848
1103387
1103393
1103404
1103405
1106983
1106984
1107931
1107934
1107937
1107940
1107943
1107946
1107949
1107955
1109016
1109031
1110100
1110101
1110102
1110103
1110104
1110133
1110142
1110144
1110518
1110527
1110533
1110538
1110573
1110939
1110958
1111000
1111441
1111450
1111456
1111759
1111762
1111763
1111764
1111768
1111770
1111820
1111839
1111855
1111889
1112468
1112469
1112472
1112501
1112923
1112947
1112949
1112994
1113662
1113664
1113666
1113670
1113672
1113685
1113789
1114871
1115742
1115743
1115744
1116366
1116392
1116398
1116399
1116400
1116401
1116402
1116403
1116404
1116405
1116406
1116407
1117108
1117109
1117110
1117113
1117118
1117302
1117303
1117304
1117305
1117306
1117310
1117598
1117599
1117600
1117602
1117603
1117604
1117605
1117606
1117607
1117608
1117610
1117611
1117615
1117617
1117864
1117868
1117872
1117873
1117874
1118005
1118008
1118012
1118013
1122094
1122095
1122099
1122100
1122104
1122107
1122108
1122119
1122124
1122125
1122126
1122152
1122153
1122154
1122155
1122156
1122164
1122422
1122423
1122452
1122453
1122759
1122961
1123035
1123039
1123073
1123077
1123278
1123291
1123920
1123921
1124263
1124285
1125265
1125266
1125267
1125268
1125271
1125273
1125274
1125275
1126604
1126653
1126825
1126850
1126851
1126852
1126855
1126857
1126858
1129117
1129121
1129122
1129129
1129130
1129131
1129140
1129141
1129142
1129183
1129184
1129185
1129186
1129187
1129188
1129189
1129190
1129191
1129192
1129193
1129194
1129195
1129196
1129197
1129201
1129202
1129203
1129204
1129205
1129835
1129836
1129837
1129838
1129839
1129840
1130387
1130679
1130680
1130681
1130682
1130685
1130686
1130687
1132520
1132533
1133475
1133476
1133482
1133483
1133738
1134273
1134274
1134275
1134276
1134747
1134748
1134749
1134764
1134765
1134777
1134778
1134808
1134959
1134962
1134963
1134966
1135139
1135140
1135141
1135143
1135162
1135660
1135675
1135799
1135804
1135805
1135806
1135807
1135808
1135809
1135810
1135820
1135825
1135827
1135828
1135831
1135832
1135833
1135837
1135838
1135839
1135846
1135852
1136200
1136201
1136202
1136203
1136204
1136868
1136870
1136872
1136890
1136891
1137122
1137124
1137126
1137128
1137382
1137383
1137384
1137385
1137398
1137399
1137400
1137401
1137402
1137403
1138656
1138657
1138658
1138659
1138660
1138661
1139446
1139488
1139491
1139882
1139883
1139884
1139885
1139887
1139891
1139892
1139893
1139895
1139897
1139901
1139902
1139903
1139908
1139925
1139927
1139928
1139929
1139932
1139933
1139934
1139935
1139936
1139937
1139945
1139946
1139947
1139948
1139949
1139950
1139951
1139953
1139954
1139955
1139956
1139957
1139958
1139959
1139960
1139961
1139962
1139963
1139964
1139965
1139966
1139967
1139968
1139969
1139970
1139971
1139972
1139973
1139974
1139975
1140153
1140157
1140169
1140181
1140599
1140601
1140603
1140605
1140607
1140609
1140611
1141312
1141313
1141314
1141315
1141316
1141317
1141340
1141341
1141342
1141358
1141359
1141361
1141364
1141599
1141600
1141601
1141602
1141603
1141604
1141605
1141606
1141607
1141608
1141609
1141610
1141611
1141612
1141613
1141614
1141615
1141616
1141617
1141618
1141619
1141620
1141621
1141622
1141623
1141624
1141625
1141626
1141627
1141628
1141629
1141630
1141631
1141632
1141633
1141856
1141857
1141858
1141859
1141860
1141861
1141862
1141863
1141864
1141865
1141866
1141867
1141868
1141869
1141870
1141871
1141872
1141873
1141874
1141875
1141876
1141877
1141878
1141879
1141880
1141881
1141882
1141883
1141884
1141885
1141886
1141887
1141888
1141889
1141890
1141891
1141892
1141893
1141894
1142230
1142231
1142233
1142234
1142235
1142699
1142700
1142701
1142702
1142703
1142704
1142705
1142707
1142709
1142710
1142736
1142737
1142738
1144211
1144212
1144213
1144217
1144220
1144966
1144967
1144969
1146716
1146844
1146845
1146847
1146848
1146849
1146850
1146851
1146852
1146853
1146894
1146895
1146896
1146897
1146898
1146899
1146904
1146943
1146944
1147983
1148159
1149433
1151515
1152099
1152100
1152101
1152102
1155116
1155117
1155118
1155119
1156722
1156725
1156726
1156728
1156729
1156731
1156733
1156737
1156745
1158342
1158343
1158344
1158348
1158349
1158350
1158365
1158366
1158367
1158830
1158834
1158838
1158841
1158842
1158844
1158847
1158853
1158854
1159112
1159489
1159509
1159510
1159513
1159772
1159773
1159777
1159789
1159790
1159797
1159798
1160116
1160117
1160118
1160119
1160120
1160121
1160239
1160240
1160241
1160550
1160552
1160554
1160783
1160797
1161554
1161555
1161556
1161557
1162361
1163091
1163096
1163102
1163103
1163106
1163108
1163322
1163324
1163326
1163327
1163332
1163416
1163658
1163659
1163717
1163718
1163719
1163720
1163721
1163722
1163755
1163756
1164400
1164454
1164455
1164456
1164457
1164458
1164459
1164460
1164461
1164462
1164463
1164464
1164465
1164466
1164468
1164469
1164470
1164474
1164475
1164476
1164477
1164478
1164481
1164483
1164484
1164485
1164486
1164487
1164489
1164490
1164491
1164492
1164493
1164494
1164495
1164496
1164497
1164498
1164499
1164500
1164537
1164538
1164539
1164540
1165903
1165911
1165972
1165975
1165976
1166303
1166467
1166484
1167414
1167415
1167416
1167474
1167475
1167476
1168467
1168473
1176528
1184276
1184277
1184278
1184279
1184280
1185861
1185862
1185863
1185864
1185866
1185868
1191150
1193376
1200225
1200226
1200659
1200661
1200662
1200663
1200667
1211598
1215227
1215288
1215289
1215290
1215383
1215385
1216868
1216869
1216870
1216871
1216872
1216876
1216877
1216878
1216879
1216880
1216881
1216882
1216883
1216884
1216892
1216895
1216896
1216897
1216898
1220898
1220911
1220912
1220913
1220914
1220915
1220916
1220917
1220918
1220919
1220920
1220921
1220922
1220923
1220924
1220925
1220926
1220927
1220928
1220929
1220932
1220934
1221670
1221680
1221681
1221682
1221683
1221684
1221685
1221686
1221687
1221688
1221689
1221690
1221691
1221692
1221693
1221694
1221695
1221696
1221697
1221698
1221699
1221701
1221702
1221703
1221721
1221758
1221759
1221760
1221761
1221762
1221763
1221764
1221765
1221766
1221767
1221768
1221769
1221770
1221771
1221772
1221773
1221774
1221775
1221776
1221777
1221778
1221779
1221780
1221781
1221782
1221783
1221784
1221785
1221786
1221787
1221788
1221789
1221790
1221791
1221792
1221793
1221794
1221795
1221796
1221797
1221798
1221799
1221802
1221803
1221804
1221805
1221806
1221807
1221808
1221809
1221810
1221811
1222191
1222192
1222193
1222194
1222195
1222196
1222197
1222198
1222199
1222200
1222201
1222202
1222203
1222204
1222205
1222228
1222229
1222230
1222231
1222232
1222233
1222516
1222517
1222534
1222535
1223084
1226683
1226974
1226975
1226976
1226977
1226978
1226981
1226985
1226986
1226987
1227137
1229725
1229726
1230050
1231322
1231323
1231359
1232968
1235148
1235175
1235184
1235191
1235192
1235193
1235195
1235200
1235201
1235202
1235203
1235204
1235208
1235209
1235215
1235220
1235316
1236056
1236058
1236457
1236481
1236512
1236514
1236518
1236520
1236521
1236522
1236525
1236526
1236527
1236528
1236529
1236530
1236531
1236532
1236533
1236534
1236536
1236537
1236538
1236539
1236540
1236541
1236545
1236546
1236547
1236550
1236551
1236555
1236556
1236557
1236558
1236560
1236561
1236562
1236563
1236564
1236565
1236567
1236568
1236569
1236570
1236573
1236574
1236575
1236576
1236577
1236578
1236579
1236580
1236583
1236587
1236588
1236589
1237317
1237331
1237336
1237341
1237344
1237345
1237346
1237349
1237355
1237356
1237357
1237358
1237382
1237385
1237566
1237572
1237584
1238111
1238981
1238982
1239935
1239936
1240730
1240731
1240732
1240733
1240734
1240735
1240736
1240737
1240738
1240739
1240740
1240742
1240743
1240744
1240745
1240746
1240747
1240748
1240749
1240750
1240753
1241199
1241203
1241207
1241633
1241634
1241635
1241636
1241637
1241638
1241639
1241640
1241641
1241642
1241643
1245049
1245065
1246088
1246092
1246096
1246809
1246813
1246817
1247856
1249401
1249645
1249646
1249647
1249648
1249649
1249650
1249651
1249652
1249653
1249654
1249661
1249668
1249669
1249670
1249671
1249673
1249674
1249681
1249683
1249700
1249719
1250264
1250308
1250311
1252024
1252025
1252026
1252028
1252029
1252030
1252031
1252032
1252034
1252036
1252037
1252040
1252041
1252042
1252043
1252044
1252045
1252049
1252050
1252051
1252052
1252060
1252063
1252064
1252065
1252066
1252067
1252070
1252086
1252087
1252091
1252092
1252093
1253578
1253927
1254147
1254160
1254595
1257018
1257023
1257024
1257029
1257030
1257031
1257034
1257035
1257040
1257041
1257043
1257044
1257045
1257046
1257051
1257052
1257054
1257055
1257058
1257059
1257060
1257061
1257062
1257063
1257064
1257067
1257068
1257069
1257070
1257071
1257072
1257073
1257075
1257076
1257292
1257300
1257301
1257311
1257314
1257316
1257317
1257319
1257320
1257321
1257322
1257324
1257325
1257326
1257327
1257328
1257329
1257330
1257331
1257332
1257333
1257334
1257335
1257336
1257337
1257338
1257339
1257340
1257341
1257342
1257343
1257344
1257345
1257346
1257347
1257348
1257351
1257352
1257353
1257354
1257355
1257356
1257361
1257365
1257366
1257367
1257368
1257369
1257371
1257372
1257373
1257378
1257379
1257381
1257383
1257384
1257385
1257387
1257388
1261957
1261965
1263116
1263139
1263146
1263147
1263151
1263152
1263153
1263154
1263157
1263158
1263160
1263161
1263203
1263204
1263207
1263220
1263221
1263222
1264123
1264126
1264127
1264128
1264130
1264131
1264133
1264134
1264135
1264136
1264137
1264138
1264139
1264140
1264142
1264146
1264147
1264148
1264149
1264150
1264151
1264152
1264153
1264154
1264155
1264156
1266394
1266919
1270150
1271153
1271154
1271155
1271161
1271162
1271163
1271164
1271175
1271176
1271177
1271219
1271978
1271981
1271982
1271983
1271984
1271985
1271986
1271987
1271988
1271989
1271990
1271991
1271992
1271993
1271994
1271995
1271996
1272002
1272003
1272004
1272005
1272006
1272007
1272008
1272009
1272010
1272012
1272013
1272014
1272015
1272016
1272017
1272018
1272019
1272020
1272021
1272022
1272023
1272024
1272025
1272026
1272027
1272028
1272029
1272030
1272031
1272032
1272033
1272034
1272035
1272036
1272037
1272038
1272039
1272040
1272041
1272042
1272043
1272044
1272045
1272046
1272047
1272048
1272049
1272050
1272051
1272052
1272053
1272097
1275299
1275300
1275301
1275514
1275515
1275516
1275517
1275860
1275862
1278618
1278619
1278620
1278621
1278622
1278623
1278624
1278625
1278626
1278627
1278628
1278629
1278630
1278634
1280201
1280202
1280203
1280204
1280210
1280212
1280213
1280219
1280221
1280222
1280225
1280228
1280229
1280230
1280231
1281006
1281007
1281553
1281734
1281735
1281736
1283387
1283388
1286523
1286524
1286525
1286526
1286527
1286528
1286529
1286530
1286531
1286532
1286533
1286534
1286535
1286536
1286537
1286538
1286539
1286540
1286541
1286542
1286543
1286544
1286545
1286546
1286547
1286548
1286549
1286550
1286551
1286552
1286553
1286554
1286555
1286556
1286557
1286558
1286559
1286560
1286561
1286562
1286563
1286564
1286565
1286566
1286567
1286568
1286569
1286570
1286571
1286572
1286573
1286574
1286575
1286576
1286577
1286578
1286579
1286580
1286581
1286582
1286584
1286585
1286586
1286587
1286588
1286589
1286590
1286591
1286592
1286593
1294445
1294451
1294453
1294454
1295154
1295155
1301291
1301292
1301293
1301295
1301296
1301297
1301298
1301299
1301300
1301301
1301302
1301303
1301305
1301307
1301309
1301310
1301311
1301313
1301314
1301316
1301319
1301320
1301321
1301322
1301324
1301325
1301326
1301327
1301328
1301329
1301330
1301331
1301332
1301333
1301334
1301335
1301336
1301337
1301338
1301339
1301340
1301341
1301342
1301343
1301344
1301345
1301346
1301347
1301348
1301349
1301350
1301351
1301352
1301353
1301354
1301355
1301356
1301357
1301358
1301359
1301360
1301361
1301362
1301363
1301364
1301576
1301577
1301578
1301581
1301582
1301585
1301586
1301587
1301590
1301591
1301593
1301594
1301600
1301606
1301610
1301611
1301612
1301620
1302444
1302445
1302446
1302447
1302448
1302449
1302450
1302451
1302452
1302453
1302454
1302455
1302456
1302457
1302458
1302459
1302460
1302461
1302462
1302463
1302464
1302465
1302466
1302467
1302468
1302469
1302470
1302471
1302472
1302473
1302474
1302475
1302476
1302477
1302478
1302479
1302480
1302481
1302482
1302483
1302484
1302485
1302486
1302487
1302488
1302489
1302490
1302491
1302492
1302493
1302494
1302495
1302497
1302498
1302499
1302500
1302501
1302502
1302503
1302504
1302505
1302506
1302507
1302508
1302509
1302510
1302511
1302512
1302513
1302514
1302515
1302516
1302517
1302518
1302519
1302520
1302521
1302522
1302523
1302524
1302525
1302526
1302527
1302528
1302529
1302530
1302531
1302532
1302533
1302534
1302535
1302536
1302537
1302538
1302539
1302540
1302541
1302542
1302543
1306236
1306237
1306238
1306239
1306240
1306241
1306242
1306243
1306244
1306245
1306246
1306247
1306248
1306249
1306250
1306251
1306252
1306253
1306280
1306282
1306296
1306297
1306299
1306300
1306301
1306302
1306303
1306304
1306305
1306306
1306307
1306308
1306309
1306310
1306311
1306312
1306313
1306314
1306315
1306316
1306317
1306318
1306320
1306321
1306330
1306333
1306334
1306335
1306336
1306337
1306338
1306339
1306340
1306341
1306342
1306343
1306344
1306345
1306346
1306347
1306348
1306349
1306350
1306351
1306364
1313256
1313265
1317473
1317474
1317476
1317779
1317780
1317781
1317782
1317783
1317784
1317785
1317786
1317787
1317788
1317789
1317790
1317791
1317792
1317793
1317794
1317795
1317796
1317797
1317798
1317799
1317800
1317801
1317802
1317803
1317804
1317805
1317806
1317807
1317808
1317809
1317810
1317811
1317812
1317813
1317814
1317815
1317816
1317817
1317818
1317819
1317820
1317821
1317822
1317823
1318234
1318235
1318236
1318237
1318238
1318239
1318240
1318241
1318242
1318243
1318244
1318245
1318246
1318247
1318248
1318249
1318250
1318251
1318252
1318253
1318254
1318255
1318256
1318257
1318258
1318259
1318260
1318261
1318262
1318263
1318264
1318265
1318266
1318267
1318268
1318269
1318270
1318271
1318272
1318273
1318274
1318275
1318276
1318277
1318278
1318279
1318280
1318281
1318282
1318283
1318284
1318285
1318286
1318287
1318288
1318289
1318290
1318291
1318292
1318293
1318294
1318295
1318296
1318297
1318298
1318299
1318300
1318301
1318302
1318303
1318304
1318305
1318306
1318502
1318503
1318504
1318505
1318506
1318507
1318508
1318509
1318510
1318511
1318512
1318513
1318514
1318515
1318516
1318517
1318518
1318519
1318520
1318521
1318522
1318523
1318524
1318525
1318526
1318527
1318528
1318529
1318530
1318531
1318532
1318533
1318534
1318535
1318536
1318537
1318538
1318539
1318540
1318541
1318542
1318543
1318544
1318545
1318546
1318547
1318548
1318549
1318550
1318551
1318552
1318553
1318554
1318555
1318556
1318557
1318558
1318559
1318560
1318561
1318564
1318565
1318566
1318574
1318575
1318837
1318838
1318839
1318840
1318841
1318842
1318843
1318844
1318845
1318846
1318847
1318848
1318849
1318850
1318851
1318852
1318853
1318854
1318855
1318856
1318857
1318858
1318859
1318860
1318861
1318862
1318863
1318864
1318865
1318866
1318867
1318868
1318869
1318870
1318871
1318872
1318873
1318874
1318875
1318876
1318877
1318878
1318879
1318880
1320254
1320257
1320258
1320259
1320260
1320261
1320262
1320263
1320264
1320639
1320653
1320654
1320655
1320656
1320657
1320658
1320694
1320695
1320697
1320698
1320699
1320700
1320702
1320703
1320704
1320705
1320706
1320707
1320709
1320714
1320715
1320718
1320719
1320720
1320721
1320727
1320848
1320851
1320852
1320853
1320854
1320855
1321182
1321183
1321184
1321185
1321186
1321187
1321188
1321189
1321190
1321191
1321192
1321193
1321194
1321195
1321196
1321197
1321198
1321199
1321200
1321201
1321202
1321203
1321205
1321206
1321207
1321208
1321209
1321210
1321211
1321212
1321213
1321214
1321215
1321216
1321217
1321218
1321219
1321220
1321221
1321597
1321598
1321599
1321600
1321601
1321602
1321603
1321604
1321605
1321606
1321607
1321608
1321609
1321610
1321611
1321612
1321613
1321614
1321615
1321616
1321617
1321618
1321619
1321620
1321621
1321622
1321623
1321624
1321625
1321626
1321627
1321628
1321629
1321630
1321631
1321632
1321633
1321634
1321635
1321636
1321637
1321638
1321639
1321640
1321641
1321642
1321643
1321644
1321645
1321646
1321647
1321648
1321649
1321650
1321651
1321652
1321653
1321654
1321655
1321656
1321657
1321658
1321659
1321660
1321661
1321662
1321663
1321664
1321665
1321666
1321667
1321668
1321669
1321670
1321671
1321672
1321673
1321674
1321675
1321676
1321677
1321678
1321679
1321680
1321681
1321682
1321683
1321684
1321685
1321686
1321687
1321688
1321689
1321690
1321691
1321692
1321693
1321694
1321695
1321696
1321698
1321699
1321700
1321701
1321702
1321703
1321704
1321705
1321706
1321707
1321708
1321709
1321710
1321711
1321712
1321713
1321714
1321715
1321716
1321717
1321718
1321719
1321720
1321721
1321722
1321723
1321724
1321725
1321726
1321727
1321728
1321729
1321730
1321731
1321732
1321733
1321734
1321735
1321736
1321737
1321738
1321739
1321740
1321741
1321742
1321743
1321744
1321745
1321746
1321747
1321748
1321749
1321751
1321752
1321753
1321754
1321755
1321757
1321758
1321759
1321760
1321761
1321762
1321763
1321764
1321765
1321766
1321767
1321768
1321769
1321770
1321771
1321772
1321773
1321774
1321775
1321776
1321777
1321778
1321779
1321780
1321781
1321782
1321783
1321784
1321785
1321786
1321787
1321788
1321789
1321790
1321791
1321792
1321793
1321794
1321796
1321797
1321798
1321799
1321800
1321801
1321802
1321803
1321804
1321805
1321806
1321807
1321808
1321809
1321810
1321812
1321813
1321814
1321815
1321816
1321817
1321818
1321819
1321820
1321821
1321822
1321823
1321824
1321825
1321829
1321838
1321839
1321840
1321841
1321842
1321843
1321845
1321846
1321847
1321848
1321850
1321851
1321852
1321853
1321857
1321858
1321859
1321860
1321863
1321865
1321866
1321867
1321868
1321876
1322068
1322069
1322070
1322071
1322072
1322073
1322074
1322075
1322076
1322077
1322078
1322079
1322080
1322081
1322082
1322083
1322084
1322085
1322086
1322087
1322088
1322089
1322090
1322091
1322092
1322093
1322094
1322095
1322096
1322097
1322098
1322099
1322100
1322101
1322102
1322103
1322104
1322105
1322106
1322107
1322108
1322109
1322110
1322111
1322112
1322113
1322114
1322115
1322116
1322117
1322118
1322119
1322120
1322121
1322122
1322123
1322124
1322125
1322126
1322127
1322128
1322129
1322130
1322131
1322132
1322133
1322134
1322135
1322136
1322137
1322138
1322139
1322140
1322141
1322142
1322143
1322144
1322145
1322146
1322147
1322148
1322149
1322150
1322151
1322152
1322153
1322155
1322156
1322157
1322158
1322159
1322161
1322162
1322163
1322164
1322165
1322166
1322168
1322169
1322170
1322171
1322172
1322173
1322174
1322175
1322176
1322177
1322178
1322349
1322350
1322351
1322352
1322353
1322354
1322355
1322356
1322357
1322358
1322359
1322360
1322361
1322362
1322363
1322364
1322365
1322366
1322367
1322368
1322369
1322370
1322371
1322372
1322832
1322833
1323068
1323082
1323087
1323088
1323089
1323090
1323091
1323092
1323095
1323096
1323097
1323098
1323343
1323344
1323345
1323346
1323348
1323349
1323350
1323351
1323352
1323354
1323355
1323357
1323358
1323359
1323360
1323361
1323362
1323363
1323364
1323365
1323366
1323367
1323391
1323392
1323393
1323394
1323395
1323396
1323398
1323400
1323401
1323402
1323406
1323408
1323409
1323410
1323411
1323412
1323413
1323414
1323415
1323416
1323418
1323420
1323421
1323422
1323426
1323427
1323430
1323431
1323432
1323433
1323434
1323435
1323436
1323440
1323441
1323442
1323443
1323447
1323448
1323450
1323452
1323453
1323454
1323455
1323456
1323457
1323458
1323459
1323460
1323461
1323463
1323674
1323675
1323676
1323677
1323678
1323679
1323680
1323681
1323682
1323683
1323684
1323685
1323686
1323687
1323688
1323689
1323690
1323691
1323692
1323693
1323694
1323695
1323696
1323697
1323698
1323699
1323700
1323701
1323702
1323703
1323704
1323705
1323706
1323707
1323708
1323709
1323710
1323711
1323712
1323713
1323714
1323715
1323716
1323717
1323718
1323719
1323720
1323721
1323722
1323723
1323724
1323725
1323727
1323728
1323729
1323730
1323732
1323733
1323734
1323735
1323736
1323737
1323738
1323739
1323741
1323742
1323743
1323744
1323745
1323747
1323748
1323749
1323750
1323751
1323752
1323753
1323754
1323755
1323756
1323757
1323758
1323759
1323760
1323762
1323763
1323764
1323766
1323767
1323768
1323769
1323770
1323771
1323772
1323773
1323774
1323775
1323777
1323779
1323780
1323782
1324014
1324015
1324016
1324017
1324018
1324019
1324020
1324021
1324022
1324023
1324024
1324025
1324026
1324027
1324028
1324029
1324030
1324031
1324032
1324033
1324034
1324035
1324036
1324037
1324038
1324039
1324040
1324041
1324042
1324043
1324044
1324045
1324046
1324047
1324048
1324049
1324050
1324051
1324052
1324053
1324054
1324055
1324388
1324389
1324390
1324391
1324392
1324394
1324395
1324396
1324397
1324398
1324399
1324401
1324402
1324403
1324404
1324405
1324406
1324407
1324408
1324409
1324410
1324411
1324412
1324413
1324414
1324416
1324426
1324427
1324428
1324429
1324430
1324431
1324432
1324433
1324434
1324435
1324436
1324437
1324438
1324439
1324440
1324441
1324442
1324443
1324444
1324445
1324446
1324447
1324448
1324449
1324450
1324451
1324452
1324453
1324454
1324455
1324456
1324457
1324458
1324459
1324460
1324461
1324462
1324463
1324465
1324466
1324467
1324468
1324469
1324472
1324473
1324474
1324475
1324476
1324477
1324478
1324479
1324480
1324481
1324482
1324483
1324484
1324486
1324487
1324488
1324489
1324490
1324491
1324492
1324493
1324494
1324495
1324503
1324504
1324505
1324508
1324509
1324510
1324511
1324512
1324513
1324514
1324515
1324516
1324686
1324687
1324688
1324689
1324690
1324691
1324692
1324693
1324694
1324695
1324696
1324697
1324698
1324699
1324700
1324701
1324702
1324703
1324704
1324705
1324706
1324707
1324708
1324709
1324710
1324711
1324713
1324714
1324715
1324716
1324717
1324718
1324719
1324720
1324721
1324722
1324723
1324724
1324725
1324727
1324728
1324729
1324730
1324731
1324733
1324736
1324737
1324738
1324739
1324740
1324748
1324749
1324750
1324751
1324752
1324763
1324764
1324765
1324766
1324767
1324768
1324769
1324770
1324771
1324772
1324773
1324774
1324775
1324776
1324777
1324778
1324779
1324780
1324781
1324783
1324784
1324785
1324786
1324787
1324788
1324789
1324790
1324791
1324792
1324793
1324794
1324795
1324796
1324797
1324798
1324799
1324800
1324801
1324802
1324803
1324804
1324805
1324806
1324807
1325013
1325016
1325019
1325020
1325021
1325023
1325025
1325032
1325033
1325034
1325035
1325036
1325584
1325585
1325586
1325587
1325588
1325589
1325590
1325591
1325592
1325593
1325594
1325595
1325596
1325597
1325598
1325599
1325600
1325601
1325602
1325603
1325604
1325605
1325606
1325607
1325608
1325609
1325610
1325611
1325612
1325613
1325614
1325615
1325616
1325617
1325618
1325619
1325620
1325621
1325622
1325623
1325624
1325625
1325626
1325627
1325628
1325629
1325630
1325631
1325632
1325633
1325634
1325635
1325636
1325637
1325638
1325639
1325640
1325641
1325642
1325643
1325644
1325645
1325646
1325647
1325648
1325649
1325650
1325651
1325652
1325653
1325654
1325655
1325656
1325657
1325658
1325659
1325660
1325661
1325662
1325664
1325665
1325666
1325667
1325668
1325669
1325670
1325671
1325672
1325673
1325674
1325675
1325676
1325677
1325678
1325679
1325680
1325681
1325682
1325684
1325685
1325686
1325689
1325690
1325691
1325692
1325693
1325694
1325695
1325696
1325697
1325698
1325699
1325700
1325701
1325702
1325703
1325704
1325705
1325706
1325707
1325708
1325709
1325710
1325711
1325712
1325713
1325714
1325715
1325716
1325717
1325718
1325719
1325720
1325721
1325722
1325723
1325724
1325725
1325726
1325727
1325728
1325729
1325730
1325731
1325732
1325733
1325734
1325735
1325736
1325737
1325738
1325739
1325740
1325741
1325742
1325743
1325744
1325745
1325746
1325751
1325752
1325753
1325761
1325768
1325769
1325770
1325771
1325772
1325773
1325776
1325778
1325779
1325780
1325781
1325782
1325783
1325784
1325785
1325786
1325787
1325788
1325789
1325790
1325791
1325792
1325793
1325794
1325795
1325796
1325797
1325798
1325799
1325800
1325801
1325802
1325803
1325804
1325805
1325806
1325807
1325808
1325809
1325810
1325811
1325812
1325813
1326037
1326038
1326039
1326040
1326042
1326043
1326044
1326045
1326046
1326047
1326048
1326049
1326050
1326053
1326056
1326057
1326058
1326061
1326062
1326063
1326064
1326065
1326066
1326067
1326069
1326070
1326071
1326072
1326073
1326075
1326430
1326431
1326432
1326433
1326434
1326435
1326436
1326437
1326438
1326439
1326440
1326441
1326443
1326450
1326451
1326453
1326454
1326719
1326720
1326722
1326723
1326724
1326725
1326726
1326761
1326762
1326763
1326764
1326774
1326775
1326776
1326778
1326779
1326788
1326794
1326796
1326798
1326799
1339267
1339268
1339269
1339270
1339271
1339272
1339273
1339274
1339275
1339276
1339277
1339278
1339279
1339280
1339281
1339282
1339283
1339284
1339285
1339286
1339287
1339288
1339289
1339290
1339291
1339292
1339293
1339294
1339295
1339296
1339297
1339298
1339299
1339300
1339301
1339302
1339303
1339304
1339305
1339306
1339307
1339308
1339309
1339310
1339311
1339312
1339313
1339314
1339315
1339316
1339317
1339318
1339319
1339320
1339321
1339322
1339323
1339324
1339325
1339326
1339327
1339328
1339329
1339330
1339331
1339332
1339333
1339334
1339335
1339336
1339337
1339338
1339339
1339340
1339341
1339342
1339343
1339344
1339345
1339346
1339347
1339348
1339349
1339350
1339351
1339352
1339353
1339354
1339355
1339356
1339357
1339358
1339359
1339360
1339361
1339362
1339363
1339364
1339365
1339366
1339367
1339368
1339369
1339370
1339371
1339372
1339373
1339374
1339375
1339376
1339377
1339378
1339379
1339380
1339381
1339382
1339383
1339384
1339385
1339386
1339387
1339388
1339389
1339568
1339574
1339576
1339577
1339578
1339579
1339580
1339581
1339582
1339583
1339584
1339585
1339590
1339591
1339595
1339596
1339597
1339598
1339599
1339600
1339601
1339602
1339603
1339604
1339605
1339606
1339607
1339608
1339609
1339610
1339611
1339612
1339613
1339614
1339615
1339616
1339617
1339618
1339619
1339620
1339621
1339622
1339623
1339624
1339625
1339626
1339627
1339628
1339629
1339630
1339631
1339632
1339634
1339635
1339636
1339637
1339638
1339639
1339640
1339641
1339642
1339655
1339656
1339657
1339658
1339659
1339660
1339661
1339662
1339663
1339664
1339665
1339666
1339667
1339668
1339669
1339670
1339671
1339672
1339673
1339674
1339675
1343156
1343157
1345779
1345780
1345781
1345782
1345783
1345784
1345785
1345786
1345787
1345788
1345789
1345790
1345791
1345792
1345793
1345794
1345795
1345796
1345797
1345798
1345799
1345800
1345801
1345802
1345803
1345804
1345805
1345806
1345807
1345808
1345809
1345810
1345811
1345812
1345813
1345814
1345815
1345816
1345817
1345818
1345819
1345820
1345821
1345822
1345823
1345824
1345825
1345826
1345827
1345828
1345829
1345830
1345831
1345832
1345833
1345834
1345835
1345836
1345837
1345838
1345839
1345840
1345841
1345842
1345843
1345844
1345845
1345846
1345847
1345848
1345849
1345850
1345851
1345852
1345853
1345854
1345855
1345856
1345857
1345858
1345859
1345860
1345861
1345862
1345863
1345864
1345865
1345866
1345867
1345868
1345869
1345870
1345871
1345872
1345873
1345874
1345875
1345876
1345877
1345878
1345879
1345880
1345881
1345882
1345883
1345884
1345885
1345886
1345887
1345888
1345889
1346421
1346422
1346423
1346425
1346432
1346433
1346434
1346435
1346436
1346437
1346438
1346439
1346440
1346441
1346442
1346443
1346445
1346446
1346447
1346448
1346449
1346450
1346451
1346452
1346453
1346454
1346455
1346456
1346457
1346458
1346459
1346460
1346462
1346463
1346464
1346465
1346466
1346467
1346468
1346469
1346470
1346471
1346472
1346473
1346474
1346475
1346476
1346477
1346478
1346479
1346480
1346481
1346482
1346483
1346484
1346485
1346486
1346487
1346488
1346489
1346490
1346491
1346492
1346493
1346494
1346495
1346496
1346497
1346498
1346499
1346500
1346501
1346502
1346503
1346504
1346505
1346506
1346507
1346508
1346509
1346510
1346511
1346512
1346513
1346514
1346515
1346516
1346517
1346519
1346520
1346521
1346522
1346525
1346526
1346527
1346528
1346529
1346530
1346531
1346532
1346533
1346534
1346535
1346536
1346537
1346538
1346539
1346713
1346714
1346716
1346717
1346718
1346727
1346729
1346730
1346731
1346734
1346735
1346737
1346738
1346740
1346741
1346742
1346743
1346744
1346745
1346746
1346747
1346748
1346749
1346750
1346751
1346752
1346753
1346754
1346768
1346770
1346771
1346772
1346773
1346774
1346777
1346778
1346787
1346789
1346791
1346792
1346793
1346794
1346797
1346798
1346799
1346814
1349201
1349202
1349841
1349842
1349843
1349844
1350045
1350046
1350391
1350728
1351177
1351178
1351538
1351800
1351801
1351802
1352663
1352664
1352665
1352666
1352667
1352668
1363090
1363091
1367377
1367379
1367380
1367768
1367769
1376513
1376515
1376516
1376517
1376518
1376519
1376520
1378854
1389801
1389802
1389803
1389804
1389805
1389806
1389807
1389808
1389809
1389810
1389811
1389812
1389813
1389814
1389815
1389816
1389817
1389818
1389819
1389835
1389839
146519
148211
148689
160836
178393
183667
183671
184156
184607
187032
187033
187034
187035
187036
187037
187038
187039
187047
187048
187049
187050
187051
187053
187054
187097
187098
187099
187100
187104
187105
187134
187136
187138
187139
187147
187148
187149
187153
187154
187292
187294
187295
187296
187297
187310
187311
187787
197644
203661
203662
203667
203668
203669
203670
203676
203688
203689
208791
208793
209560
209860
212060
212063
212079
212752
212760
219616
219619
219620
223929
224191
224192
224193
224194
241412
242018
271879
271880
271881
271911
272130
272404
272405
272406
272407
272408
272409
272414
276118
276119
276120
276121
276174
276175
276176
276177
276178
276179
276180
276181
276182
276482
276483
276484
276485
276533
277404
277421
277422
277423
277424
286517
290641
290911
290919
291154
291177
301633
302106
302107
302110
302456
302458
302792
302867
302868
302869
302876
302877
302878
302888
302889
302890
302891
302892
302893
302900
302901
315334
315336
315337
315338
315341
315342
315343
315346
315347
315348
315351
315352
315353
315354
315355
315356
315357
315358
315359
315361
315362
315634
317884
317885
317887
317888
317889
318676
318677
318678
318679
319063
319353
319354
319355
319356
319357
319358
319394
319483
319485
322873
322875
323741
324154
327362
328008
328176
335025
335026
335036
335490
335491
335492
335500
338339
338340
338341
338783
338784
338785
340817
340885
344206
347962
348018
348030
348060
349237
349277
349657
349673
349694
349701
368849
380312
380313
380314
380316
380317
380350
380352
380353
380395
380396
380422
380424
380425
380426
380427
380604
380610
380611
380613
380614
380640
380641
380642
380644
380645
380646
380647
380648
380686
380687
380688
380690
380717
380718
380719
380720
380721
380897
380898
380899
381013
381014
388874
388912
388924
388925
388974
388975
388976
388977
388978
389151
389153
389154
389155
389177
389185
389190
389191
389192
389193
389227
389230
389232
389259
389260
389262
389264
419116
419117
419120
419121
419128
419129
419430
419433
419434
419838
421644
421646
421647
421853
421906
421908
421953
421954
421955
421956
421958
422189
422192
422193
422194
422198
422250
422253
422256
422282
422283
422284
422518
422887
422888
426964
428490
428524
450472
459459
461267
461268
461271
461273
475960
483732
488144
491513
491524
491540
491545
491550
491551
491552
499771
499772
499773
499774
499775
499776
499777
499778
499779
499823
499824
499825
499827
499843
499844
499845
499846
499847
499848
499849
499850
499851
500026
500027
500028
500029
500030
500031
500059
500060
500062
500085
500087
500095
500099
500104
500110
500111
500112
500120
500135
500136
500137
500138
500139
508177
508178
508179
508180
508181
508182
509063
516185
517163
517636
518178
518179
518180
518183
518190
518191
518192
518193
518194
518195
518554
518555
518556
518557
518865
519004
519006
519229
520785
520864
520886
521186
526460
526461
526462
527748
527749
527750
528474
528712
528713
529207
529208
529209
542663
542673
542689
545989
546869
546886
547380
547381
547391
548028
548030
548032
548034
548036
548038
548040
548571
550381
550393
550396
550406
550409
550413
550416
550417
550424
550434
550435
550478
550481
550512
550516
550522
550524
550526
550535
550541
550550
550551
550612
554284
554297
561766
561774
561775
561776
562850
562853
562864
562871
562879
563272
565932
565934
587735
587757
587758
587759
587761
587762
587771
587809
587810
587811
587818
588019
588020
588031
588038
588039
588050
588057
588058
588060
588061
588063
588068
588069
588070
588071
588073
588074
588075
588076
588091
588092
588093
588094
588096
588097
588098
588099
588101
588102
588103
588109
588110
588111
588115
588116
588117
588404
588405
588407
588408
588410
588415
588420
588421
588422
588425
588426
588427
606580
606616
611380
616862
616868
616869
623442
623443
623528
623538
623539
623540
623541
623719
623736
623753
623778
624075
624086
624089
624106
624112
624298
642631
642632
642633
642635
642636
642637
642638
642639
642640
642641
642642
642643
642644
642940
642979
652827
652828
652829
652831
652832
652833
652834
652835
652836
652839
652844
652856
652857
652861
652873
652880
652881
652882
652883
652889
652895
652896
652908
652910
652914
652915
652923
652943
652944
652945
652946
652948
652950
652955
652975
652985
652986
652987
652989
653330
653916
653919
653921
654921
654930
654955
654978
655008
655009
655015
655033
655034
655035
655058
655059
655060
655062
655063
655065
655097
655098
655099
655100
655101
655102
655103
655107
655108
655109
655110
655136
655137
655138
655139
655140
655141
655176
655177
655178
655179
655181
655182
655183
655185
655197
655199
655207
655209
655357
655368
655369
655370
655375
655378
655379
655388
655407
655413
655430
655443
655445
655446
655452
655453
655454
655463
655465
655466
660112
660192
660193
660197
660198
660200
660201
660202
660203
660205
660206
660207
660214
660216
660433
660464
660465
661912
662638
662642
662645
662649
662650
662651
662652
662654
662659
662660
662661
662677
662679
662680
662681
662682
662683
662686
662687
662688
662690
662695
662696
662698
662700
662701
662712
662713
662715
662717
662728
662761
662839
662842
662844
662845
662852
662880
662888
662891
662899
662901
662903
662904
662929
663069
663076
663080
663094
663365
663375
663377
663378
663380
663719
664631
666598
668536
669038
669050
669055
670794
670795
670799
679671
680141
680913
690024
690202
690209
690214
690226
690253
690261
690262
690264
693846
695422
706527
721746
721754
721769
721800
721802
722162
722169
722170
727363
729315
729694
739398
739399
739400
739403
739767
739769
739770
739771
739775
739777
739796
739799
747159
747488
749164
749165
749260
749328
749346
749740
749741
749751
749752
749753
750158
750541
750542
750567
750591
750620
751889
751890
751892
751893
751894
751895
752004
752005
752009
752010
752011
752012
752013
752137
752140
752141
752142
752528
752529
752530
752531
752532
752533
752534
752535
752536
752537
754082
754095
754111
754117
754118
754119
754121
754122
754123
754130
754133
754135
754845
754849
754917
755441
755742
755747
755748
755751
755754
755755
758022
758023
758026
758272
758273
758274
758275
758312
758384
758464
759189
760981
762192
762193
762495
762507
762945
763406
763703
763705
763708
763709
763710
763743
763744
763745
763817
763835
763839
763840
764225
764750
765037
765073
765074
765075
765076
765077
765260
765271
767906
768759
769587
772327
772331
772334
775427
779917
780162
780383
780392
780444
780610
780621
780629
789662
789666
789673
789879
790243
790246
790874
790923
793095
793109
793118
793121
795971
795973
795977
795978
795979
795983
795985
795987
795989
795991
795995
795997
795999
796001
796003
796005
796009
796013
796015
796017
796023
796025
796027
796029
796031
796035
796037
796039
796041
796047
796049
796051
796053
796055
796059
796061
796067
796069
796071
796075
796077
796081
796087
796089
796093
796095
796097
796099
796101
796105
796107
796109
796113
796115
796117
796123
796127
805099
805469
805479
805504
805505
805506
805507
805518
805519
805522
805523
805666
805668
805670
805674
805678
805682
805690
805692
805694
805698
805700
805702
805704
805708
805710
805718
805720
805722
805724
805726
805730
805734
805740
805742
805744
805746
805748
805750
805754
805764
805766
805772
805776
805780
805782
805788
806008
806010
806014
806016
806018
806022
806024
806026
806028
806034
806036
806038
806040
806042
806044
806046
806048
806052
806054
806056
806060
806062
806064
806068
806070
806072
806074
806076
806080
806086
806088
806092
806094
806096
806098
806100
806102
806104
806108
806110
806114
806116
806120
806122
806126
807923
807931
807936
807951
807952
808236
808278
808541
808552
808553
808554
808556
810393
816973
816974
816975
816977
816978
816979
816980
816981
816985
818022
819432
820412
820487
820488
820490
820491
820492
820493
820494
820497
820498
820499
820500
820503
820519
820846
821819
821866
822252
823480
824265
826219
826220
826221
826222
826446
826449
826476
826490
826964
828721
828722
828723
828724
828725
828726
828727
842689
856762
857315
857317
857322
857687
857693
857699
857701
857706
857707
857926
858976
858977
858978
858979
859099
859410
861046
861800
861829
861830
861838
861840
861841
861889
861890
861893
861897
861898
861899
861901
861902
861904
861925
862260
862261
862262
862264
862265
862266
862272
862273
862277
862279
862280
862283
862284
862285
862286
862288
862289
862297
862301
862302
862303
862304
862305
862306
862310
862694
862695
862696
863209
863625
863631
864470
864478
864479
864616
864633
867371
867373
867374
867375
867394
867423
867425
869429
869432
869433
869434
869435
869461
870332
870333
870334
870335
870336
870338
870339
870341
870748
870752
870753
870754
870755
870756
870758
870759
870760
870761
870764
870765
870766
870767
870768
870818
870850
871987
879848
879849
879852
879853
879862
879866
879867
879868
879869
879872
879874
879899
879900
880113
880598
880611
880618
881093
881096
881294
881303
881313
881314
885304
885305
885358
885371
885383
885389
885397
887805
887814
887816
887821
887824
888054
888075
888076
888082
888083
888098
888125
888150
888190
888243
889882
889886
889888
889889
889891
890138
892119
898810
898812
899992
899994
900666
901386
901427
901770
901819
901820
902146
902147
902148
902151
902162
902431
902432
902468
904632
904646
904666
904667
905283
905343
905344
906090
906426
906455
906693
906708
907004
907005
907020
907261
907275
907890
907914
908626
908634
908635
908640
908867
908870
908874
908876
908883
908895
908896
908899
908902
909127
909130
909419
909433
909434
909435
909471
909778
909794
913418
913716
913743
913744
913747
913748
913749
913750
913803
913806
914195
914234
914641
914664
915406
915408
915418
915431
915432
916534
916535
916536
916540
916561
916882
917298
921208
921216
921956
921976
921999
922681
922683
922695
922696
922711
922741
922742
922961
922963
922976
923053
923240
923263
923265
923282
923312
923330
923331
924010
924706
924747
924750
924753
924754
924755
924760
926056
926109
926360
926392
926407
926445
926446
927402
927403
927431
927501
927502
927507
927511
927512
927513
927514
927515
927516
927517
927518
927811
928152
928557
928587
930207
930214
930218
931357
931358
931359
931360
931361
931362
931721
932712
932713
932714
932973
933631
938979
939592
940236
940258
940484
940486
940487
940489
940508
940517
940521
941665
941672
941868
941869
941901
942243
942250
943329
943330
943334
943350
943351
943362
943585
947904
947905
948850
950102
950112
950113
950115
950117
950119
950120
950122
950123
950124
950127
950129
950363
950947
951289
951940
951972
951977
951984
952210
952215
952221
952526
952529
952535
952541
952542
952544
957780
959095
959368
959374
959379
959386
959392
962808
962810
963894
963895
963898
963901
963912
963913
963918
963919
963921
963922
963923
963924
963925
966396
966401
966403
966648
966846
966847
966850
966851
966870
966872
966878
966881
967180
967183
967187
967190
967191
967195
967198
967201
967202
967506
968665
968667
968860
968879
968881
970445
970703
970711
970712
970713
970714
970767
970770
970772
970780
970781
970782
971062
971074
972817
972818
976096
976098
976101
976104
976106
976108
976109
976110
976111
976112
976116
976963
976966
977898
978715
978970
978972
986923
997601
997602
997603
997617
997618
997619
997621
997625
997626
997627
997628
997629
997630
1000096
1001270
1003479
1003481
1003527
1003528
1003982
1003985
1011555
1011560
1011561
1011569
1011585
1011601
1011605
1011610
1011615
1011620
1011622
1011623
1011892
1011894
1011899
1011900
1011901
1011902
1011908
1011909
1011910
1011911
1011912
1011913
1011914
1011927
1011929
1016312
1016463
1016466
1016672
1016699
1016709
1016710
1016711
1016767
1017149
1017151
1017169
1017171
1017172
1017193
1017209
1017212
1017213
1017218
1017228
1017229
1017230
1017231
1017232
1017233
1017953
1018566
1019104
1019105
1020318
1020319
1020320
1020321
1020322
1020323
1020414
1020415
1024537
1024544
1024547
1024548
1024549
1024550
1025148
1025165
1025595
1025643
1025772
1025774
1025775
1025776
1025850
1025853
1025864
1025865
1025866
1026509
1026899
1026941
1026942
1026948
1026953
1026954
1026955
1026956
1026963
1026964
1026967
1026973
1026974
1026977
1026978
1026979
1026980
1026981
1026989
1026990
1026991
1026994
1026995
1026996
1026997
1026998
1026999
1027000
1027009
1027010
1027011
1027013
1027019
1027020
1027021
1027022
1027024
1027025
1027048
1027049
1027292
1392672
1392673
1392674
1392675
1392676
1392678
1392679
1392680
1392681
1392682
1392683
1392685
1392687
1392688
1392689
1392690
1392691
1392692
1392693
1392696
1392697
1392698
1392699
1392700
1392701
1392704
1392706
1392707
1392708
1392709
1392710
1392711
1392712
1392713
1392714
1392715
1392716
1392717
1392718
1392719
1392720
1392721
1392722
1392723
1392724
1392725
1392726
1392727
1392728
1392729
1392730
1392731
1392732
1392733
1399499
1399500
1399501
1399502
1399503
1399504
1399505
1399506
1399507
1399508
1406928
1406929
1406930
1406931
1406932
1406933
1406934
1406935
1406936
1406937
1406938
1406939
1406940
1406941
1406942
1406943
1406945
1406946
1406947
1406948
1406949
1406950
1406951
1406952
1406953
1406955
1406956
1406957
1406958
1406959
1406960
1406961
1406962
1406963
1406964
1406965
1406966
1406967
1406968
1406969
1406970
1406971
1410006
1410007
1410010
1415971
1415972
1415973
1415974
1415975
1415976
1415977
1415978
1415979
1415980
1415981
1415982
1415983
1415984
1415985
1415986
1415987
1415988
1415989
1415990
1415991
1415992
1415993
1415994
1415995
1415996
1415997
1415998
1415999
1416000
1416001
1416002
1416003
1416004
1416005
1416006
1416007
1416008
1416009
1416010
1416011
1416012
1416013
1416014
1416015
1416016
1416017
1416018
1416019
1416020
1416021
1416022
1416024
1416032
1416034
1416036
1416041
1416042
1416043
1416046
1416047
1416048
1416049
1416050
1416051
1416052
1416053
1416054
1416055
1416056
1416057
1416058
1416059
1416060
1416061
1416062
1416063
1416064
1416065
1416066
1416067
1416068
1416069
1421006
1421007
1421008
1421009
1421010
1421011
1421012
1421013
1421014
1421015
1421016
1421017
1421018
1421019
1421020
1421021
1421022
1421023
1421024
1421025
1421026
1421027
1421028
1421029
1421030
1421031
1421032
1421033
1421034
1421035
1421036
1421037
1421038
1421039
1421040
1421041
1421042
1421043
1421044
1421045
1421046
1421047
1421048
1421049
1421050
1421051
1421052
1421053
1421054
1421055
1421056
1421057
1421058
1421059
1421060
1421061
1421062
1421063
1421064
1421065
1421066
1421067
1421068
1421069
1421070
1421071
1421072
1421073
1421074
1421075
1421076
1421077
1421078
1421079
1421080
1421081
1421082
1421083
1421084
1421085
1421086
1421087
1421088
1421089
1421090
1421091
1421092
1421093
1421094
1421095
1421096
1421097
1421098
1421099
1421100
1421101
1421102
1421103
1421104
1421105
1421106
1421107
1421108
1421109
1421110
1421111
1421112
1421113
1421114
1421115
1421116
1421117
1421118
1421119
1421120
1421121
1421122
1421123
1421124
1421125
1421126
1421127
1421128
1421129
1421130
1421131
1421132
1421133
1421134
1421135
1421136
1421137
1421138
1421139
1421140
1421141
1421142
1421143
1421380
1421381
1421382
1421383
1421384
1421385
1421386
1421387
1421388
1421389
1421390
1421391
1421392
1421393
1421394
1421395
1421396
1421397
1421398
1421399
1421400
1421401
1421402
1421403
1421404
1421405
1421406
1421407
1421408
1421418
1421419
1421420
1421421
1421422
1421425
1421426
1421427
1421428
1421429
1421430
1421436
1421437
1421438
1421439
1421440
1421441
1421442
1421443
1421444
1421445
1421446
1421447
1421448
1421449
1421450
1421451
1421452
1421453
1421455
1421457
1421458
1421459
1421460
1421461
1421462
1421463
1421464
1421465
1421466
1421467
1421469
1421470
1421471
1421473
1421474
1421475
1421476
1421477
1421479
1421481
1421482
1421483
1421484
1421485
1421487
1421488
1421489
1421490
1421491
1421492
1421493
1421494
1421495
1421496
1421497
1421498
1421499
1421500
1421501
1421502
1421503
1421504
1421505
1421506
1421507
1421508
1421509
1421510
1421511
1421512
1421513
1421514
1421515
1421516
1421517
1421518
1421519
1421520
1421521
1421522
1421523
1421524
1421525
1421526
1421527
1421528
1421529
1421530
1421531
1421532
1421534
1421535
1421536
1421537
1421538
1421539
1421540
1421541
1421542
1421543
1421544
1421545
1421546
1421547
1421548
1421549
1421550
1421551
1421552
1421553
1421554
1421555
1421556
1421557
1421558
1421559
1421560
1421561
1421562
1421563
1421564
1421565
1421566
1421568
1421569
1421570
1421571
1421572
1421573
1421574
1421575
1421576
1421577
1421578
1421579
1421580
1421581
1421582
1421583
1421584
1421585
1421586
1421587
1421588
1421589
1421590
1421591
1421592
1421593
1421594
1421595
1421596
1421597
1421598
1421599
1421600
1421601
1421602
1421603
1421604
1421605
1421606
1421607
1421608
1421609
1421610
1421611
1421612
1421613
1421614
1421615
1421616
1421617
1421618
1421619
1421620
1421621
1421622
1421623
1421624
1421625
1421626
1421627
1421628
1421629
1421630
1421631
1421632
1421633
1421634
1421635
1421636
1421637
1421638
1421639
1421640
1421641
1421642
1421643
1421644
1421645
1421646
1421647
1421648
1421649
1421650
1421651
1421652
1421653
1421654
1421655
1421656
1421657
1421658
1421960
1421961
1421962
1421963
1421964
1421965
1421966
1421967
1421969
1421970
1421971
1421972
1421973
1421974
1421975
1421976
1421977
1421978
1421979
1421980
1421981
1421982
1421983
1421984
1421985
1421986
1421987
1421988
1421989
1421990
1421991
1421992
1421993
1421994
1421995
1421996
1421997
1421998
1421999
1422000
1422001
1422002
1422003
1422004
1422005
1422006
1422007
1422008
1422009
1422010
1422011
1422012
1422013
1422014
1422015
1422016
1422017
1422018
1422019
1422020
1422021
1422022
1422023
1422024
1422025
1422026
1422027
1422028
1422029
1422030
1422031
1422032
1422033
1422034
1422035
1422036
1422037
1422038
1422039
1422040
1422041
1423953
1423954
1423957
1423958
1423959
1423960
1423961
1423962
1423963
1423964
1423965
1423966
1423967
1423968
1423969
1423970
1423971
1423972
1423973
1423975
1423976
1423977
1423978
1423979
1423980
1423981
1423982
1423983
1423984
1423985
1423986
1423987
1423988
1423989
1423990
1423991
1423992
1423993
1423994
1423995
1423997
1423998
1423999
1424000
1424001
1424002
1424003
1424004
1424005
1424006
1424007
1424008
1424009
1424010
1424012
1424013
1424014
1424015
1424016
1424017
1424018
1424019
1424020
1424021
1424022
1424037
1424038
1424039
1424040
1424042
1424043
1424044
1424045
1424046
1424047
1424048
1424049
1424051
1424052
1424053
1424054
1424057
1424060
1424061
1424062
1424063
